-3.390149844280138103e-01
-2.877362474308471363e-01
1.000805125851511157e+00
3.647884422995106846e-01
2.500393120079650089e+00
-3.534987011802572798e-01
-1.323253473113358503e+00
-3.060669495485482283e+00
-1.376127578430160092e+00
5.120959082384513028e-02
-7.797030981259538418e-01
9.537264279186541405e-01
-2.093026909731987295e-01
3.683646030093907786e-01
-6.315102047706615540e-01
-1.015716425174166826e+00
-1.358353822246001208e+00
-8.874799699571873646e-01
-1.267676824135895775e+00
1.946153593330516518e+00
1.665150011835142108e+00
2.300105754630777710e+00
4.688729691348700435e+00
2.635530466991538923e+00
1.733296823807389808e+00
-4.611850623464811560e-01
1.187312939256524036e-02
1.117985496895756548e+00
-8.210180739530082983e-01
-4.999177234126690461e-01
-2.546940852934436172e-01
-1.029218882172121319e+00
-1.233374675646732727e-01
3.261740606984367963e-01
1.282182152491172733e+00
-1.083882582349641410e+00
-2.363218939773447325e+00
-1.849803627409930762e+00
1.050575018650202530e+00
1.590641093082870494e+00
9.210472751828990834e-02
3.908349311009199356e-01
9.096207641078734030e-01
1.464969430018987273e+00
8.803166852683861343e-01
-8.946693532493332768e-01
-1.653223192714696310e+00
-1.794125531164023624e-01
-3.910388857934251838e+00
-9.385221329959022585e-01
-1.193063688434196523e+00
-9.188722423519690707e-01
4.508432260596397789e-01
1.363838219364669868e+00
6.637661332227893229e-01
1.131347225870450002e+00
5.367118313870991031e-01
-5.334096685678032523e-01
-7.683610220414794911e-01
-6.957999066938257426e-01
3.632059838955236653e-01
-2.030177631676663541e+00
8.821469730601236847e-01
3.056267301113926749e+00
-1.145120170337817544e+00
-1.780060697317462637e+00
-1.505078105549094492e+00
-1.676356510448590242e+00
-3.386609524170292929e+00
-1.158657932909317179e+00
-9.411759320772513648e-01
1.593883432682502210e+00
1.179287698172322374e+00
1.478805080044605536e+00
2.703564768840335919e+00
4.425436045435924726e+00
1.982353823747768029e+00
1.285711321785928951e-02
-6.874649158946005700e-01
-2.146917865203656461e+00
-1.241784389320998327e+00
-2.828812327874469790e-01
9.735618327034860631e-01
5.246100332435369440e-01
-4.786353709804130885e-01
-5.087607146563004612e-01
-2.908050587842315737e-01
-1.671621483660602259e+00
1.004964027532545323e+00
1.910852569394322797e+00
1.991450971556409377e-01
1.861981134052565157e+00
2.716197851075760283e+00
1.842852423246519988e+00
9.220629392363913768e-01
1.784894220707331280e+00
8.350016738078314127e-02
-2.273371420842370760e+00
-3.079466203450100803e-01
-2.500070250325476806e+00
-1.389896917292767098e+00
-4.057175787854625071e+00
-2.870773506179277734e-01
-1.556046851402476117e+00
-4.780369795205555716e-01
2.260402076683838857e+00
-9.395246351392748663e-01
3.330836505030193573e-01
-3.216645916216055445e-01
-5.131987379209895089e-02
-3.065591415312137191e-01
-2.422928902493505454e+00
9.112159201560405819e-01
1.715098392909207181e+00
1.516667210481596140e+00
7.224793785941957536e-01
-4.471950979307335317e-01
-5.395804661607821462e-01
-1.803102916241066556e+00
-2.956603099678807300e+00
-1.484365923472491744e+00
7.740356735033993019e-02
-1.802497424254618341e+00
2.933932619765999839e-02
9.545727652193582990e-01
1.189559579849089666e+00
2.134111569377768802e+00
2.487783153692369797e+00
-7.360094497395112123e-01
-2.932686152587505868e-01
-3.772604808747481719e-01
8.268662572721613424e-01
-2.250090681317038044e+00
-4.457688764664189396e-01
-3.432336616748188352e-01
1.776901029343075589e+00
3.469472774221654676e-02
-8.612384806896767886e-01
-7.232270797627564640e-01
-1.350225584414501689e+00
-1.843291996092510043e+00
-7.969669774206833424e-01
7.130548497683103504e-02
5.156774054365368398e-01
2.972449546553528332e+00
2.128108620781363758e+00
1.276676920149269367e+00
3.179349965979823889e+00
2.102883990334291353e-01
-1.101080591724709956e+00
-1.850870054094611472e+00
-1.286124160388807613e+00
-3.115516180139439761e+00
-1.161363526816324265e+00
-6.509330693927111167e-01
-1.311098414889451780e+00
1.223365058570703295e-01
-2.150478549077234069e-01
-9.417291842334247765e-01
-1.219264078253862849e+00
1.673409080748970323e+00
-1.391569629762616334e+00
6.065524764191307927e-01
7.530347940919990268e-01
1.700057413457066513e+00
2.077290634905229361e+00
1.895047850585888538e+00
5.709441773114098950e-01
-9.949365706535890919e-01
-1.829905083249867115e+00
-2.774471692676720114e+00
-1.328019605197327646e+00
-2.137962360168377707e+00
-3.981129368161853699e-01
1.353392830361681343e+00
-7.749032118310621442e-01
2.956261833306244924e+00
-2.088655827629407602e-01
2.034026589115918160e+00
2.672303188943797814e+00
-1.071271005750479510e+00
9.220203304580318893e-01
2.044977604386764292e-01
-3.144783408545785974e-01
1.218431353272384721e+00
1.708454476590450799e+00
2.342877773287840526e+00
8.272136586081317855e-01
-2.413598060453658434e+00
-1.652242017176822619e+00
-5.087726237433707333e-01
-1.273856644511292213e+00
-1.336398940123750378e+00
-6.625575020906675494e-01
2.821685928046727687e-01
1.130234947533137913e+00
2.009596159075416111e+00
2.915219913863389856e+00
1.987040772235439512e+00
2.237538860778447436e-01
1.509135621818651907e-01
4.848665554508690967e-01
1.225510249003031182e-01
5.369794762311910219e-01
1.267296834980760900e-01
-7.382617478734240235e-01
1.730572030549837770e+00
-1.908642174516304024e+00
8.058397511809356484e-02
-2.459542494058637008e+00
-2.691508732677199589e+00
-1.940508918034097974e+00
-1.280434340387429648e+00
6.812241169466735080e-01
1.795647418954064767e+00
4.657588756343659320e+00
1.676053054750946902e+00
1.346489883449955016e+00
2.083650596881842176e+00
6.581204023858789887e-01
-5.959673678486853143e-01
1.058853804374519925e-01
-9.410745557394222249e-01
-8.700029766953814025e-01
-9.344840154730604809e-01
2.227628509958438641e-01
-1.734757557798904948e+00
1.068057658621547557e+00
3.010909191116125649e-01
-1.615401704770762226e-01
-1.226623920350214947e+00
-1.886916322184010397e+00
-1.377494042913109951e+00
3.264784874290830863e-01
1.563108011983454171e+00
2.534871159393901507e+00
1.050958214777903077e+00
9.573433491680648499e-01
-1.455315700654024269e+00
-1.027671086801492439e+00
-2.151912347668128334e+00
-1.659334360778607964e+00
-1.234219399840302600e+00
-1.715820226408028892e+00
-8.253159897739268391e-01
1.867013942198419763e+00
1.035468753770079298e+00
2.860455788703739621e-01
1.171764783531717091e+00
1.342500780732815757e+00
1.227026765697837085e+00
-3.687950106018404450e-01
1.745336851919586207e+00
-7.615047717999690047e-01
1.257548410682325368e+00
6.638607538961247556e-01
1.277308293212416679e+00
-5.442503805347816970e-01
6.551151119671516643e-02
-1.988787309527211278e-01
-2.956418533023608575e+00
-3.110271632780469808e+00
-2.279465176082169364e+00
-3.623856540097766255e-01
-9.435196776220259318e-01
5.581687616103169214e-01
2.432530951566262090e+00
1.616874213173955077e+00
1.229069899309196190e+00
2.781335317468104584e+00
1.380506613946981265e+00
-4.047575176675238806e-01
-5.645361344762825917e-01
-1.443029570541958462e+00
-1.583041310331807727e+00
-3.728616888273766916e-02
-7.985133440406851912e-01
-2.387865148310349406e-01
-1.066072103399457460e-01
-1.208903872532535839e+00
-1.473394214302794714e+00
-9.700558123734568383e-01
-3.546787399641921912e-01
-2.365310916115520856e-01
4.292170630325867764e-01
1.321165280856737567e+00
9.942634277246830132e-01
1.708503201115773473e+00
-1.339376705818238200e-01
-1.411233166768545599e+00
-1.646998965590821928e+00
-4.950067752405888921e-01
-2.465670772421332924e+00
-2.619990330808681378e+00
-1.331120644840814382e+00
5.335971413626059423e-01
1.910188274314567725e+00
1.098668535969251625e+00
5.139799480532233344e-01
9.645350781739800428e-02
-3.547374078904043104e-01
-4.327633471977990753e-01
-3.692868683586424949e-01
-4.584493718958801978e-01
-9.626883946588370433e-01
1.487531627564427916e+00
-2.323011310992564304e-01
2.913096717968824301e+00
1.387217917061591699e+00
-9.997739351953049969e-01
-1.358968304038378649e+00
-8.809862938273028687e-01
-7.383071188355283532e-02
-1.635266444570752986e+00
-2.224221897107494073e+00
-5.303963297911693520e-01
2.358976769409346919e-01
-5.583501002697688342e-01
1.018734870511381230e+00
-1.718304026660941730e-01
1.396532740218523472e-01
1.305309384313195098e+00
-3.319126915378144416e-01
-3.002406331131907136e-01
8.501389780840677979e-01
-6.781623167095840454e-01
6.895593180832173541e-01
-8.017065749610745584e-01
9.160552448244051460e-01
-3.587044813937917409e-02
-1.171679854614622762e+00
-2.157115531652910256e+00
-2.595934146543929621e+00
-2.387468565022077271e+00
-3.803724906828775953e-01
-1.014233579448980072e+00
9.728058006463162766e-01
2.556952830025881251e+00
1.908293046894056433e+00
2.857315684192776928e+00
7.370594886238512888e-01
1.130810797688804437e+00
-8.366541646364760165e-01
-3.504741694190179668e+00
-1.949389971025361934e+00
-7.474090559790607102e-01
1.431027994946954651e+00
-4.362707085884286462e-01
-1.191862050009104834e+00
4.991490817998153195e-01
-7.187634553294128814e-01
-7.608795635462310969e-01
-2.957221149096568302e-01
-9.540922182131856832e-01
-7.694121847794661573e-01
1.184996548788411097e+00
2.149930331301256548e+00
1.851704770445090853e+00
7.089373041064754855e-01
3.255834240565878002e-01
-1.209937660377409241e+00
-1.319192925808593930e+00
-1.115205342913974107e-01
-1.140073532371646436e+00
-1.105756102804169139e+00
-3.997521237397487770e-01
-3.419673472161723904e-01
-3.534868741405463033e-01
1.187014545767623441e-01
4.866514968508130479e-01
-4.060568308429435280e-02
-9.566334769362047075e-01
1.302391340020172095e+00
-1.586721332455496014e-01
1.156586732474244594e-01
1.137653282445007186e+00
1.026162588116990237e+00
1.051305458126835957e+00
-7.066659989908694595e-01
-6.248475293244469819e-01
8.632677393352877759e-01
-1.827162937914335039e+00
-8.049740951453961957e-01
-2.962628254178119036e+00
-5.362838546449879562e-01
-3.320023674176413309e+00
1.141600249379879362e+00
3.355047784712430481e-01
-1.434216261512055723e-01
2.391691457984999936e+00
-2.341281700651161035e-01
1.308730489490357307e+00
-2.100129432450744682e-01
1.962561551433764873e+00
2.561216304356799256e-01
6.652309450526903145e-01
-1.406897721526384926e+00
-1.600085649929334553e+00
-1.146642734592361990e+00
1.559176714163474475e+00
4.956333192319829495e-01
2.359279042814328431e-01
-1.768339425568199230e+00
-2.476905773754343620e+00
-6.397510907404669878e-01
-6.820202896774411050e-01
1.658915052392914369e+00
2.467523054555970319e+00
4.950623057505452174e-01
2.138901224118528344e+00
2.261342430951398974e+00
2.022291321621226601e+00
4.890589290357831298e-01
-1.155899689418719678e+00
-9.041985501292085781e-01
1.096221679822884099e-02
-2.313072137291717567e+00
-6.433430040462324584e-01
1.819281630259491189e+00
-4.744708627864890893e-01
-1.257429625078174684e+00
2.200798055664668906e-01
1.201093396456395679e+00
-2.169303145825129508e+00
-1.198814457662435995e+00
1.669307727290141763e+00
7.388140939795216910e-01
2.392517635014823174e+00
8.115986853648083921e-01
-1.963371473839230497e-01
6.363912490353352824e-01
1.460733245548822001e+00
3.218641269784816572e-02
-3.012514444193570284e+00
-1.227803366059847523e+00
-2.936424050071442693e+00
-9.330235442407954771e-01
-4.470779823676048759e-01
8.308593846089497303e-02
1.310232165315551311e+00
1.958199817850749369e+00
2.314776879533393394e-01
-1.879684323184103167e-01
3.979214764929072667e-01
-3.421443091761190436e-01
-1.101807225700417003e+00
-2.163491803410765302e-01
-1.761017703587339778e-01
-5.961742310334351425e-01
1.295137548817018036e+00
1.419474914556616341e+00
-1.712833916081283325e-01
-1.448736526518397127e+00
-6.405576229305798286e-01
-2.195648067610163068e+00
-1.632157426404845513e+00
-7.201145320685735651e-01
2.017225021911422722e+00
-6.138494565399408298e-01
9.035003020264431584e-02
1.922870827202693977e+00
2.883054691493018851e+00
8.141133538439171424e-02
-5.816405798768137236e-01
-1.296802116690880080e+00
-1.318516048833540122e-02
-1.492974528060855066e+00
-1.608098755143899439e+00
-2.223236116277871322e+00
-2.912169211814830683e-01
-4.900280321579818521e-01
1.149498059803435224e+00
-1.544256731146055550e+00
-4.591182939207758551e-01
-2.703510224439916954e+00
-3.358122151027754798e-01
-6.385405683512266339e-01
8.453177568037644196e-01
1.389976901315290725e+00
1.159348559374234311e+00
1.366971349351808307e+00
1.443053711956440166e+00
2.337174181912984761e+00
3.988830845453448237e-01
-3.872915393710785192e-02
-1.494329668710377534e+00
-3.623375811450891160e+00
-4.626487730385246966e-01
-7.781690497405002738e-01
-6.834964091497507388e-01
-3.375062037465620390e-01
1.555451204087876516e-01
-8.860847739754339480e-01
1.273654074193670827e+00
-3.734492437778672569e-01
-2.560190230203397421e-01
7.359585500243323031e-01
-4.701743073713886556e-01
1.422686900134717547e-01
3.898453591371400240e-01
-2.597996008670377943e-01
1.937077360293982808e+00
-7.897719473408798541e-02
-1.788870863742876960e+00
-2.210936845498665981e+00
-1.664962234693211141e+00
-1.636568838086096322e+00
-3.015023500487288288e-01
4.166468198615613794e-02
2.213513002542688568e-02
5.691094049511861153e-01
1.671869027433812604e+00
3.691557460759562481e+00
1.208453737620203139e-01
-3.566791625937033583e-01
7.441259042317250882e-01
6.860172816910445892e-01
5.687674255549719504e-01
1.862017371679498323e+00
6.899431455057024598e-01
4.387243954008555602e-01
7.686158575028195772e-02
-7.943653060362022567e-01
-1.351998355342016733e+00
-1.837988940728251697e+00
-1.400363453668524993e+00
-1.440316060471828807e+00
-1.019063528526009454e+00
4.884496383516151452e-01
3.616330056664731618e-01
1.614373084324406182e+00
2.236804969252419895e+00
1.787209631433938739e+00
1.192720315283843036e+00
-1.083623078849343946e+00
1.757613993467896929e+00
-6.186276695459536068e-01
2.275293463952353656e-01
-2.187497562229354098e-01
-8.274918390041610117e-01
6.520085626568452586e-01
-5.974953917183821739e-01
3.293536282260902670e-01
-3.005756785487667671e-01
-2.946872844722771223e+00
-4.712358962994194211e-01
4.460490273289086094e-01
6.403862168758732709e-01
4.508167389901599487e-01
1.297098595494561080e+00
2.403284501056095035e+00
2.272001237836681398e+00
5.040906843351193878e-01
-8.839773283855847374e-01
7.054546534391991086e-01
-2.377631525992522477e+00
-1.481220262253578390e+00
-1.933345579811108106e+00
-2.115148848053644670e+00
-2.255287653188329244e+00
1.439128832509460332e-01
6.085756194928465534e-01
2.555919828898274293e+00
-2.490535319576658857e-01
-4.964636002534966175e-01
1.200510511629452992e+00
7.277405490862673965e-01
8.060331193204839373e-01
-8.263394398897967452e-01
2.104254914820123723e+00
1.313906374298670077e+00
9.189933221819901465e-01
2.337095762486076644e+00
7.782488332016229693e-01
6.702602008539674250e-01
-1.518534222103772091e+00
-1.542547788695661781e+00
-1.846067532095719388e+00
-3.718378313870670304e+00
-1.187626571116443319e+00
-2.198099171436440624e-02
1.329825240629767258e-02
9.165632483243983941e-01
4.291560484327067160e-01
6.309537159360374403e-01
-1.088001739796359724e+00
-7.867546093989645772e-01
-9.724471086744591597e-01
-2.207422411626944886e-02
3.896696290420627040e-01
2.576417595440482211e-01
3.224127377205359135e+00
-4.458047574809536062e-01
-1.151125271550121676e+00
-2.074436104824381122e+00
-1.545988687471116396e+00
-2.656349438120884088e+00
-1.753986502516492907e+00
-5.077933438979965741e-01
-1.732007096955222369e+00
8.719557120081639079e-01
7.614929096346380044e-01
5.731279907606545709e-01
1.246053768652155114e+00
-2.510132802637765614e-01
-1.659080328083932243e-01
1.011741764291297807e+00
-2.298434086112517427e+00
2.215886151790746883e-02
-1.271222212455478839e+00
2.010102933970284722e-01
-2.292693208162076002e-01
-5.973842360392400685e-01
-2.945615862888789627e-01
-2.305624995826788926e+00
-1.838398265815567534e+00
-5.042738402775910345e-01
-1.006733910440886559e+00
2.927717375616274986e-01
3.285039541401831187e+00
1.223926376633769575e+00
2.588349017348686054e+00
4.620822711037104735e-01
1.888770750672843279e+00
8.755107352077436955e-01
-2.479505785883102387e-01
-9.647599284580252732e-01
-9.588797231939966137e-01
5.743882665873245585e-01
-1.790897904571539856e+00
-4.524254301342308660e-01
-2.059148477161271806e+00
-3.021319967671054485e-01
6.170219943180101918e-01
9.223198335412439164e-01
-6.184591701038196776e-01
-6.860591757204421715e-01
-7.711573168520285959e-01
-9.493745934893458305e-01
4.735460618758432494e-01
2.199146171883521461e+00
4.253314807328397729e-01
5.456370584890640751e-01
-5.723727680423308373e-01
1.525364278462108425e+00
5.365483106934983981e-01
-4.026956094414213538e-02
-1.484714645916855869e+00
-9.205232928227562450e-01
-1.654336405017703848e+00
-9.919087505898569468e-01
1.471592681737180053e+00
1.872538174905315156e+00
2.300383832129090145e+00
1.690526745234695927e+00
6.876172094585027983e-01
3.071844672851301583e-01
-6.525663074394626451e-01
-1.310214572337812911e+00
-1.099333228886261310e-01
-3.523084047478224345e-01
7.479007394859813473e-01
1.851621017693143800e+00
-4.106881848452675898e-01
-3.515495387141272521e-01
-1.006370973972124272e+00
7.714373103722427238e-02
-2.958550025571800024e-01
-1.731672808563417210e+00
-2.074734590274328383e+00
-4.921400703287840961e-01
4.381470451263630439e-01
1.309546283758895147e+00
1.960250960364420036e+00
3.158553242310840226e+00
8.071554770625577468e-01
2.967437544314177056e-01
-4.457132677010172128e-01
-4.105775962995698580e-01
-2.820328884206207976e-02
-8.790740243702407364e-01
2.170638590840867632e+00
9.731748511185001060e-01
-7.502075194357372689e-01
7.568713728587763701e-01
3.330697377999499720e-01
-7.891810588552699013e-01
-9.358680958738058164e-01
1.913738309986068975e+00
-9.929300255316333423e-01
-6.430774908512506549e-01
-2.859439080579438408e-01
1.270169551615861980e+00
-4.044749384713620111e-01
1.656942283134339722e-01
1.808360172294986301e-01
-1.521960156366504169e+00
1.164075741146603171e+00
2.748602751330428418e-01
2.275566049718490635e+00
1.622460744232085902e-02
-8.838112374925551074e-02
-3.976715944293170851e-02
-8.481547403767929483e-01
1.574861658952487753e+00
-5.715097419884508367e-01
5.284106937101823442e-01
-1.113796918256616808e-01
-7.095741702419054997e-01
2.629006773087643190e-01
-1.406626737422295603e+00
-1.526715806543291087e+00
-9.105923123555941245e-01
8.447528917287803196e-01
1.618038085540137241e-02
-2.529680246197153481e-01
-1.245848152207105208e+00
6.992782128882192305e-01
9.454627750554307486e-01
1.763841693769713670e+00
2.014653285816002892e+00
5.699714783970368792e-01
-9.732569456162136756e-01
3.139754648125736014e-01
2.547748279328371446e+00
6.595270390299643459e-01
-1.559143028368255690e+00
1.874288087520433299e+00
-9.169646285563251009e-01
-6.700695038059039099e-01
-1.746120424796338000e+00
-1.485045171221502480e+00
-1.973686291336253507e-01
-2.114063393284756120e+00
-1.705079462480513675e+00
6.711779702658000890e-02
-1.038271820900110998e-01
8.373831274666270197e-01
1.629001252514921783e+00
1.853350000155006283e-01
-2.747771603196233148e+00
-7.931562165317950219e-01
-1.887198406788328717e-02
-1.631677862114317978e+00
-1.058578367321367925e-01
-1.259939559966280154e+00
1.525243832130865340e-01
1.219734672649537277e+00
-1.597332589173316997e+00
-5.373848816410017187e-02
6.798115996327929178e-01
-1.034154538629139392e-01
-4.310356371245268048e-01
-4.030003871250929515e-01
4.498336377682224385e-01
1.387405499871073866e+00
1.440817741323693613e-01
-6.507268170474356239e-01
1.192901646800405668e+00
-9.086980648762763568e-01
-8.073805851232669362e-01
1.218336859071281753e+00
4.846719024109104601e-01
3.871591013740197651e-01
-4.658065527266085915e-01
1.186493259766230324e+00
8.540066804100689968e-01
1.234029222300927930e+00
1.495364594944600667e-01
1.596905823502176247e+00
9.375902758626240840e-02
-1.220984328070710223e+00
9.167387980949169846e-01
-1.515926756614855098e+00
3.956193450927856237e-01
-3.295227816502723783e-01
4.019548267971096989e-01
9.666947680386320796e-01
-5.687777662720593375e-01
1.845993376658345841e+00
-1.892655887084192745e+00
-2.503792328889562976e-02
-9.958793785400746890e-01
-1.397975952549414869e+00
1.196854441630116783e+00
1.322330794144765953e+00
-1.126304775462756202e+00
5.212224849828900330e-01
-1.427821311281088912e-01
5.350366449267888180e-01
7.096212748720408525e-01
-2.341632601472521669e-01
-4.498944501912618410e-01
8.505772349930930121e-01
-1.136503875983279288e+00
7.178496603040733781e-01
3.782122238875188502e-01
-3.133133879216200013e-01
-5.491781641836218641e-01
-2.322292893328699037e+00
1.409814727074776952e+00
-8.404105379209919624e-02
-7.297394670990339227e-01
-1.116300458482781588e+00
7.981784328002359263e-01
1.487621409320053711e+00
6.037025468506900250e-01
1.008658434707617291e+00
1.555887295311356860e-02
4.964144778792278223e-01
3.352672352469028838e-01
-4.012076999898216978e-01
-2.125099473720883925e+00
2.224586351184836275e+00
8.327269353492057491e-02
-4.761014060548778293e-01
-3.992138989998124665e-01
-1.126110296712549280e-01
-1.383967619555860118e+00
2.424725300780584125e-01
1.623426100422598051e+00
5.534107637395986323e-01
-2.151881364977048516e-02
-9.147933667665114621e-01
7.222097111332383967e-01
1.761466524524399668e+00
-4.128217341618548586e-01
1.616734583365612293e-02
-2.850792765655527083e-01
4.216631894457916752e-01
-4.836916485186062986e-01
1.642844171432243996e-02
1.100720003601555419e+00
1.016948176096879930e+00
1.602699391858997346e+00
-8.092114928615891101e-01
5.773224159307992487e-01
1.899122942793187718e+00
-1.128482002219236974e-01
4.249380524976404394e-01
2.476834460493784404e-02
-4.593634785304314128e-01
-4.258137592075567079e-01
-1.426541015014799463e+00
-1.028606781715287299e+00
1.308633684623691673e+00
1.954328482994775462e-01
2.053858452355624475e+00
-4.371526605183193026e-01
-4.487214703541034244e-01
-6.976220386555002095e-01
6.707016439398152396e-01
-1.366957841239638816e-01
-1.410055140393300932e-01
-5.464997976564384130e-01
-2.261932693265767125e-01
-1.379188006964579882e+00
-5.611725759976931016e-01
-1.683013582135416131e-01
1.940358953279952559e+00
1.449857576191390385e-01
7.827799388530680691e-01
-2.648388234513033290e-01
-1.058481027338717739e+00
-4.061304036023843378e-01
5.525278139083282802e-01
3.906315896964752676e-01
4.230307823098223424e-02
-6.124024893312454143e-01
-2.225882180186102843e+00
1.112007221427434356e+00
4.261573312129971480e-01
-4.800561944112635704e-01
2.113002728633229133e+00
2.008910949433676818e-01
1.139564376766778603e-01
1.179445879975717926e+00
-1.252374472442979725e+00
-8.520527017555605820e-01
1.488248174206872054e-01
1.519105808622715825e+00
1.056276639014889218e+00
1.801797403064022474e+00
3.745473669425650187e-01
1.309581344349529664e-01
-7.030509345690415524e-01
4.571756408868011268e-01
-3.456264203392473977e-01
-1.009299201143820483e-02
-6.582187344063176182e-01
-9.365984919489764859e-01
1.366321707517434536e+00
2.394881712701544818e-01
-1.602987697586070404e+00
-4.544775337870698984e-01
1.047750819815804979e+00
-5.405619624564091952e-01
-6.299757962222624075e-01
2.608127053000282469e+00
-6.767553085001364321e-01
1.111696687688014551e+00
-6.028780403096261065e-01
-2.043249670367383253e+00
-6.850881288317293150e-01
9.676181058577083549e-01
5.280109796755282359e-01
1.044931444148777366e+00
1.022802591407778738e+00
-1.638565056484271976e+00
2.574551401893151459e-01
-5.061869447433762215e-01
-4.650826070060132267e-01
1.493355220826599883e+00
1.217530633078891089e+00
2.351815606296086880e+00
-1.393832101224182995e+00
2.783887199878613550e-01
-8.712667761603508643e-01
6.884314964101270196e-01
-5.705049190030303530e-01
1.047438086494383302e-01
1.377754339775407955e+00
1.037744310604054476e+00
1.453663220932042976e-01
1.553235321778189126e+00
3.216525116229787540e-01
5.323363472875323327e-02
2.438937256494228822e-01
9.655677312929550338e-02
-5.916655170032919520e-01
-9.560116247452853377e-01
-2.181744496156583779e-01
5.427562929873401831e-01
8.227633966835494750e-01
-7.225445001961698921e-01
-7.627721880815649946e-01
1.392133179108751451e+00
-7.746975328806081362e-02
1.576414381696315870e+00
-1.086527619363917507e+00
1.965894036559970415e+00
1.753228073734685921e+00
-1.807301750720178291e+00
-6.672004851750655829e-01
7.150796975310518278e-01
1.375868614882153729e+00
-1.546874418716313926e+00
-7.610486724152390470e-02
-8.016699146371183415e-01
1.040278668921424732e+00
-5.087235848849911424e-01
-1.229219054337915340e+00
1.317290552248819302e-01
1.623282183272228840e-01
1.503252297370414103e+00
-2.380954518430116185e+00
-8.653169368321667054e-01
9.206219542329853178e-01
8.924092344828745693e-01
4.499228675718073833e-01
4.174198144105486508e-01
7.238505274923597022e-02
6.708244215590811743e-01
-5.559099623200552953e-01
-3.007362098890055679e-01
-1.128374305933701471e+00
1.421147671037877869e+00
2.827106219330695613e-01
-7.662957305657036589e-02
-1.201532996435773770e-01
-9.534179242474826177e-01
9.594212858677314548e-01
1.075147298924489014e+00
8.804799488475342217e-01
-1.852186761632126144e+00
-1.275693038690344783e-01
-1.780601079601429992e+00
-2.209427454906258415e-01
2.756746472543480042e+00
-1.158617819240743474e+00
9.367873410239410115e-01
-1.599918724401665493e-01
-1.096381641887263170e+00
-1.217571314800850679e+00
-3.780622057553493787e-01
4.672254239279295396e-01
-3.311325192010997620e-01
3.392260792594588292e-03
5.980799111339288876e-01
1.100624598825074241e+00
-7.624188899066378644e-01
3.346904610436806093e-01
-3.075112084848907190e-01
-6.199487177692180051e-01
-6.151433993079643558e-01
-4.954638938221304634e-01
-5.911821054718030544e-01
7.302894554646761627e-01
-1.651131990526792936e-01
-1.280005142016549469e+00
1.740040296004415010e+00
6.643743285530659959e-01
-5.293914417608812650e-01
8.637401511316782354e-01
-7.809616436493846958e-01
-1.866220228316924912e+00
1.918293467871658997e+00
1.363754414072085863e+00
1.134028974963891212e+00
2.416732863597079173e-01
-1.045855627095022777e+00
-6.778533104334613091e-01
-1.213541464335338382e+00
6.080872185218784143e-01
1.277864661851429773e+00
1.148722863645174508e+00
-1.537438336261487848e+00
1.618994900471790732e-01
-4.563180399975600987e-01
-5.259761911889231367e-01
-1.092066197328462884e+00
-5.794030352490960878e-01
7.659729989640647052e-02
-5.836215997198028749e-01
1.275345089522490205e-01
-1.756392260185830834e+00
-4.364788970044209404e-01
-2.191991150842000080e-01
2.734621412840081423e-01
-4.555622642806603229e-01
-1.655226021491145449e-01
-4.308034762175388943e-01
-8.855175750326185202e-01
8.069526389108822029e-01
1.778486466321096859e+00
1.207528279200998922e+00
-1.831248506983050639e+00
4.914910557841186134e-01
-1.877171969568533216e-01
-4.462257414726285565e-01
1.022117287608554248e+00
-1.693629444658721228e+00
-2.478715069632609833e-02
-2.024465740853159001e+00
-1.885337480063883353e+00
-7.007599570101357145e-01
-1.959559116446313531e+00
-3.110411073604343185e-02
-8.183040426857763894e-01
-1.743655106466899474e+00
6.601952309838780009e-01
3.937553327878388076e-01
1.010867179160266360e+00
-1.022064247644111745e+00
-1.824461887932635085e+00
1.344132870500346799e+00
7.861573660231054861e-01
-4.361683562168484074e-01
-4.008646337188727649e-01
8.169961007270022391e-01
1.113513697966403093e+00
-1.408269195393713424e+00
-7.410844395766292836e-01
1.055148026493397895e+00
5.599347512541217320e-01
1.673924926107533517e+00
-1.328164931165910501e-01
-1.497338831647609281e+00
4.336959261886716432e-01
1.375887310434570132e+00
-2.265681596996975133e-01
2.471282748398477558e-01
-1.380301526888934871e-01
1.055224307018523877e+00
8.905955154224862724e-01
-1.988876324608547463e+00
5.451606000868683966e-01
1.270835327807197546e+00
-3.330415397710559389e-01
-2.111947404432823028e+00
4.203232806986753611e-01
6.003535654343967326e-02
-2.049804325567805285e-01
-8.208996604942874198e-01
-5.286886338559523280e-01
-6.161074773188899290e-01
-9.822402073735535533e-01
-1.392378687093066114e+00
-2.713598853762202653e-03
-1.311296270136779407e+00
-5.727826500298428547e-01
3.684635694267600070e-01
-3.390927126231985111e-02
4.899092566557981532e-01
9.241234320977832761e-02
-6.293388672967491493e-01
-8.099404868746989949e-01
1.579928419308938681e+00
-1.495457069998899158e+00
-6.105075717046209993e-01
9.739090501335344596e-01
-2.021915483555657644e+00
-6.837552504167606626e-01
-4.207556166984639523e-01
1.176663749247449653e+00
-1.557085586865409876e-01
-6.539472818938104615e-01
-4.613104948613658829e-01
-6.590172393189415445e-02
-2.699435813092793679e-01
4.971886886270590611e-01
-1.468257984191715382e+00
-5.996368346511976588e-01
1.569859024652989099e+00
2.984544000799713714e-01
7.181738084174291714e-01
-4.526122507180307952e-01
8.816283390512134055e-01
2.876795810859257840e-01
5.084786227276700821e-01
-1.932988118827370538e+00
-1.619747961361791555e-01
-1.255712121655510327e-01
1.861846695016624142e+00
-2.720261111016259448e-01
-2.476534205718800841e-01
1.525278226392135783e-01
-8.907346408258328685e-01
-1.662869112013246886e-01
3.436884013673620064e-01
1.123152099724611608e+00
8.830480892023468975e-01
1.129447566664417257e+00
-1.380098858508779447e+00
-2.905164170061513840e-01
2.936770554731714111e-01
-4.915674998637137305e-01
1.336285505675590679e-01
-1.092781089402270922e+00
1.243728242338413725e+00
-3.426538485789444588e-02
1.312373389806558821e+00
-1.163025050490331447e+00
-3.657314481515787363e-03
-8.269754741137218534e-01
-5.939116980539420609e-01
-4.417039612499043533e-01
1.131831230418687051e+00
8.322821993240752114e-01
1.410354160351539710e+00
1.230177962938802327e+00
-2.742151461822915359e-01
-4.773655475321867403e-01
-1.633731304941474782e+00
9.240806232567135847e-01
6.438704403537288679e-01
1.364838447220511952e+00
1.544115655520375205e-02
6.683250782668362922e-01
2.294490000649276329e+00
-3.903419299345086135e-01
9.744970442876003114e-01
5.627365469275460441e-01
-2.027495103468165194e+00
-1.136169062943229280e+00
-4.478963739731444127e-01
-5.907563060781859665e-01
6.111749139134047271e-01
-2.166727084241614865e+00
-1.831227250009652696e+00
2.889024229056227355e-01
-3.258933370101362859e-01
-6.091122739138533637e-01
-1.314393281587509899e+00
7.501976445026259377e-01
1.173982824326952751e-01
2.157538423944452610e+00
-2.159761315911785939e-01
-7.713561448836422363e-01
6.280453822104203887e-02
-5.042784170238043817e-01
-4.982139380920735383e-01
4.773362794054158420e-01
4.679365122645411934e-01
-6.558061104670713792e-01
-4.398702737079641656e-01
-9.328640804763081995e-01
8.071092371892648609e-01
-2.476888995126987902e-01
1.518725290521911964e+00
-1.980116884333531946e+00
6.098901721583963598e-01
1.142705702282474034e+00
1.990271872064745540e-01
1.066090142998816104e+00
1.348437433340242242e+00
1.285935723152084875e-01
7.934751898073559850e-01
-1.650779327775233174e+00
-1.457868462673943544e+00
-3.190818829641427490e-01
3.496132578240154221e-01
-3.387668484779042255e-01
-3.286879670222467853e-01
1.105223302322194234e+00
-4.306632004335170932e-02
-4.464139318777324283e-01
-7.534144792148413268e-03
-1.321245684693357125e+00
-2.005385861464449582e-01
1.647147727768002445e+00
3.187381268931219896e-02
7.677015462957283987e-01
-2.227053972122822412e+00
2.444062194811696398e-01
-1.113808332203473972e+00
-7.676182964721951496e-01
1.249933282545773627e+00
2.477258002008353721e-01
5.694452351998652295e-01
5.695205051818057473e-01
9.460143174640193164e-01
4.173620615087950680e-01
4.272574233127453269e-02
-2.043648689229469628e+00
6.038674384073475787e-01
-6.291030487957144368e-01
1.236225000753520931e+00
-1.330479916280912889e+00
-2.081330658548410817e+00
8.932813764096489972e-01
1.484692190572781401e-01
-6.302686136726820543e-01
-1.757239931629770435e-01
-2.447354287462039646e-01
-8.607229214826022101e-01
1.144475869742814789e-01
2.041019337487160357e+00
3.581191552116743115e-01
-6.325925635473828024e-01
-3.087217259485312004e-01
-1.616358558705974779e+00
7.650950509235768249e-02
-1.680346220839884941e+00
-8.071550764763589791e-01
-3.780103287962558456e-01
-6.822276034993254301e-01
-6.900376862816435253e-01
2.430765721927480583e-01
-3.390301748846214491e-01
2.118230119643182974e-01
-1.354775120977523839e+00
-1.288535158981273521e-01
-1.419075856420325632e+00
4.098402026101523599e-01
-3.891423171601611219e-01
-7.456685146114716556e-01
-4.734458981021263391e-01
1.780169370936590889e+00
6.078045138354971899e-02
-2.236712778426080614e-02
7.913446111221775769e-01
-9.064658549907501639e-01
-1.536931686318737222e+00
4.218019816427278634e-01
-9.319224771150895759e-01
-5.824307325755030407e-01
-1.423141402223765117e-01
1.119692350510936185e+00
-2.958944344242768754e-01
-1.499498958405394711e-01
8.722240761394083330e-01
1.808468398539831323e+00
-4.730725039746002114e-01
-2.063541672857487352e+00
1.170892932435006140e+00
3.217665045800910395e-02
9.435993032111951173e-01
1.585422585845976950e+00
2.631622993094376639e+00
6.031768321015394951e-01
4.454251374308584310e-01
1.913789409794692364e+00
1.185995663179291171e-01
-1.813749827092974165e+00
-1.636092111938834526e+00
1.851633370076755103e+00
-2.553504803674509493e-01
1.050437203244641848e-01
6.859781646617298112e-02
-4.494314061575818697e-02
-3.615317882420345241e-01
-2.080505456775437967e+00
-6.498773442204264228e-02
-1.954613482148194858e+00
-1.635373940400395298e+00
-1.733674678945443359e+00
1.843001658114157948e+00
1.509615897042021926e+00
2.562491821075675524e+00
2.358000167473598196e+00
1.179621781316081197e+00
1.080764418347316846e+00
-1.181737605544785241e+00
-5.485338532779138188e-02
8.267330673880226577e-01
-1.924615703107276810e+00
-3.362001760793247307e+00
-1.996898362334485588e+00
4.619229267046685017e-01
-6.646536873173909399e-01
-1.077596046722896439e+00
1.737482747436706276e+00
7.402775276762880718e-01
-7.579213719733541854e-01
-1.117566305274513838e-01
1.748652014919567677e+00
-7.060016162067462853e-01
7.123051086396677833e-01
1.670217614765278524e+00
1.984705169358205179e+00
1.658078045692273239e+00
1.647656727278451694e+00
9.699615039028208763e-02
1.007315140063258951e+00
-5.983157577179971653e-01
1.392791612930923906e+00
-3.772765685630951715e+00
-1.847054110101705504e+00
-2.285849062894829142e+00
-3.435917895866303695e+00
1.865322201033253746e-01
5.072677324950101152e-01
3.370161479738492671e-01
7.279891793330470762e-01
-3.603900588656059334e-01
6.917357241032366932e-01
-6.606474008776177520e-01
7.984740641591254739e-01
-3.189176894972309273e-01
2.269387635867862185e-01
1.101691854953856353e+00
1.116493890810545730e+00
-3.477361238733603921e-01
1.751211844281558738e+00
7.972057882285550345e-01
-1.364187086495118884e+00
5.811909912187087635e-01
-6.117240256196201376e-01
-1.180666390432807633e+00
1.479682344717621501e+00
3.131261478784865826e-01
-4.986523808251175360e-02
-2.598706770662961296e-01
3.446771927717841022e-01
2.125672609612389241e+00
7.651001699264763367e-01
2.932714842440752978e+00
9.210048353269276733e-01
1.873621520969464438e+00
-1.447613964186100777e-01
6.238817224430154296e-02
2.650136848445232562e-01
-6.460337624523009303e-01
-3.523937768412921390e-01
9.901524274473857412e-01
1.661940080528340857e+00
-1.286878142011079751e-01
1.835492906925851209e+00
4.983116104064720941e-01
-3.717048008843896745e-01
-2.128375116046350435e+00
-1.821971499782255144e+00
-7.169288796197738067e-01
-2.098946603336970362e+00
-3.307041922923430466e-01
-1.073211854062568138e+00
1.333801992463589103e+00
6.187439098251703573e-01
7.689365887215688922e-01
-7.774482395373571997e-02
7.560809424580376970e-01
-7.890739900472109047e-01
-2.822843697535434293e-01
-4.055724826350932677e-01
-3.171547833133637084e+00
-2.695041246454772832e+00
4.528642023696403118e-01
-8.217900461129318268e-01
-2.887696309736698663e-01
-2.113579611046377815e-01
1.853673629510865783e-01
-6.938896658809675655e-01
-1.552533725415704002e-01
-7.318878941185223974e-01
-1.233818855198997477e+00
-1.155418393266275601e+00
-2.332557472417814415e-01
8.008255722655057696e-01
5.863795205892773366e-01
9.154805106707708529e-01
9.531746313820695926e-01
1.706776755283792912e+00
-9.029133828836215514e-01
-1.671717821297328488e+00
-1.156380489475596240e+00
-1.186418887891972584e+00
-2.166921118879002517e+00
-1.403248537223129366e+00
-6.624670645021907278e-01
9.965225614094894713e-01
-1.670820310771279793e+00
9.676333709863631505e-01
1.119160116062911658e-01
1.092107607256432411e+00
1.066970501494896251e+00
-7.221468889623400278e-01
2.013745247678757622e-01
-6.614700732161511443e-01
-2.327947108262435005e+00
-9.551033319793282850e-01
-8.392242301414867267e-01
-1.486455766115120647e-01
-3.567800853069718059e-01
-7.892976662131158117e-01
-1.022940851205525803e+00
-1.141851231802398114e+00
-1.922692414046967668e+00
-8.193246902419965005e-01
1.891638687538870212e-01
-2.165111855926209916e+00
1.351704701301314815e+00
4.601533606837159840e-01
3.058088528463222655e+00
1.960289713324027794e+00
3.232233070770035965e+00
2.806724234458931821e+00
1.037297225372493248e-01
1.050386330169752691e+00
-2.231268462305351086e-01
-1.117038726650521729e+00
-1.032030444011197812e+00
-2.528639363505444937e-01
-2.027819912211552555e+00
-7.652132583069396476e-01
9.086230609895451504e-01
4.665761930825374493e-01
1.500121462788686078e+00
6.715119456239388995e-01
-9.431944353506824807e-01
1.410930886602426160e+00
-9.024590589899276205e-01
-1.398649577841212466e+00
-5.533951402993345647e-01
1.142645002428741119e+00
1.113264749575647805e+00
6.465412562720207479e-01
2.580367172364840034e+00
3.048972099437737615e+00
1.433042867454153768e+00
1.825609400635789248e+00
-4.040701941298245892e-01
-1.141342883890594351e+00
-2.341923527418300122e+00
-1.959971243720001643e+00
-2.943806626457672326e+00
-1.452216214712203524e+00
-6.621022506189617740e-01
1.608991990819925444e-01
2.523506392183307412e+00
1.154303618095225303e+00
-7.371554942595970328e-01
-2.126527855477168272e-01
8.015890419674071010e-01
1.180633209457761623e+00
-1.574261214856463198e+00
3.898679266468129678e-01
-1.340801337451845043e+00
2.315443692864149305e+00
1.383402501851789257e+00
9.727185021138770038e-01
1.269418390614834857e-01
1.145270590088360851e+00
3.245984346683836730e-01
-3.139952843439358432e+00
-9.781686803184697077e-01
-2.372178585171328180e+00
-5.832568563013288410e-01
-1.349360976051001693e+00
2.696157391195384001e-01
7.052346022033508799e-01
1.245941283454590431e+00
1.737559747108546881e+00
2.200823500204369232e+00
2.731693907014137501e+00
1.603945278843311062e+00
1.486610833613985216e-01
-1.184132663199145341e+00
-8.255915378829115081e-01
-5.581014945741153976e-01
1.264265861349573639e+00
8.127325835706262769e-01
8.243467042317836890e-01
-2.044496214799501832e+00
-2.205983026833994720e-01
3.536794170397159487e-01
-2.848696113653156559e+00
4.461090770120890170e-01
5.335285803921967496e-01
-8.132574583761628118e-01
1.626837726337651446e+00
1.997001877904680089e+00
2.144826164175874350e+00
1.653065939255718764e+00
3.100054293981028941e+00
4.351149968126446499e-01
1.898662435471641707e+00
-1.774176885302558571e+00
-8.128069889752558286e-01
-1.787448515305537500e+00
-9.681593546106266324e-01
-1.760923570083098300e+00
-1.514655947199130992e+00
6.438478340408959610e-02
2.351210768960132036e+00
3.478759861641740891e-01
4.673511603898360400e-01
5.671714801472629297e-01
-8.354481234135264778e-01
-2.046241717141414451e+00
-3.698878109965798577e-01
2.951119688426129817e-01
9.881732958678812739e-01
2.362516394097717853e-01
6.183746175651183563e-02
1.880871490411700542e+00
1.339679863877026866e+00
-3.406450179248239341e-01
1.237058013360357256e+00
-6.595485522979366300e-01
-1.135299681736422261e+00
-1.224385041317367362e+00
-3.868503152513800281e-01
-3.110094729832309390e+00
-8.827635859250313466e-01
3.435746258396978337e-01
-1.805058047535152976e-01
1.548343145588098047e+00
2.756054546604562283e+00
2.300977071688246056e-01
9.642561218359499975e-01
-5.455466005701434806e-01
-2.398593168459546843e-01
3.764655726447582174e-01
-3.779613610466749929e-01
1.134133356861772857e+00
-5.214624771738156639e-01
1.349309944934756533e+00
-1.149449222167274298e+00
-7.485922024301914224e-01
1.569500967301080130e-01
-9.833006151963690211e-01
-2.985574702135735059e+00
-3.098682281893495372e+00
-3.980992882848845227e+00
-1.878876203723236049e+00
-7.693228991427520924e-01
-1.167250185729301837e+00
1.244412731747477796e+00
1.360891721743086036e+00
2.558568356359120166e+00
1.870516776603579068e+00
1.106416386332170543e+00
7.059322861832807439e-01
1.368853354656529575e-03
-5.890629519018086846e-01
-1.146296581863375241e+00
-1.451270143438296856e-01
1.152525713931671580e+00
1.048204480093234636e+00
-4.276889593156610325e-01
-5.691996423356516788e-01
4.735024471380706590e-01
-5.028263476219541062e-02
7.267232430361310058e-01
-2.068050207400995433e-02
-2.091893683530073877e-01
3.562471105553755013e-02
-2.956460730836906747e-01
-1.096661017171456587e+00
2.040248588089831561e+00
7.651090673799891828e-01
1.810082870050142123e+00
1.947203887013055468e+00
3.232362717272862618e+00
-1.151239814036585929e-01
3.008683191880339169e-01
-1.668285725576488687e+00
2.615414661167370092e-02
-1.052154423833932650e+00
-8.529193625044866334e-01
-1.226206140767049479e+00
-1.219478064582452337e+00
-1.238663875982143336e-01
2.072920214862276733e+00
2.412623882805533082e+00
7.016961312017320207e-01
-1.403791504541713531e+00
-2.597979005751719916e-01
5.010133426830705172e-01
3.648000521713949396e-01
3.046027276168129738e+00
9.397272951929882545e-01
6.954681386416431410e-01
6.846289793882566199e-01
1.222776991759873422e+00
-2.320022238629408928e-01
2.185266407193319216e-01
-1.724587486896631550e+00
-2.088238289441790574e-01
-1.269066514847222882e+00
-3.254085205203383957e+00
-6.272723343409235541e-01
-3.326454857110965335e-01
-1.814099504887098924e+00
2.100863505460946357e+00
2.496671512140975491e+00
2.042921774590849449e+00
2.850880978746084260e-02
-7.483706971626213900e-02
8.869081235773826899e-01
-8.354467070522222927e-02
1.867686976150113587e-01
-9.188300261679251957e-01
-1.223588491279903767e+00
7.565816648305818681e-01
2.171655043687345521e-01
1.631998983092332600e-01
-1.299663637343453804e+00
-7.187257178766679466e-01
3.150443675534679855e-01
-1.164673328413840636e+00
1.513159210833900925e-01
-9.083809543922560792e-01
-1.562987313563897862e+00
-1.543972839706084788e+00
-8.518969525916495478e-01
-4.836831527142229081e-01
1.528229478533475350e+00
3.873390317429922902e+00
7.438649997269825009e-01
1.522044135456819269e+00
7.695467872779750973e-01
-1.335573258573803601e+00
-3.458646267701760979e-01
-2.096738479022842938e+00
7.000390597009824578e-01
-2.860054941359639891e+00
-1.281585853602187797e+00
-1.217742275542082808e+00
-3.612030204036034697e-02
-1.316362203470945236e+00
1.391328376780050835e+00
3.022434207712052512e-01
-2.101775135374820191e+00
-1.787711238730732788e+00
-5.611168330201883325e-01
2.126910216202207160e-01
1.424723023643914122e+00
2.379262995108563761e+00
1.741773453084878298e+00
1.191160821107913659e+00
1.949274225119115744e+00
4.487074825983592419e-01
-1.122234168724172143e+00
-7.604174605733470260e-01
-6.767840487095574398e-01
-2.384062771536803460e+00
-5.447333857138203506e-02
-6.790857893284989455e-01
1.715540204723999818e-01
-6.299777381041368196e-01
-4.676432590393626576e-01
-1.268776920674438591e+00
3.466501980543343908e-01
-1.994438007708547511e+00
-2.228193616841038782e+00
-1.590574470713712329e-01
6.818245379528764527e-01
1.867349556999542859e+00
-5.850511213707858538e-01
1.361890913578205131e+00
2.276634399884034377e+00
2.678464759853360633e+00
1.535396626469653025e+00
8.754424334298916976e-01
-3.717969172046614590e-01
1.592451707489270785e-01
-2.539322297682526930e+00
-1.447599327148825887e+00
-3.243996691147108091e+00
-1.393125570611090991e+00
-9.743597229028866380e-01
1.051342140153976645e+00
2.700473728519292127e+00
-5.337032746535086414e-01
3.101164717476726729e+00
-9.463582443157798618e-01
-1.237794907182380388e+00
8.508666046448545295e-01
-4.393001124243520739e-01
1.961346685841165449e+00
-2.753331637045750568e-01
6.554269946531845470e-01
-5.070303457206274400e-01
2.914670199940883055e-02
3.357909507335270050e+00
1.968461024868446430e+00
-5.521194857015574442e-01
-2.363655884150758446e+00
-1.983747940953198174e+00
-1.563974771812237874e+00
-1.049623717788897626e+00
-8.984951301563115500e-01
3.150910790179640153e-01
9.228720048744765148e-02
1.159918674900762392e+00
2.997152676124912318e+00
1.950269293565830564e+00
1.034356262653080005e+00
-6.528537359311850086e-01
-1.982507854696165861e+00
-3.285762817048418771e-01
-1.622840718867061272e+00
-8.518742301795143579e-01
1.311806855591871379e+00
-1.944911830523103458e+00
1.774558510763475816e+00
-2.994167494831735943e-01
-1.922405124366376228e+00
1.764722367895871225e-01
-6.845425615515169371e-01
-2.594880713472668132e-01
6.557148995043451389e-01
-2.591666501419321644e+00
6.128500020178592189e-01
1.010970647220913010e+00
1.538441426215161112e+00
1.283705643244882566e+00
1.626703442371437935e+00
1.614767028699643614e+00
1.387788673232800418e+00
8.049285146719407924e-02
-2.075978116830876630e+00
-2.069854463907350173e+00
-2.403827865902602223e+00
-2.182215225556721983e+00
6.439836977760582393e-02
-9.810335039632156473e-02
-1.050184052043082517e+00
-5.588149508791926401e-01
-1.513110094997991428e+00
1.313978540987875920e+00
5.272757197237483151e-01
-6.056216886905219088e-01
-1.141046471537339624e+00
6.114653368222636720e-01
1.644212644061220363e+00
-3.009576495617402037e-01
1.636227379602095855e+00
8.310700333152307717e-01
-3.970497030563802099e-02
-1.279765731524240557e-01
9.159385180798285120e-01
-1.562135432171248839e+00
-1.785648730981229004e+00
-3.837909761251323104e+00
-2.633943632247235822e+00
-2.371213324873727046e+00
-1.069734966632391870e-01
2.766461539263598279e-02
8.417959231147486010e-01
8.808463539323412306e-01
1.094185301783137554e+00
1.471578680287566332e-01
2.613521479770720468e+00
-2.836499979976289110e-01
5.219398422796019954e-01
5.364632981821937374e-01
-1.178696931809040560e+00
-9.755643491188865646e-01
3.046268703893083019e-01
-1.178301665402196052e-01
-1.148646813193182070e-01
-1.582676077965665895e+00
-1.723601641187091360e-01
-1.384917596464501521e+00
-2.166794903989920362e-01
-5.087904914302587844e-01
-1.284687305186568818e+00
-7.578170435774255198e-01
-7.922624073999956495e-01
1.303955914611230948e+00
1.774198541930003259e+00
2.093209128352520043e+00
4.360400353548656849e-01
6.140405245704880777e-01
-5.457437899705896989e-01
1.602411653406069281e+00
-1.690909674271904861e-01
-1.396800001528397450e+00
-1.893504436643147271e+00
-5.932115639025736797e-03
-5.436953410573375223e-03
-1.662119440528280867e+00
-1.530277783584277906e-01
-1.954252275393665028e-01
7.554830972826461766e-01
8.530664486878603014e-01
4.347549638480890932e-02
-3.397902670854327511e-01
-1.666129152556699022e+00
-9.576223532987557796e-01
-2.517048666185070505e-01
9.221247869717241752e-01
1.306801018178915363e+00
-3.389509500140759357e-01
1.570663343190121353e+00
2.201979413573020850e-01
1.233557966125868433e+00
4.024292489433316522e-01
-2.489206275762249621e-01
-5.376609317296832113e-01
-5.152367902494727758e-01
-3.015933318670808383e+00
-2.800655254363130009e+00
-2.387509310738030521e+00
-8.328141769026258245e-01
-9.363724987371790931e-01
2.156923913360254130e-01
-6.186126848431078296e-01
-8.784665489756398049e-01
-2.519783829285469068e-01
1.092152307128329225e+00
-1.022249969973007433e+00
1.089642474128526661e+00
1.433233468601064597e+00
9.583263957859647908e-01
2.821629769740411908e-01
2.505064303292171335e+00
-2.278851462374039683e-01
4.519102300157145646e-01
-6.853848364315499042e-01
-9.335848149910337401e-01
-4.533166423725619509e+00
-3.147322129708261862e+00
-1.048219914494339378e-01
-3.269322590739142331e+00
-2.659032461996059027e+00
-8.654580914135775460e-01
4.422214716631764908e-01
1.757336335677223138e+00
1.712313878563455516e+00
3.014584654706934597e+00
1.793029576249400847e+00
-4.314615402970090052e-02
5.073657443327980188e-01
-7.595636038068354079e-01
1.008144307485588698e+00
-4.477032443097498371e-01
5.669843242850348686e-01
-8.698984760248191783e-01
-9.998217987142741237e-01
-1.667228799593061694e+00
1.052426887439026348e+00
-1.232010561171210661e+00
-1.639496348393006953e-01
-2.129403585646255426e+00
-2.195916519226095875e+00
-2.967986618734044235e-01
-1.375935992428934940e+00
3.574804358234286994e-01
8.368527301626771386e-01
1.375815126619380546e+00
1.981540951004425510e+00
1.481926295152808493e+00
2.316091652941003609e+00
2.191826240792807301e+00
-8.618224218567823725e-01
7.888335106254715789e-01
-1.916602812851015969e+00
-2.401982442333258305e+00
-8.176075083943328270e-01
1.421330395818049874e+00
-5.592097456951625745e-01
-1.336412489344875665e+00
3.306373357561331883e-01
-1.066961844686383110e+00
-2.651609104707290943e+00
-3.963488397301444532e-01
-1.805875963599955503e+00
-4.163697304873019700e-01
-4.081201073675443380e-01
1.788953054425457267e+00
-5.697817145364716396e-01
1.085714580359989023e+00
1.621572460559727258e+00
-5.220424266230689891e-01
2.161183378167509161e+00
6.299131160500733850e-01
-6.618237604957792897e-01
-4.973226179744547615e-01
-3.218346959326937373e+00
-2.273835104565327558e+00
-2.434308337576478021e+00
1.815961134413893729e-01
-6.657837486588861209e-01
3.974750142638157069e-01
-2.207225021235461604e-01
1.689232630852802508e+00
2.152415566978477912e+00
1.405359546761346889e+00
4.457072174323798430e-01
-1.547102255834130968e+00
6.298728811424840479e-02
1.540314300127418878e+00
7.682824067334157458e-01
2.640672264546717329e-02
-1.282087600054607979e+00
-4.790452533199283103e-01
-8.781308714859585862e-01
-1.459572420429125827e+00
-1.249367719970444934e+00
-6.540547371771030516e-01
-5.410471109894856578e-01
-2.332230474388467201e+00
-4.595427862981011913e-01
3.413531981423607586e-01
1.736063604214548084e+00
1.798622094011774530e+00
2.682534597903073248e+00
1.769172188711033211e+00
3.408188600357139997e+00
1.563732124152085179e+00
5.760978061551471630e-01
1.252229800416998273e+00
-2.060571317096954735e-01
1.192972496966944185e-01
-3.236517883415271357e-01
-5.804442080161499318e-01
8.001934238836871938e-01
1.012804088209370956e+00
1.343364102510140601e+00
-4.715679957093844576e-01
9.758167689113186327e-01
5.650113867447494886e-01
-1.833684181710908634e+00
8.463785312703654418e-01
9.631455926298367887e-01
4.864383887703445097e-01
4.057799167525505402e-01
-1.138928778456610225e+00
-2.172525009275353414e-01
-5.494262961363659548e-01
-4.087261876582337083e-01
6.279425541609131578e-01
3.667470496333678498e-01
-2.216415175419464423e-01
-1.123022658487937697e+00
-4.622955573965965570e-01
-4.769935868575054805e-01
5.833513037705087001e-01
8.449153591691053178e-01
-3.672148224766676461e-01
-3.712472901699662153e-01
-7.833905006366158608e-01
1.054934449973498722e+00
-7.940844051131964454e-01
-6.710413548260434347e-01
3.841325159295476133e-01
-1.151659075114265240e+00
-1.283336057825851473e+00
-5.980602978833916561e-01
-3.358532066588827969e-01
-1.413046607167871782e+00
4.970250476245170468e-01
7.764087459203206087e-01
1.199817085901783292e-01
1.778927410200670245e+00
-1.476033983250921944e+00
-5.925242593252327827e-01
-9.668900703557635756e-01
3.763565210589142618e-01
-6.962248985562079495e-01
-8.874397090625829598e-01
-1.312778582355694335e+00
2.315709080281446175e-01
-2.734636613726512677e-02
1.421938186013645966e+00
4.794395572441230713e-01
-5.627177643834813114e-01
8.023647936231809163e-01
8.059439763496412112e-01
1.027205294129943880e+00
2.295646843792563674e-01
-9.960166755679411565e-01
6.344171582936251053e-01
-2.404253078840219160e-01
-7.127086040538715972e-01
9.786032451911883534e-01
-5.163837177224179786e-01
7.878868753980865502e-01
-3.771162190867997088e-01
-1.155402827725733550e+00
-8.852046038585021925e-01
1.094086166070701527e+00
3.395349379980081711e-02
-9.839354928842793946e-01
1.025901516237416322e+00
1.165362980139902638e-01
-9.461387769029437900e-01
-3.401875012919620689e-01
-2.866952880862624342e-01
-3.458340841114788233e+00
-1.116737821544854015e+00
-9.059382339379834503e-01
9.008256211632165167e-01
1.442064832282601738e+00
2.145932847354821982e-01
9.301938336173549704e-01
2.981241098189301719e-01
3.311641700767349872e-01
1.443813303302974083e+00
-2.886004022355840304e-01
-2.373345255228621331e-01
2.922612796544884484e-01
-6.720528145325060931e-02
-1.118765008963580554e+00
6.684135843436544988e-01
-1.061828878651546182e+00
-3.675086056671526547e-01
1.005289269067440872e+00
-1.162503782494855420e+00
-5.570848446785177099e-01
-1.270558007535364853e+00
1.941061144375407777e-01
4.034999014260403638e-01
9.523281799673125048e-02
1.263826889072395820e-01
7.149654315004183580e-01
1.813990643419030269e+00
-4.170882034306362396e-01
-1.642715101719568249e+00
1.096718214987777884e+00
-1.025615295256954607e+00
-1.081318128123981204e+00
1.492672690098272525e+00
1.010656809011008406e+00
4.682463991025515027e-01
6.797735116472556349e-01
-2.467152682944457054e-01
3.908612453483638616e-01
-1.051718295565735595e-01
-8.953592922117001862e-01
8.748904113452106168e-01
9.903457900283773041e-01
9.576536252395932980e-01
-8.463470570471196552e-01
-9.354089454099009382e-01
2.724637578076014033e-01
-1.564449238049923974e+00
4.652280324602977024e-01
-9.171557400535791382e-01
-9.039734007850411257e-02
-1.325635657251084121e+00
-3.895828755036389035e-01
-1.205697733723990250e+00
-1.353034418294564389e+00
-2.051692974171549722e+00
-1.073108305972605869e+00
1.358733668942649020e+00
1.355635633171318855e+00
1.631555756517018230e+00
-1.157476247387721591e+00
-1.329505680766235987e+00
-2.588006749778094528e-01
-4.654480437413194283e-01
-1.359886547435526616e+00
-9.409543931842740960e-01
-2.400756898710197262e+00
1.116753374709649860e+00
6.009287536522899265e-01
6.595829420503924734e-01
-1.924235371449556642e-01
-3.874357626891843792e-02
1.352277025394016119e-01
3.730076691151981011e-02
1.382369702533327027e-01
-5.674544773478104598e-02
6.187165581641018708e-01
-9.567066777986391046e-02
-1.966573851541057572e+00
-8.153447011886595652e-02
-3.543607022605280155e-01
2.915850269357701530e-01
1.562288389595069271e-01
1.421650600336970660e+00
1.106898587460671601e+00
-6.876563400212110100e-01
-1.383406144429672802e+00
1.218046191358546748e+00
-2.758832717551856772e-01
1.252007494681665056e+00
-6.415110618526345121e-01
-6.201494916229893795e-02
1.165920939616859719e+00
-7.810198958617832199e-01
1.049833782993655928e+00
-1.053216609538619591e-01
-2.879756943924766110e-01
6.359019652352622121e-01
-1.092649292390127785e-01
4.380502171601222683e-01
9.051602086445974527e-01
6.047720761052688410e-01
-1.347741170976854419e-01
2.749516879566881733e-01
8.468610850199923545e-01
-7.453805297994835488e-01
-6.557712291054313969e-01
4.088984807238359442e-01
-4.586225441032868999e-01
4.778867317933719328e-01
9.513651715510273998e-01
-6.100769702156106922e-01
3.350419259222365276e-01
-1.139409020026553643e+00
5.078419871793308366e-02
-4.185585244776978131e-01
-9.109945833793442471e-01
1.102669327024277779e+00
1.181837064544768667e+00
-1.932884965297789526e+00
2.640549083302362599e-01
1.134525414911150332e+00
2.568022617078841718e-01
1.263026609460906613e+00
-8.858483201322278622e-02
7.531403352547161312e-01
-8.501209363115914686e-01
1.447596284410832324e+00
-1.390354915396342372e+00
-3.780418912063853165e-01
1.334583373550659147e+00
-1.272439512848982490e+00
-2.564382966181446566e-01
7.144714629829587160e-01
9.430227419609935602e-01
-4.565684574639992110e-01
-1.877098959923816812e+00
4.658028956652219277e-01
1.302156356686725962e-02
5.638452246452229089e-01
-1.687311102263729712e+00
-1.574344241853021131e+00
-3.263410223828844964e-02
6.455068927544020951e-01
1.319554415199779118e+00
-1.381550134844657052e+00
5.138834012525931305e-01
5.407160288599746067e-01
7.368234194758128686e-01
-5.262895826001082744e-01
-2.561920097069002034e-01
-6.080050053453386338e-01
1.414362051684076860e-01
1.682191785934769035e+00
-1.122611328913365680e+00
7.064640756342039918e-01
-8.563301892525160275e-02
-1.170303002889569566e+00
-6.800042489458647532e-01
1.601490395602890082e+00
-3.837328182990410452e-01
5.276526480675440833e-01
-7.736514744609653826e-01
7.910099312252091286e-01
-1.281942068175553895e-01
-1.717933959433643576e+00
-7.946244582861887451e-02
4.601494496673610470e-04
6.725822022379546183e-01
3.289258301315423627e-01
1.492108481234403483e-01
1.207160923960732823e+00
1.728397177085208014e+00
7.407876980373104825e-01
-1.132706853111557166e+00
-2.449070875604944852e+00
1.632263266775243249e+00
1.044125456720856437e+00
3.154979055356609829e-01
-8.882413225974542526e-01
1.614304915003750729e+00
1.083393823313029358e+00
2.334114492392691531e+00
3.968695832564540504e-01
-4.682388967725542583e-01
9.116309458012085143e-01
-2.209267636728668230e-02
3.450565757123171817e-01
-1.086981613595966012e+00
7.098563698079142226e-01
1.406243793576410939e+00
-1.085538954788092258e-01
-1.317520256904055609e+00
-3.982824147533587933e-01
1.689951212705949612e-01
-1.005647291370483087e-01
-1.327123492736274023e-02
-7.582124243002398289e-01
8.413495211222446479e-02
-1.390924346195056227e+00
-1.065925245836957469e+00
-3.700013637863291405e-01
7.394170068450286459e-01
5.775245038146912258e-01
7.026103332410277291e-01
4.016299106194141100e-01
1.822705084314253599e+00
-7.623730274687823272e-01
6.068858492704204410e-01
-2.344957155040005847e-01
5.186221778662245541e-01
-2.574617182587153330e-01
-9.352451875156601035e-01
-2.842971561322837348e-01
3.178574775807541664e-01
2.650917435723516014e-01
1.075581344829348307e+00
-3.348797048601158122e-01
-3.271211566118135683e-01
-3.236701347360707026e-01
-6.809978501257119010e-01
-8.882812487690197045e-01
-3.427510450645633588e-02
-3.415035712571771742e-01
-4.447917012817631521e-01
2.473700247300468155e-02
1.625989346356348716e-02
5.853850760635452843e-01
6.544461846774576319e-01
-1.276250666299863223e-01
9.133079831561339290e-01
1.174147601328425106e+00
1.618794775896557347e-01
1.160894426750131325e+00
-9.726653441367110187e-01
1.101429739993699197e+00
2.887454944550275626e-01
5.623407819214292225e-01
-1.515920715753670045e+00
1.324302322479909755e+00
-2.979957389418709246e-01
7.143754337110185260e-01
-4.439762394172435678e-01
8.071025611968989100e-02
1.230793476423774235e+00
1.291176763036565811e+00
-1.844446619916163543e+00
2.399409356980790331e-01
9.881338110800182983e-01
5.301478080301774004e-02
-9.962098476570390160e-01
-6.229256925470181283e-01
8.167243129777524979e-01
-3.666449417043005643e-01
5.463911731678280370e-01
2.155439370770645402e-01
-2.623759985600746969e+00
3.042770900852279081e-01
-8.424507356948863768e-01
-1.903942344829484323e+00
5.914200670644423896e-01
-6.949318421395779266e-01
-6.947620724915269941e-01
1.491950292499926445e-01
2.287372657459458558e-01
2.847861361904586719e-01
-2.323725173288028745e-01
-8.543193309144612169e-01
-1.570990663582990943e-01
-8.204379898313853836e-01
7.043696992156057712e-01
1.204929705698081638e-02
8.699605600340561962e-01
1.622230749217888457e+00
-2.825694519113461367e-01
-9.213434423834540588e-02
1.231434018099228478e+00
-5.303970588349474768e-01
1.411095885202468203e+00
8.717219271468664710e-01
1.308242184988672729e+00
-3.278610904741625642e-01
1.056813304740148590e-01
1.564870018832817511e+00
3.741069149110839986e-01
8.378680193433348800e-01
-2.042381252366023969e-01
-2.247786393374238967e-01
7.357861138373693599e-01
-1.319734060927471031e-01
2.729250561788605367e-01
-8.978249735993860947e-02
5.739881938262639816e-01
1.783289011741828745e+00
-7.768876933738274593e-01
1.470022458150672451e+00
-7.898468408622191239e-01
-6.239576161798298104e-01
6.091520239230162614e-01
7.066945181075900972e-01
-2.329924435694888718e+00
-4.712136566333492982e-01
-6.874152768436199157e-01
-1.462891515688818478e+00
-9.660332838043236281e-01
-3.372279385513596850e-01
-1.355029920874738059e+00
-1.245525284829075430e+00
8.883662457614984742e-01
7.530362299794338687e-01
-6.491676581373192478e-01
-5.017576030369458318e-01
6.236722569812197525e-01
5.434565401582880373e-01
1.636610923384480776e+00
-1.305683730054321146e+00
3.352117944971536034e-01
1.129823714465801210e+00
6.444195684402898028e-01
-1.652374728567593154e+00
-1.083305586956738065e+00
1.184150339176339752e-02
-1.254756809787324734e+00
1.364208741898856880e+00
7.621787864662898926e-01
1.017940890012519750e+00
-6.214828102445304481e-01
-1.150068014424084684e+00
-2.484603049844950895e-02
-3.199053412190777657e-01
-2.892062393732985903e-01
-4.525501293860296759e-01
1.887266996994877877e+00
2.721617454256474722e-01
-5.033766337348022368e-01
-9.212024820795363667e-01
-1.648730743726889436e+00
1.675578898929979355e+00
5.969146520593515692e-01
3.590026623417507112e-01
1.588311946954777676e-01
-3.950643671848395599e-01
5.642552309260645549e-01
1.662147961972698429e+00
-9.260825891893997852e-01
-1.326017014068871847e+00
-8.366648607904803026e-01
5.686488895351590189e-01
-4.800131077210991748e-01
3.254651135888673164e-01
3.924123393514630243e-01
-5.477970291071327935e-01
-8.898217798067107331e-01
-1.864153388660976018e+00
-4.618689257078170129e-01
-4.000745207562860783e-01
2.222450367576101204e-01
-1.749023083493720598e+00
4.259711108280929692e-01
2.033607161102846395e-01
3.806331602384971924e-01
-6.709989806531985266e-04
3.708408348599237514e-01
5.649591247691938545e-01
1.690400539484962827e+00
7.528671158550162001e-01
-8.015181211734463407e-01
-9.955000543178273986e-01
-6.384390963025314836e-01
-1.730037733845377623e+00
4.362366174714957801e-01
-8.527606081281365880e-01
-3.488131129005355158e-01
1.186221772435754884e-01
1.181906350465384004e-01
1.011998008975684496e-02
1.103863218944876490e+00
-1.547691888204788813e-01
5.653808447253093339e-02
1.552646258326854989e+00
-1.850999559232270997e+00
5.474128399096628295e-01
4.023398587453440589e-01
-8.186963283472754593e-01
1.167988288665517960e+00
-8.810009572639799780e-01
-1.028252727990407678e+00
-1.725295960614280810e+00
1.007426756385843891e+00
-1.169465850517647176e+00
-1.510403704964846938e-01
-3.792460457309310695e-01
-1.393772028972632970e-01
-2.426287750367737139e+00
2.038206447066301386e-01
-1.235897074377673155e+00
-5.419085781897804016e-02
-2.202531309752485900e+00
-1.021257270485341540e+00
-1.940753335158373616e-01
6.079061433789670899e-01
-1.387876660034422116e+00
3.906251652817464004e-01
1.296925304252106503e+00
1.158262240130322335e-01
6.441022041526444086e-01
1.003498779386246265e-01
1.321258006049007561e-01
-6.730533598720678246e-02
-2.486013874605657037e-01
-1.200292939210458432e+00
-7.227365160107424025e-01
3.933247896356346085e-01
-2.986935612094820947e-02
-1.137855215189075953e+00
3.317673139848437841e-02
1.129584829594276085e+00
3.144754826897274702e-01
2.916440236005820585e-01
-7.706662469719675057e-01
1.238761551282733936e-01
3.692549471744563938e-01
-1.377897872889961156e-02
-1.113274969477493492e-01
-1.137855582624524298e-01
3.306407211466034224e-01
5.494107174054618792e-01
7.116031453316916666e-01
7.369515159932813475e-01
-8.090494189135418734e-01
2.876818945408730066e-01
-3.190500694984296226e-01
-3.362795030518109241e-01
-2.620042004457231455e-01
5.894343844092250206e-01
1.501823585125474647e+00
1.408191423014154564e-01
-9.425014011962562499e-01
1.399413421686871162e-01
5.200365805277568088e-01
-5.892229941685078742e-01
1.061960497712619356e+00
-8.137645676586977572e-01
-3.755107763662622611e-02
-3.409481952050041342e-01
-3.918164876882098691e-01
1.626450147503815183e-02
-1.715990654067662380e+00
1.197028698722080869e-01
1.387460623853576935e-01
5.248204853869943287e-01
-8.603656155981755926e-01
4.339167911273463796e-01
-1.077711641323368275e+00
-2.123102931735380228e+00
1.447715632910778316e+00
-5.283322097941071105e-01
4.399674531072705896e-01
9.636499690826461073e-01
5.612282395826383441e-01
7.280465595036876569e-02
1.537885277285968133e+00
-2.185030143619765830e-01
-9.024780191935311002e-01
-7.227130157645398345e-01
-3.493803775642167486e-01
9.101854241630231990e-02
1.459777919148021352e+00
1.368008258475196248e+00
-6.767605909290662185e-03
-9.628198442554343206e-01
3.486371310464159712e-01
-9.056214478523927358e-01
-6.465326582420169443e-02
-3.942532223491539145e-02
-4.735634832017318052e-01
-8.513452407444099812e-01
6.925468687341108653e-01
-1.581180130234373094e-01
1.264120783569412820e+00
-9.770530438296241016e-01
-2.970648337590975352e+00
8.437680600986755541e-01
9.581285693434362649e-01
1.144667356807125058e+00
-3.297598584543248723e-01
-3.027419178316169024e+00
-1.963279227817522621e-01
-3.953358953672697629e-01
-1.440908270021739324e-01
5.651494934347346399e-01
4.693495385649539831e-01
5.733253163675698927e-01
1.106979793191152250e+00
2.196064422662196702e-01
2.038052988638089591e+00
-2.957050344027880029e-01
7.667085977289166410e-01
5.727367860501654251e-01
-8.659234520627153708e-01
1.376994569597501883e+00
5.725112366792007856e-01
7.994441146987345537e-01
1.713986156811989403e+00
-3.352963241532568306e-01
8.446102147623942846e-01
-8.644727497035245012e-01
1.748903389575470202e+00
-3.146259680612906173e-01
-8.597488985476706147e-02
4.620983831210760950e-01
-1.540879384856629120e+00
9.253359500564251050e-01
3.060810805666962509e-01
-6.043278907919796827e-01
4.087228899668588489e-01
3.863997099287662107e-01
1.104975628724785552e-01
1.257927801215918961e+00
-1.675470971289904742e+00
1.039126816242935236e+00
-5.173797173460393806e-01
-2.365387681252598684e-01
-9.240205148491462683e-01
9.057371234232429718e-04
2.891103388395117046e-01
8.589552922506924482e-01
-6.383958934184403855e-01
1.049589970197120969e+00
1.828669141424299482e+00
1.345467016687547090e+00
8.349284505478853369e-01
2.818139268041502277e+00
2.443387407788494836e-01
-9.942096514622676962e-01
5.399588097040983747e-01
2.786906081402839575e-01
1.526137077177577295e+00
-2.185358839232658390e+00
-4.135972403673938702e-01
3.818634829262294028e-01
-1.269685624340592733e+00
-9.558595513696035439e-01
-2.669245003643656577e-01
-9.712120183161254694e-01
-1.650818435037577414e+00
-6.181504790801800597e-01
-1.029335199317547023e+00
-9.219674417393641797e-02
3.041781648247081637e-01
1.545616337404231100e+00
1.635015877174497367e+00
2.432886021621174066e+00
-1.787112172990282244e-01
2.047840073531994598e+00
-1.490841505923768739e+00
-1.199698981654648611e+00
-7.123894529736894965e-01
7.008645971864566615e-01
-3.038144989365993420e-01
-1.855687275165285866e-01
-8.342808601796447565e-01
1.312488918856437037e-01
-7.216933348416147975e-01
-1.452317425403417017e+00
-3.652878212976676586e+00
-1.061076419773248514e+00
1.425248163912074428e+00
1.422782037685996315e+00
2.702522668488559709e+00
2.054503915853467255e+00
1.475636085507295636e+00
9.975117135730253715e-01
7.007119232253137264e-01
5.239207244000099184e-01
-1.298282060671660965e+00
3.344456190093554326e-01
-5.922190870157226783e-01
6.834897466436344882e-01
1.654852708267350314e-01
3.622244000014535059e-02
-4.788438986044529777e-01
-6.931037794101442273e-01
-7.610052977876790026e-01
-3.460663173986069374e-01
-2.187810575845912098e+00
-1.485386906023245857e+00
7.456103394735644763e-01
-6.806713674008807446e-01
-4.626711611753742126e-02
2.211888972980452728e+00
2.750744830704444865e+00
2.034498039589024199e+00
2.327498045392092152e+00
1.655752302592653269e+00
-1.886561679680089698e+00
-8.264003340263761377e-01
-1.349832737636326607e+00
-1.757298257332435609e+00
-9.990460084373028460e-01
-7.865459327848904891e-01
-9.972400591116417079e-01
-1.560560081780056674e+00
-8.470384853665084979e-01
-1.545727566056600555e+00
-2.497018433083244560e-01
-2.385878404138636610e-01
1.342457895796388634e+00
2.653685344907970478e+00
1.544929681772009955e+00
1.525854028871060475e+00
3.596482208812342041e+00
1.010100772895198507e+00
2.398455231677694144e+00
-4.205943847344437714e-01
-2.044327889661719411e+00
-2.695286284900655360e+00
-8.111376584819413038e-01
-8.259343049518028668e-01
-8.187964018825651946e-01
-2.663968672402788229e+00
4.132386931292780785e-01
-1.509383389138137799e-01
-1.999634231261786077e+00
9.771059948185407684e-01
-1.173346504302021032e+00
8.542100339753089244e-01
2.285886265454067923e-02
-4.334793623951888053e-01
7.243329427536331355e-01
1.214524585017990432e+00
2.313352881386306237e+00
2.186792037145510736e-01
1.183052174198944373e+00
5.634253882398013724e-01
-7.134104550425635072e-02
-1.299746030764576288e+00
-1.384855793225274745e+00
5.756932458683989839e-01
-7.755754566003790762e-01
8.284738144440920715e-01
-1.320035219255235592e+00
-3.729821132772883630e-01
1.979498497482466313e+00
-8.352781543938272435e-01
1.807230269828969060e+00
-7.940592733622116040e-01
1.326141701517754790e+00
-2.801495229045906088e-01
-3.252707568311890007e-01
1.306414214250666506e+00
1.987610892118905959e+00
2.897630623331755029e-01
-8.266309674069591829e-01
-1.469184631679147257e+00
4.441418095220484030e-01
-7.039807086604727981e-01
-3.804568244462694704e+00
-3.147059770869476747e+00
9.338471712649165646e-02
7.149121061653318510e-01
7.886849530211159642e-02
-5.382728066558308821e-01
-1.639300740279930224e+00
-7.369637829674023921e-01
-1.223108296558889752e+00
8.050075590666122549e-01
-8.385722578427832197e-01
-7.103398547028972887e-01
2.827895710959884568e+00
1.658610468251194625e+00
3.002503903412898634e-01
7.274372437174330130e-01
6.708546260623686752e-01
1.331027743772980720e+00
-2.849624748997344081e+00
-3.045275577812231127e+00
-1.133401664272684961e+00
-1.750586212473627112e+00
-1.923566704936105820e+00
-1.257006026195600867e+00
5.249753373935471812e-01
7.240156164959699048e-02
-1.279600713029714898e-01
-6.680134041468467343e-01
-1.853212571402031439e-01
-1.622457067098002970e+00
-6.374093355378795955e-01
-6.795130216287074143e-01
8.323677567680634048e-01
-4.338129814142397400e-01
3.949104204635695670e+00
6.929844226719972244e-01
9.599055826282809623e-02
-1.022605845942006209e+00
-1.932530299657811312e+00
-3.018714140633970366e+00
-1.823993169143657056e+00
-7.845444724261347869e-01
7.997611750041273559e-01
3.242381711304401226e-01
1.642759511529262306e-01
1.096084856136835706e+00
2.390172991251449108e-01
6.200658758665522630e-01
5.724595271596193413e-01
1.652281585621737381e-01
5.057668383422528890e-01
4.284669636901103917e-01
-1.573081405323457638e+00
4.783206973071333912e-01
5.462391396947843258e-01
6.944590610299352651e-01
-7.313105076021261253e-01
-2.050998620541068240e-01
-1.699657383972679403e+00
-1.317871676600421038e+00
-1.238595143401179044e+00
-6.395950597615684963e-01
-2.935853037226930695e+00
-9.174610625316580448e-01
-8.002004007635415972e-01
1.370255206595229369e+00
2.138373867466241585e+00
1.230917309984498553e+00
1.408583489460986105e+00
-9.032191185292164359e-01
-4.610988206039572379e-01
-4.053735300905011996e-01
1.827823721564594273e+00
2.852878087355909531e-01
7.363122705562960002e-01
1.994655766408166109e+00
6.576731795845278672e-01
-1.389995593811832464e-01
-3.360515027171581126e-01
-1.681716398770776832e+00
-2.245429241763527539e+00
-2.457124891601396577e+00
-7.865921347120408136e-02
1.338125651038219566e+00
-1.029661711124146395e+00
2.767610273194676118e+00
2.087015223858714741e+00
2.508638467869067412e+00
-4.469298496024332046e-02
4.326154214893264127e-01
1.875384743264756349e-01
-2.641066562973974352e-01
-8.799505558545909212e-01
4.300494306567517189e-01
6.530618652275926861e-01
-1.921271180887577090e-01
8.843941654744263969e-02
7.677897504868518297e-01
1.337578194755189021e-01
5.084914205085224737e-01
-2.187089756724008627e+00
-1.814740304799886239e+00
-1.094801288677409445e+00
7.814714915173485155e-01
-5.020857557115649961e-01
2.413645094901189836e+00
1.684918633033688051e+00
3.859102334663586653e-01
4.158402787902515385e-01
-2.603543620464536357e+00
1.636244364537514429e+00
8.933957568626156309e-01
-8.917370453064421554e-01
-5.753008416734441965e-01
-8.810760352620371494e-01
-5.459989490403268642e-01
1.314332234729696236e-01
5.438197742990560357e-01
2.003290664955008182e+00
1.096827916570928263e-01
-2.008409504811783819e+00
-2.818884539879822348e-01
-2.446217614279602159e+00
3.352456887272505792e-01
3.291210840984748476e-02
2.044321438444822281e+00
1.325292416960896613e+00
1.580852596066238513e+00
1.860175569640807103e+00
1.480113382340373818e+00
1.245687854474831546e+00
-4.641534009223439727e-01
7.553789866824900390e-02
-1.089515820158877490e+00
-9.701925669644299033e-01
3.257110828883889586e-01
1.312369469261144950e+00
1.525625063277115334e+00
-7.092947108169475046e-01
-2.687619470398211474e-01
-1.234624887015933536e+00
-2.898539747553757984e+00
-1.949827688950300786e+00
-6.871993683480588366e-01
-4.655679640806487107e-02
2.000172174322679464e+00
4.292681467093473202e-02
1.556035544067232212e+00
1.558386831189290778e+00
-1.435256027182093108e+00
-1.484635669850941531e+00
2.060535655071053185e+00
-2.144371002925271164e+00
-1.648960600711520286e+00
-7.124942331229856540e-01
-1.505997730363161535e+00
9.956735535251102220e-01
-3.310972706112316200e-01
1.309394949965408950e-02
-1.846981957797032559e+00
-2.850192942271249308e+00
-2.211754352737795415e+00
-8.275692304598936122e-01
-2.327110576516184803e-01
8.586910098209022957e-01
1.539885377450194603e+00
-1.418432364606794227e+00
2.134954844846187694e+00
1.780107545612404918e+00
3.809889636553043246e-01
-9.908380843636049873e-01
3.716341582054000225e-02
-1.864843931409381428e+00
-6.987827854048098697e-01
-1.496258992556123157e+00
-2.414652483914556114e-01
-1.288173086371663612e+00
-1.138824607005704426e+00
4.445967316635840993e-01
4.401757230136415511e-01
5.244740954230577845e-01
-1.899537320881047320e-01
-1.450799096316593317e+00
1.829004333566503382e+00
-6.138431977474683165e-01
-2.774711046620170762e-02
2.188175385855483768e+00
4.499116276602818765e+00
1.394780721426770898e+00
9.618078384796291402e-01
2.522930396919634166e+00
-2.224958077675984303e+00
-1.111418635070526850e+00
-1.022100413567903709e+00
-3.208145390280424891e+00
2.892995070955808323e-01
9.772628106304508400e-01
-2.181038810641844350e-01
-1.152394216357762957e+00
-4.515764351552843392e-01
-1.550742663778040153e+00
-1.215819755072128583e+00
-3.755639780615572243e-01
-1.056539498036450087e-01
-6.082840400647872015e-01
5.451677321812755661e-01
1.468329987076097964e-01
1.207032810666464062e+00
3.729319798895081028e+00
6.105961208144278229e-01
-2.425885545450434111e-01
-1.574700522334585795e+00
-9.684842825515049825e-02
-1.027210641490305054e+00
-2.362047381556803938e+00
-1.770416443308241883e+00
-1.216432060970269458e+00
-6.543328513138260139e-01
5.862131977033466779e-01
-8.310318290805801533e-01
7.485720605374782677e-01
1.361134407131625146e+00
-6.070249430758229980e-01
-4.382265428630483517e-01
-1.712459046141396324e-01
1.234931004657745079e+00
2.807400189166374904e+00
2.467265503210055222e+00
3.879387251925513702e+00
-3.730397723201455129e-01
-4.725562375746087396e-01
5.534978360079363391e-01
2.507835285204698117e-01
-2.006100250302168764e+00
-3.217340012855052667e+00
-2.023289373443529104e+00
1.878286841369092297e-02
6.926004129793179587e-01
-3.560744593419523651e-01
-1.114316816472823657e+00
1.315175074865876592e+00
1.347942702451133012e+00
-8.008872591321597456e-01
-3.391270279079608430e-01
6.978373911776755145e-01
2.003662775961776887e+00
-7.438193865007081129e-02
8.602385239872627487e-01
2.894857923947427025e+00
2.055379481645807971e+00
4.700124113065886067e-01
-9.667437652041399598e-01
-1.150665868478710108e+00
-1.487251776000821923e+00
-2.276449840289614279e+00
-3.708437457166451345e+00
-2.703654523850059777e-01
-1.062456455111016940e+00
-1.661164430178243556e+00
2.943426605135492369e-01
-7.011062657648735597e-01
1.495524136984925700e+00
1.995545735998209391e+00
1.435454004887656509e+00
-1.117638627367745219e+00
1.462496912050438302e+00
5.516806971112464542e-01
1.412491628007138011e+00
1.307670596032174171e+00
1.447603882958858890e+00
1.845143454292281104e+00
-2.442458069933944653e+00
-1.366282662323159425e+00
-2.536400374756825116e+00
-1.007551762662094230e+00
-2.296755686544450725e+00
-2.242079259713749106e+00
4.124593012218588650e-02
2.178163455885961497e+00
1.633871186238715412e+00
-1.848327557018945022e-01
3.325979779942863424e+00
6.063124491044946662e-01
2.260085377523829209e+00
1.654376915810210402e+00
-6.493333222632673429e-01
1.828073570173172957e+00
1.296087633577825748e+00
-1.637784801399491119e-01
3.049516084823300055e+00
3.219187199825227497e-01
-2.938436443808282839e+00
-3.142694830710737630e+00
-2.220519792432109618e+00
-6.294253809348475670e-01
-2.307357252548408511e+00
-1.258715424152694107e+00
1.224586715164897588e-01
-2.495192132906715043e-01
2.757855692776552736e+00
2.627499590875852942e+00
7.801048656925044789e-01
1.087185995580930653e+00
3.432263635910997035e-01
9.409499684480464587e-01
1.272549850845362762e+00
-1.219995968956607779e+00
-1.500231871652752957e-01
-8.045361636408105976e-01
1.445454166122219775e+00
3.160365096938432261e-01
1.238452110375069526e-01
-7.750133423213336759e-01
-2.728412644469450754e+00
-1.953972242320477504e+00
-1.539245472215769350e+00
-7.720044742066186627e-01
-9.501731391577337149e-01
-8.264445387150909372e-02
-3.867659984945248652e-02
7.811640988354211501e-01
1.977464381482306077e+00
1.485024670483041653e+00
-3.781117713512379686e-01
-2.033553482372004062e+00
8.538200070965318300e-01
-2.304763994839601260e+00
-5.250168446640126607e-01
6.525570010465633342e-01
1.192213781877713874e+00
9.254271661479562816e-01
-5.076671542525604819e-01
-7.492847585230187901e-01
-4.071581145295851911e+00
-2.604246874574783988e+00
-6.064034992442333127e-01
-1.770924864397285026e+00
2.053248056590564197e+00
-7.416857968222649866e-01
9.649008028049157470e-01
2.191069290298380601e+00
1.832186609000653554e+00
1.107570609893182789e+00
1.485564970137735807e+00
-1.428911696933097941e+00
-3.584624231702434605e-01
-6.786481942806130707e-01
-1.610345306966537215e+00
1.672316853323828401e+00
5.890319895444421361e-01
-1.175806194773741931e+00
-2.468174491297803197e-01
9.010157957473597934e-01
-1.115759358818790847e+00
-2.008784718870363140e+00
-7.711282438031872299e-01
-1.150015024253247642e+00
-7.288476348832457763e-01
-1.538147886149321408e-02
1.921829016480592678e+00
2.723935160825249113e+00
2.283768883170946395e+00
1.234694858985366572e+00
2.303428588728044346e+00
-6.211684045039210789e-01
-2.813073054186598032e+00
-2.518351299673408317e+00
1.293116639732321271e+00
-6.594399546743796581e-01
4.560405469189257044e-01
-9.669948141490247728e-04
-1.768217715871945206e+00
-4.488164817380455585e-01
-2.209072445934416429e+00
-1.307995721012126911e+00
-1.198223892846070227e+00
-1.477311313842969875e+00
-3.998820918291595694e-02
7.051095751729576921e-01
3.053010109047675336e+00
-4.043738649227863746e-01
1.492357569668127271e+00
2.013311779299127746e+00
-1.740877087267161727e+00
-2.133323192885723807e-01
-1.375330083176288021e+00
-1.460199975364088409e+00
-9.722018486019466943e-01
-2.057217355992436159e-01
-9.166055939361293925e-01
-5.260185743170642247e-02
1.359647216607281051e+00
-8.857027242830999292e-01
-1.487108870441025577e+00
3.504263590222664870e-01
4.727212166123948567e-01
6.353097051147669205e-01
4.633850847012171981e-02
4.449593123761915736e-01
-1.578138305999770674e+00
2.823993608342100003e+00
2.052210113133707381e+00
1.183695579875287285e+00
1.336194820051499477e+00
2.165623194066014501e-01
-5.180964308277759001e-01
-1.938329016773564284e+00
-2.249548704030546187e-01
-2.123362732960173638e+00
6.875448297181449009e-01
-4.913981131588900930e-01
-2.767827351216392007e+00
7.058564651491824882e-02
-1.925959275478477117e-01
-7.368250070521018547e-01
-5.180259078650112370e-01
9.626535846590045242e-02
-1.759487604878484879e+00
1.680468574226388512e+00
1.707816798495110255e+00
1.766431175432471523e+00
1.367985698911422299e+00
1.975889098452954018e+00
9.424952663769173844e-01
6.014744600867673319e-02
-3.608816759318785317e-01
-2.987792247045613081e-01
1.026356990378802125e+00
-2.336643008654144538e+00
-1.059378778744807237e-01
1.568821182918169743e+00
4.538664410058166898e-01
-3.782356513317954305e-01
-9.044491606778161108e-01
4.107510608032360899e-01
5.694651645208372859e-01
-5.772217767956037138e-01
-4.481337823625936023e-01
-8.892820879077735219e-01
2.662284266666814947e+00
1.466864649475430049e+00
1.173235125929832368e+00
4.539738262945200997e-01
2.381888884579707044e-01
1.885715619391786779e-01
-7.245753933847181028e-01
-2.070979700138606550e+00
-7.818356312367737981e-01
-1.593062213747440392e+00
-7.048909016463702493e-01
8.335635142099256933e-02
4.631327141312895357e-01
1.290965315363264532e+00
1.415816700894267643e-01
3.522157237482810843e-01
4.002993159406459389e-02
3.966846976227239030e-01
2.042784223435808677e+00
1.280390128945979811e+00
5.040821285389827100e-01
2.471380029288365421e+00
1.300965097977858420e+00
1.535050409729825649e+00
1.128165923123562342e+00
-4.895696907928563935e-01
-2.832577794711433894e-01
-4.239122853482484299e-01
-2.050276335767645008e+00
-1.183018801722475866e+00
-2.278278830097756336e-01
-4.389473128603796903e-01
5.924295928259983857e-01
-1.433722204953656876e-01
5.500768732492072877e-01
-2.304391098247827951e+00
-2.309793136231189870e+00
1.046005751937442163e-01
-1.782444014829911993e-02
1.691152418905532251e+00
-1.277223444941744779e+00
9.964305556174833933e-01
-8.660942667879178991e-02
2.611568388428281651e+00
7.604529652846532262e-01
9.348294660785101406e-01
-3.026213543473819101e-01
-2.984881138945070234e+00
-1.446144950657276773e+00
-1.413314617140115415e+00
-1.338265766911706622e+00
-1.103441441536340273e+00
-1.856511957570614602e-01
2.622251065461343345e+00
-4.972405412882572318e-01
1.212194641590591537e-02
-7.455554036052104427e-01
8.058429799709387886e-04
-2.417035774106045309e+00
1.252454831514470124e+00
1.145606076162564158e+00
-4.111713456687575707e-01
2.126032499928241393e+00
2.294058467629734643e+00
2.461322422384563113e-01
-7.907117627905464463e-01
-1.985548757855541080e+00
-1.754805494957222267e+00
-1.980473469101560191e+00
-2.578066877819562563e+00
-1.672013252656016302e+00
-1.508403955657024564e+00
2.450664298901798155e+00
9.612924014322086208e-01
-1.910870786248612951e-01
2.219711752359674328e+00
7.507721277622547706e-01
8.765360085197920759e-02
4.461252995163843549e-01
-4.908068573643252497e-02
1.338204335400402734e+00
4.622429984456999374e-02
9.752248623130523875e-01
1.690106879404131401e+00
1.736673862938823865e+00
1.031203893092978996e+00
-2.297623042132800886e-01
-1.248543417161235736e+00
-2.360609527220682402e+00
-2.728386734002841152e+00
-1.784107780156968026e+00
-1.232442232031668583e+00
7.197671262575457973e-01
2.107236859042080912e+00
2.101688755924588037e+00
1.022486608882455794e+00
2.879616971686104199e-01
1.292919175216918903e+00
-1.610167460798835215e+00
-9.435982411371126588e-01
9.328881706206767488e-01
1.249915943320991207e+00
-7.697713449958420995e-01
1.507262220695295696e+00
2.286657390864138772e+00
-1.596537918287087354e+00
-6.133223761229401605e-01
3.160394824064222674e-01
-1.047470605081610856e-01
-7.797081178033324900e-01
-2.515056914955721840e-02
4.324944263132445288e-01
1.687106196638143152e-01
7.982646801702056316e-02
1.528248106063811784e+00
1.620948270292709922e-02
3.418139956845406280e-01
-9.848728752505929718e-01
-6.034526241816809966e-01
-9.457510743653072538e-01
-3.337043968873816824e-01
5.808087071968847104e-01
1.408481010316615890e-03
8.919830660010048540e-01
-6.377524236221196116e-03
-9.523697158603222634e-01
6.754400047771939031e-01
5.990276456350873691e-01
1.113944683391766555e+00
-1.976469485162486883e+00
-8.381978562298851854e-01
7.197147500800693543e-02
-6.614636038132345464e-01
1.851344552262276677e+00
4.195743257648548719e-01
-4.080977661186688810e-01
-4.142610321265762785e-01
-1.935244481286479967e-01
1.394746852205244858e+00
1.326741208136745120e+00
-4.034260721539481565e-01
1.372395213294885785e+00
1.682099694070988027e+00
-3.581281145978301717e-01
-1.380312016427281518e+00
1.416242483542952568e+00
2.923120132433833507e-01
7.012754427550638159e-01
1.387111532569824002e+00
3.065914561494371138e-01
1.715114427379658968e-01
-1.497767644941033760e+00
9.251990285793971758e-01
1.629661810461199511e+00
-1.058045961838732563e+00
-1.287490492717406676e+00
2.602084837217444768e+00
-6.447001435333467312e-02
1.790864933235760459e+00
3.030708227110658903e-01
-1.763245702697988193e+00
-1.923608166284409560e+00
3.249156604165579498e-01
-6.579733067777506772e-01
-1.829867158339444355e+00
7.903228858588359218e-01
1.412094261163842512e+00
5.786885747163035276e-01
6.309239964692733293e-01
-6.524302019604079073e-01
-8.439296441643956426e-01
-2.565155689260122385e-01
1.390173493638000857e-01
4.090032881283393595e-01
-2.216234636746426401e-01
7.315050599982829693e-01
-2.118484586664469482e+00
-1.160157361103922202e+00
1.308148783980902785e-01
1.570966838887659422e+00
1.063863949779620677e-01
1.799317926888057209e-02
-2.939142322114730366e+00
-1.188788514466539770e+00
-9.727249302497165129e-01
1.954290850251408918e+00
-1.357154371420799643e+00
-2.858460919034686576e-01
6.105993875728989995e-01
2.216968588908975191e-01
6.710284373761399301e-02
-6.736655888264345693e-01
1.113563476623129489e+00
-4.820382184261135516e-01
1.130591786139687915e+00
1.421577430994831748e-01
-8.734104386984394841e-01
6.457050502414770632e-01
2.273813691200882448e-01
1.181240484731239104e-01
3.426807608585374365e-01
-2.718802164475576433e+00
-3.266537607716642477e-01
-5.856798840299975994e-01
-5.086685324071446024e-01
9.946668947005120609e-01
-1.158614422920377418e+00
2.243286007981274699e-01
1.730403822819711612e+00
2.145671625372046892e-02
1.362046594395687205e-01
1.060415737744480752e-01
-9.924925423049113515e-01
7.197614060580334039e-01
2.741244185278173817e-01
-7.143117838746090298e-01
9.014543923355777810e-01
-5.961784703725601098e-01
1.131946257426845737e+00
3.086269065283157031e-01
1.178269411857562066e+00
2.461416655979216550e+00
4.142389366977030085e-01
-3.556935569812510467e-01
1.803761517774657097e+00
-1.326527786401174192e+00
-1.821107147762496270e+00
1.124972349118499526e+00
1.432789322104368379e+00
-1.782791642810419797e+00
-7.906057581074613649e-01
-9.804488671518692966e-01
7.064762912694860786e-01
1.010087599603524788e+00
9.795429728280651283e-01
-4.947032291309410579e-01
7.381036748410135795e-01
1.689488347648230082e+00
-1.763632261465661211e+00
1.408192857847722079e-01
-6.775754085759713718e-02
-3.291246200196070171e-01
4.624321612203702303e-01
7.307764444977681295e-01
-2.186214234129286310e-02
6.325766584121678138e-01
-7.101256881651725195e-01
-2.606442534841126868e+00
-7.700334737131779850e-01
1.205971391650540125e+00
-9.070247560654881580e-01
2.081173445676907097e-01
-6.057878349062013612e-01
-1.565034870215283647e+00
-1.431730848648680166e+00
7.757326698146620458e-01
1.805883916054716432e+00
1.285525479532518389e+00
3.911360393196221530e-01
-5.909359009075597635e-01
7.414245869430374780e-01
1.368012926413693986e+00
1.777204639626682958e+00
1.342866018668771977e+00
4.856753277915083489e-01
-7.591158935027829402e-02
1.424087007045392150e+00
-1.123269217825097477e-01
-4.956130615203997031e-02
-8.411244048111259364e-01
-3.334114000366024122e-01
-1.036851188067455354e+00
-7.552921141006360140e-01
1.639220592574887725e+00
-1.016893519621203668e+00
2.225930405045947857e+00
-6.630372011824663403e-01
-4.281390783348396067e-01
-1.812937946626210994e+00
1.856933734433092176e-01
7.316556152380863098e-01
2.074772159302666008e+00
2.222143924477484878e-01
-5.186994890570753025e-01
-1.354618041999709366e+00
-1.024999695609814854e+00
-7.086533127955217948e-01
-1.149872117417474859e+00
1.524908100795244081e+00
1.504441882320364909e+00
6.876384106399600071e-01
-1.322682623006410152e+00
2.978583788770134411e-01
-1.386235332088924244e+00
-1.272509132163772261e+00
6.336400453823297640e-01
6.218898305103255364e-01
-1.184156143227067665e-01
4.349774162968415014e-01
-1.221767656113708966e+00
-1.456540705086027732e+00
1.815209302354409360e+00
-2.967384799804469453e-01
6.801693101738127689e-01
1.440032681518750524e+00
1.945065546715757376e-01
1.057046695963284710e+00
-6.992016888515426576e-01
5.137755232170150288e-01
-1.831586586791038307e-01
1.198421275821941245e+00
1.336193266648507960e-01
-2.619691236149752078e-01
-7.910157933406711805e-01
-1.987089157958274177e-01
-1.377470647672843995e+00
-6.946966618087792034e-01
-6.235017041675903204e-01
4.350732429519046374e-01
2.282755056901833779e+00
2.272303925603346819e+00
2.577826215251110553e-01
-1.237240648674175381e+00
7.372077314564937645e-01
-2.688894214448256825e+00
-1.126568316825822480e+00
-4.802428572620416336e-01
1.543136076031184523e+00
-2.003681485234972914e+00
1.292486690384459846e+00
-2.656682175374933119e-01
-1.053492572854147324e+00
-1.612544741221869637e+00
5.028354792341188650e-01
1.678271778146271376e-01
-8.511500601244325059e-01
1.966168951674507559e+00
1.536140318663516302e+00
-3.524999885839542046e-01
4.937995280511655039e-01
1.019381218578721437e+00
1.171554002882107426e+00
-3.064969282022305674e-01
-9.936013610879330660e-01
2.172120944528141140e-01
1.263606386027791018e-01
1.399587783803065699e-01
-2.430190464330234779e+00
-4.591242121972100576e-01
-1.516819265616177637e+00
8.686718779807801605e-01
-1.363151620415028908e+00
7.930667060843343830e-01
-9.488155982703657676e-01
7.354332907914741257e-01
-5.607644173341076455e-01
-2.273852010819571223e+00
1.901735075894784854e+00
1.291769454300513820e+00
-7.967373305425209384e-01
4.659921686132386665e-01
-2.859901031097181190e-01
4.611530248864971759e-01
8.039377783388618193e-01
-1.165415335389286655e+00
-2.388262419872664022e-01
-1.260907750623056156e+00
2.125538643595392241e+00
4.504386684742298641e-01
1.759824867466539100e+00
7.393211449853980266e-01
-1.040083166650193902e-01
-5.138320349724416758e-01
1.003338242492649801e+00
-3.328179206608730123e-01
9.652729824487350507e-01
-3.256848666732411468e-01
-3.253665548977187350e-02
-8.077674789976403424e-01
-4.577150912587555354e-01
3.143615634127219227e-01
4.084149026001931970e-01
1.156373442230135939e+00
-1.456274357974316258e+00
1.132029348040491712e+00
1.985720372499726605e-01
6.660725896800645529e-02
-2.105177323750926366e+00
-2.351795180338255964e+00
1.110287839921401787e+00
-8.252454488300614566e-01
-7.762219012859848943e-01
-9.346823293958420598e-01
-1.197869142586440283e+00
-5.492467088397684494e-01
2.472606178784655107e-01
5.927486708639639890e-01
1.682568778309068702e-01
1.905527215166207267e+00
-6.386801526181659083e-01
-5.067441787219574278e-01
4.698026166520801739e-01
-1.290292247594084341e+00
8.718623576122105368e-01
-1.294980345018988954e+00
-1.571553212132066779e+00
-9.757949733400549386e-01
-1.037708367932206555e+00
1.355870019651315816e+00
2.974461666548170458e-01
7.795712556329960075e-01
-8.219817657217329820e-01
4.080898345397054316e-01
-4.200787626299628541e-01
-1.900336247292309988e+00
1.252363450721911908e+00
-7.120945421547218990e-01
2.153012196183430940e-02
-6.443165397040861997e-01
-3.868131595677475748e-02
-8.318700721406203646e-01
3.591040059712755084e-01
-6.344945735161807709e-01
-3.391678962688159382e-01
-1.246850426034461723e+00
1.627432970710667393e+00
-1.160107996838578792e+00
3.631185954925030268e-01
-8.161338360099897882e-01
-1.061527012590226526e+00
-3.925733260833616511e-01
6.367838956839094733e-01
7.881466078674947973e-01
1.991709334808986931e+00
1.130881895782465341e+00
4.462285711458162663e-01
4.418819075954075193e-02
4.170029819141244376e-01
4.561843640375165543e-01
-2.196171871847965029e+00
1.214433383389031118e-02
1.406185793744698209e+00
1.550937247176392475e+00
-1.185093265089085302e+00
-2.005366528403106585e+00
-3.042643280226448033e-01
1.442339686126445086e-01
-4.939573524562722029e-01
-5.864045522444178565e-02
-1.268543362469501723e+00
-1.891234297060652603e+00
-4.969762380341071206e-01
-7.034249475642069538e-02
9.943389597172415106e-01
1.767383682282749557e+00
7.512803455892493876e-01
-9.918977122502448118e-01
9.110912181358495898e-01
-1.058318403860842860e+00
6.054073658628008475e-02
3.083890521556392761e-01
3.545448243370522001e-01
1.648406421569434732e+00
2.552394830686056437e+00
-8.147979996701685268e-01
-8.491072571933521163e-01
4.502119203133191083e-02
9.314944422339369590e-01
-1.853173925334120897e-01
4.179091888022448131e-01
6.115110209869221158e-01
-8.443812535659799279e-01
-5.950036507187682622e-01
-9.446177977534017112e-01
-1.652591370559109984e-01
-1.808045292522995284e+00
1.090828439128284533e+00
-8.058578653574339778e-01
-7.485803655611532603e-01
2.653006819935797012e-01
1.293007812660585953e-01
-2.189418767649478070e-01
5.281253561590747436e-01
-3.294118046436074754e-01
-1.203800883448347125e+00
1.264266575753573985e-01
8.290514811259586114e-01
-1.918517124001702934e+00
1.803424857408052195e-01
3.434975515358683618e-01
1.391890386112065725e+00
-4.729365373005129936e-01
9.242052205315515190e-01
6.167262389266914280e-01
-1.358721539362156783e+00
3.669733217711538265e-01
1.616006251781488379e+00
6.689279744806749806e-01
-3.199363446801305466e-01
1.508671882352723648e+00
7.187481185223575098e-02
-1.335833543446230287e+00
1.705653941582235267e-01
9.325932300150236998e-01
6.283978068582746213e-01
-1.881582411531270704e+00
4.402314965189831897e-01
2.123343433261582369e+00
-3.672621371003691459e-01
7.191860315553324501e-01
8.205492622656670454e-01
2.268649714731587164e+00
9.641727848926084921e-01
-9.213254247095628013e-01
8.590936844702715680e-01
-5.512066985570668320e-01
1.072264534183784646e+00
-1.770136352565891302e+00
-2.928480381891496176e-01
4.600134441225425808e-01
-2.190369202463348375e-01
5.599211544498239324e-01
-1.756172683143886415e+00
-1.334173988825163581e-01
-1.390278692881356415e+00
6.996085345952751666e-01
8.893804362905093353e-01
-2.153578944962906416e-01
-2.029139046549461867e-01
-1.494582057609306069e+00
-4.328722632985895769e-01
5.247817805480052833e-01
5.781547989846476110e-01
-8.900885362396552258e-01
-4.664727435601175864e-01
-1.866313495404678668e-01
-3.655726689170243349e-01
2.438530617888604590e-01
3.046901268571882912e-02
-7.368785521111471670e-01
1.680683504721283139e-01
4.372224146085620378e-01
6.194690579276452835e-01
6.621083549753897790e-01
1.052163330454817469e+00
4.313499255763972862e-01
2.762524964494517676e-01
4.408366996601556509e-02
-7.630743819925056570e-01
-8.415540903587593879e-01
-7.905189192967679856e-01
5.287941840463213916e-01
9.565894283434168699e-01
2.098982403409186848e+00
1.839452223344905657e-01
-9.428718450803492690e-01
4.698162081775852372e-01
-1.317817868902452449e+00
-7.684974189763685848e-01
-5.983088520038348096e-02
-1.254473859302062955e-01
1.344992082672015199e+00
3.000561659476228549e-01
-4.832228032753752567e-01
7.158864985981158724e-02
2.389401370497109822e-01
-1.618958118979128225e+00
1.836253053125662893e+00
-2.017627993085440608e+00
9.025223606025242207e-01
8.487999856034755819e-02
5.936477662971137992e-01
-1.686374471220649429e+00
1.127403927738856337e+00
7.519154347407339678e-01
-1.367135393109789820e+00
-1.524720063027552808e+00
4.005828409462046102e-01
9.834745626977340338e-01
3.744721218913220073e-01
-2.958495860908599284e-01
-2.971478485171232808e-01
1.699701361763882868e-01
3.735098843332578245e-01
-1.413192646918897122e+00
-7.649495009864283324e-01
7.443189794265722137e-01
-1.229009078178704639e+00
-4.060513222768445674e-02
6.887826017677222135e-01
1.042462164255851143e+00
1.113613087125999490e+00
-6.164450209348414783e-02
-1.394227390038716985e+00
-9.454212669812772640e-01
-9.633054160562175283e-02
1.397175464137105028e+00
1.557954738828862595e+00
4.604949583007818537e-01
-1.022440334765423176e+00
9.377976358644449784e-01
-1.919441453239907336e-01
8.307609680659083784e-01
-6.323454694883242633e-01
-1.095337583436703399e+00
1.328270832552831848e+00
6.477629873203566424e-01
1.095265333321371326e+00
-5.651695950759880738e-01
1.954130463453230604e+00
-3.949974218986865293e-01
-9.432324194521514160e-01
-1.479978848549062809e+00
1.882675937988428805e+00
-2.819081069957982133e-01
-1.100764026160735209e+00
-7.524897513036410412e-01
4.288418538738611452e-01
-2.296125304344799264e-02
6.175412651328611169e-01
1.291381056544460837e-01
4.147254693260709058e-01
-1.015669324982895194e+00
1.338935559044724277e+00
4.497280448237822581e-01
-8.600509082442915343e-01
-5.029463003745887617e-01
-2.044198563783277578e+00
-1.380015220591819247e+00
5.830850714859000389e-03
1.871734671650714665e-01
7.508759513918848993e-01
-1.281768218722839858e+00
1.848885272503035526e-01
-2.185129574351879267e+00
-1.348978973808394044e-01
-2.544989853779592304e-01
2.080224266736226735e+00
4.089632420010406305e-02
1.615304310944898347e+00
1.675135398428682532e+00
3.817633357000556615e-01
-1.299332718987693536e+00
-1.612253979859832875e-01
-9.474282519492707166e-01
-1.412320294823852018e+00
2.374099230906997260e+00
3.248776334623330597e-01
-7.626696629604552413e-01
9.573454432191953467e-01
-8.676838356489788850e-01
-1.563857889674315160e+00
3.124755480589446188e-01
9.417968331119104253e-01
2.072675275423079277e-01
2.634644811424360911e-01
-3.566321200070450281e-01
2.282399295645149095e+00
5.856139703908397331e-01
8.203783427198060307e-01
8.728627181247029521e-01
3.039038655616396856e+00
2.249607910959499968e+00
6.146140647944615676e-01
2.434720201042416932e+00
3.204276472133762987e-01
-1.509813752716328450e+00
-2.156678817728755693e+00
-1.487514507696389432e-01
-7.922713989804407442e-01
4.859307929888146416e-01
7.355593147663883613e-01
6.490256707030825911e-01
-8.083790792750695786e-01
5.404421629384614789e-01
1.384961383845209948e+00
8.411703002835719811e-01
-8.943496863822920639e-01
-1.210304605732045236e+00
-5.257268945845540165e-01
-9.960318552059619357e-01
6.059222914894231149e-01
-1.122699110208898787e+00
-2.897656098279508541e-01
1.984875137950697477e+00
2.450263274896287702e-01
-9.283895135392027376e-01
9.927589297222068065e-01
-2.851184314324908819e-01
2.130680422354272352e+00
-2.452061056073562839e-01
-1.830120833340699860e-01
8.697022884159785194e-01
1.567416846253098794e-01
1.236327656450207924e+00
-4.345839516885463549e-01
-5.226889404467857103e-01
-6.162645595806823251e-02
1.213811166736977531e+00
4.959378905944180488e-02
8.285249187842771423e-01
-2.027867769842970902e-01
-5.624302146635691557e-02
-4.203592994946406813e-01
-8.598727291963584873e-01
-1.559283823573673899e+00
-1.535778227755144387e+00
2.131766099702163686e+00
1.870958208879021978e+00
2.498299673725444592e+00
5.217112968057777689e-01
-8.710614361900836933e-01
1.267640339586614262e+00
8.492191679242104829e-01
8.428834218936462896e-01
-1.421797587379430405e+00
-3.071554642220142295e-03
1.492149699632671078e-01
-4.530555835823848465e-01
7.396253639218465237e-01
8.256584192748679385e-01
-3.092998858232282045e-01
-1.802653007907067950e+00
-1.901279295018438509e+00
-4.842391019696404841e-01
-1.871891858174139944e+00
4.994241001610051356e-01
-5.033563637615301456e-02
1.467624252045964139e+00
2.759135043168941426e+00
-1.913910948439647708e-01
8.126693025468847420e-01
1.445239286832581627e+00
6.326789035215010237e-01
1.576878122030167084e+00
-5.907137473309007625e-01
1.678690955954809771e+00
-2.929108445979738962e-01
-2.997427005388195176e-01
1.382372425491697143e+00
-9.719019621984497093e-01
8.221976179481852443e-01
1.197480598748957181e+00
2.040959506314901084e-01
-1.728082332613310568e+00
-1.316293786986491465e+00
-4.274089231929134036e-01
1.212042125525884639e+00
4.267958743682226164e+00
3.113702531591648004e+00
1.932197553576368021e+00
1.269471085980657943e+00
8.237323255554290791e-01
4.228297664852475046e-01
-1.027000336883251874e+00
-8.648616125048981251e-01
-1.196696727564169782e+00
-1.723717044551027477e-01
2.279909819021766482e-01
-7.490830407128937773e-01
5.720465743857517937e-01
-1.742200507870729220e-01
-1.981834553926934195e+00
-1.611684978343108421e+00
-4.789627246325250942e-01
-3.314947892677682639e-01
2.439917535076569499e-01
3.549126698804139224e-04
2.885961952308249145e+00
2.078270460117973784e+00
2.231605656241232083e+00
9.008732758162963927e-01
4.956463553582317605e-01
1.421172797310295000e-01
-3.257570612326127213e-01
-1.146924493957318880e+00
-1.291668593864795822e+00
4.161161354842510818e-01
-1.517892145091279676e+00
7.544230289143288859e-01
9.761878564972108485e-01
-4.030291211707400234e-01
-2.712356761691727680e-01
-6.719184885259985585e-01
-2.294212622685873892e+00
-1.193045146799754264e+00
-7.046182989591039947e-01
-4.224645820906858251e-02
1.330582339645520085e+00
3.376672753125546933e-01
2.316004259138078947e+00
9.603398239963154559e-01
6.903486870075087323e-01
5.298485702912528739e-01
-1.718095066985984243e+00
-1.843566484103265957e+00
-3.577860598327300412e+00
2.807731372575728024e-01
1.623206595954612919e+00
1.896826971274728768e-02
2.853290940319335167e-01
-9.140636180204698702e-01
1.174200505769729119e+00
-1.237058279115162529e+00
-9.011248486545797576e-02
-1.958908721374364781e+00
9.709278355532628968e-01
-9.269979325770728584e-01
2.756757885634783189e+00
7.408630685981705266e-01
3.533958235096915423e+00
2.591600699188615131e+00
2.756996276924152056e+00
4.475058719523886674e-01
-1.912884990370460336e+00
-6.462302190325515117e-01
-2.480382609693634777e+00
-1.765852992582170433e+00
-9.442856540091003614e-01
-8.635232095959770593e-01
1.442539015047106243e+00
-1.525180444650153122e+00
3.992586247208668171e-01
1.534829498070193088e+00
-1.126643231117957056e+00
-2.121049925243697398e+00
-1.337522417831418231e+00
1.093715452082808959e+00
2.239114019610160433e+00
2.543773241776704719e+00
1.702518591265532066e+00
1.001441217710981046e-01
5.128762368476283973e-01
-6.867074668002426385e-01
-1.144802568667916853e+00
-1.315187650426835830e+00
-3.065109057066544462e+00
-1.605677938392421789e+00
-2.606664871797832017e+00
-1.876064146058419591e-01
-1.673739525084817936e+00
2.149511489821287480e-02
-5.461479530043709119e-01
-1.524403269222349699e-01
-1.066894956612054468e+00
-2.180806066620620598e+00
-4.477243790115019717e-01
1.298022845503126854e+00
1.774707360049207372e+00
1.187009740459414653e+00
1.368316118370456191e+00
-2.691841592001620320e-02
-8.744085851973648627e-01
-7.034403191217416529e-01
4.926722336379045775e-01
-9.156837070476145923e-01
-1.787330830644031643e+00
-1.598013880814638910e+00
-1.551132698964378331e+00
1.067940909733981147e+00
-7.408639262205307663e-01
1.205211777668460105e-01
1.958331256449685753e+00
1.490552087399521497e+00
-1.705100225037979311e-01
-5.267869468237597053e-01
1.553915641332312525e+00
-5.430930341507187453e-01
-7.809976904763664685e-01
1.407722594749255096e+00
6.788075825781541006e-01
9.514282638543052339e-01
-2.442889981733886717e-01
-1.289848454305172920e+00
-7.288268630378530455e-01
-2.732140872150747413e+00
-1.356052513738399412e+00
-1.998424547727952305e+00
-1.340924843134051692e+00
-1.151272849762733808e+00
1.422799678590943806e+00
2.171434229827288398e+00
1.611765982556655263e+00
4.613929067378199078e-01
1.522701006160079640e+00
1.344451912686959738e-01
9.496129773969306243e-01
1.265260040524164964e+00
6.311348177091876677e-01
-1.327472980302756067e+00
8.328096486531568754e-01
1.377660135761745952e+00
8.393329128480624401e-01
8.777924522860339751e-01
-3.022303959739971457e-01
-2.517206242118752879e+00
-1.820477822670367729e+00
-2.017470138512261979e+00
-1.587192792206986391e+00
-2.301210092376684835e-01
1.426684232405200703e+00
1.051714003166908107e+00
1.708460584990162623e+00
8.559200571862503049e-01
-9.107463941867122159e-03
1.340519146924150640e+00
4.461412455775257135e-01
-9.249779817394695458e-01
1.001146882034379265e-01
1.196699585068633054e+00
-4.325759501973802656e-02
3.308130349285011151e-01
1.156941136981360474e+00
-1.814323076445150118e-01
-1.727052648606403062e-01
-2.591393678156484359e+00
-1.521299772718419652e+00
-9.641308529016346940e-01
-1.271208112615517027e+00
-6.496962498628378047e-01
1.114907756818000584e+00
5.109403199080270186e-01
3.693135840997789909e+00
1.866584994993079505e+00
5.084960715692057320e-01
1.623840910665562909e+00
1.135428959606667343e+00
-9.238669108381420969e-01
7.882076115725045184e-02
-5.762522076862013343e-01
7.415268290058735223e-02
2.398546507110178583e-01
-7.490069159356510520e-01
4.027479014031334209e-02
6.239828397567624974e-01
-3.208198399553452873e+00
-1.748080064605001871e+00
-2.805068949403922929e+00
-1.563782889143242816e+00
-9.509371365120249386e-01
1.673316465446507806e+00
-4.589776583788582887e-01
2.390388677494814651e-02
2.553834693753390006e+00
2.756490182259260457e+00
2.175912820253403712e+00
3.575006931050858650e-01
3.966090724379793819e-01
-1.004454707067567565e+00
6.769366358901461878e-01
1.430080089453636738e+00
5.227868718837476170e-01
1.101920377902720016e+00
-1.590654656264734346e+00
-1.449960973616507109e+00
-2.627225534104699278e+00
3.321019008746817214e-01
-2.339443417724798024e+00
-2.182766642317633288e+00
-7.676163883422486567e-01
3.485809146932448144e-01
1.629657440387358047e+00
9.473233461211146844e-01
1.459492567457246093e+00
1.671144762464593647e-01
6.293902543814420270e-01
1.452121383146835143e+00
-2.629748318349580227e+00
-5.171037040797898943e-01
3.442361018064132860e-02
1.438539436876016708e+00
-1.331675616359818459e+00
1.832626382909152696e+00
1.082100498799614563e+00
2.617156490463929952e-01
-1.031145215102226231e+00
-2.095167544305076124e+00
-1.619947681865294253e+00
-5.861849734005205592e-01
-1.671027761484309426e+00
8.410829637928629587e-01
2.369050609981200317e-01
2.526329184989715149e+00
2.046378728012780090e+00
3.223060541151994585e+00
5.399428070915490707e-02
-5.150334072459876733e-01
9.371085420231715091e-01
-1.082740782355789078e+00
-1.597638934876763894e+00
-1.157770635904261436e+00
7.869563203407423657e-01
1.793669262375632290e-01
1.062756853330007356e+00
-2.581192912278703844e+00
-2.247674258946749104e-01
-2.185087757290142374e+00
-1.645837518749067030e+00
-3.232102634912237260e-01
-2.506813277699373455e-01
-3.880168819472035180e-01
1.519120505808643440e+00
2.387211640048586325e+00
1.801870403793131237e+00
1.836675505257169716e+00
2.685504577967794404e+00
8.092552901063794213e-01
8.453219273370298215e-01
-1.547190404364334526e+00
-1.007066011200383748e+00
-1.100282815955789362e+00
-1.158211874458534130e+00
2.129219406004387860e-01
8.890735293736192757e-01
-7.961114254299959114e-01
2.814575355320840244e-01
-5.515729034308286538e-01
6.625170476053254820e-02
-1.091447376808146963e+00
8.281317724449992479e-01
-7.294736205876237722e-01
4.872811948336286392e-02
1.070876734920325868e+00
1.606840459390691311e+00
2.643371052237782681e+00
4.633534296840691180e-01
1.345456624882933383e+00
-1.636747256938358763e+00
-8.223121348485664672e-01
-3.010588923783595661e+00
-2.352484033509545824e+00
-1.295492686423739270e+00
-7.272318395669924440e-01
-6.966802744556808147e-01
-3.991880332354865724e-01
1.035773242846461661e-01
-1.149583689215647908e+00
1.117657046721514114e+00
-1.821399956208707316e+00
-8.358524334504506825e-01
-5.078102304388525390e-01
2.556822532841557472e+00
2.017892986973198965e+00
2.044558882885657791e+00
1.968180578812489534e+00
2.221434725881175964e+00
1.384243803424905161e+00
4.682827148153099195e-01
-4.612781192830989196e-01
-1.544610279512872442e+00
-1.460589183955159465e+00
-5.540895123718149184e-01
9.276924142792268846e-01
-8.163529811983286089e-02
1.185674591930647281e+00
-2.320674983009180514e-01
2.098659690801266131e-01
1.001400511276065441e-01
-6.854916502594574634e-01
5.561155029740777467e-01
3.413871438998832275e-01
2.157025336510338676e-01
1.538688506641338050e+00
1.490950202297519844e+00
1.809484745488587398e+00
9.411746859860987691e-01
1.741304712143312727e+00
-2.050205980506847325e-02
-1.249363767762039501e-01
-1.265573885376734431e+00
-1.852716108614388846e+00
-1.034350326482236015e+00
-8.463154271642641113e-01
1.066645473801855482e-01
1.803837211481547909e-01
1.753046371856991525e+00
2.970458697948253901e-01
4.807442824143940419e-01
-1.438252663436775158e+00
-7.691656356666223271e-01
8.943508958155081678e-02
-3.849497494581237689e-01
2.451806286725388695e-02
1.001848518454548476e+00
8.367352913863820296e-01
2.719626411766941310e+00
1.812180396729755394e+00
-2.031072415902314132e-01
-2.668386260155647172e+00
-1.579490597154129761e+00
-2.627994717987585549e+00
-2.092366505607889060e+00
-8.713325248289004454e-01
9.826393659980570128e-02
8.769754137989804743e-02
4.184773046597381474e-01
-1.927787067043162939e+00
-2.001812666972642152e-01
-5.107009365404158174e-02
4.876103508872950965e-01
5.141998652485912924e-01
5.519472656782324904e-01
-4.010399450482943218e-01
3.377315958944779872e-01
3.694659327499224544e-01
1.896434418586781190e+00
4.636595244025933371e-01
-4.468915814920253471e-01
-1.344824719601392049e+00
-2.284827554043156628e+00
-1.924608587785956448e+00
-6.667768953846051616e-01
-2.470276347473796541e-01
-4.332677819470336367e-01
-6.754801875956721879e-01
1.463378901666458454e+00
1.333616449582604169e-01
3.090148941727652310e-01
8.044668741885268037e-01
-5.768891405058240718e-01
-4.843811300932344133e-01
-1.715545073018147182e+00
-2.081182335290904239e-01
8.560147088317939801e-01
1.154012426991571694e+00
7.270751399372136214e-01
9.210617962925199409e-01
-1.503947487213829870e+00
-2.311184325467250833e+00
-2.351207315265369857e+00
-2.113235136777144696e+00
-3.066807946335647905e+00
-5.736020812243013411e-01
1.188483401099634795e-01
8.879196463248909543e-01
1.705493526656853165e+00
1.899297208473988974e-01
1.516806959262999799e+00
-1.840897860077169490e+00
1.920241198475489686e+00
-1.128656265629569777e+00
-5.751622212080109708e-01
3.137240107671899203e+00
1.193923106965205094e-01
1.216350440337565564e+00
1.862230991920925005e+00
6.542873349632749580e-02
-7.545225611104733332e-01
-7.253972461340929545e-01
-1.127311476997735706e+00
-1.563790146178793306e+00
-2.119739574444153174e+00
-5.340778659529958894e-01
-2.122572265720829243e+00
-1.990341599068162548e+00
1.307596036384263805e+00
4.219161976500793720e-01
1.910143804751437191e+00
2.836408614678562756e-01
-9.451817338323947881e-02
4.447809291972946305e-03
-8.820940344035284042e-01
7.108720290228432992e-01
1.028581266677663919e+00
1.094143761272389215e-01
1.780946019299110450e+00
-3.665083395293253776e-01
-1.236685302517732898e+00
6.486537996579475607e-01
-3.379016608696929769e-01
-2.261932852410933670e+00
-1.018481037416303359e-01
-2.219901007569362150e+00
-4.543974821572375755e-01
7.845944051531358321e-01
2.532432217487149195e+00
1.530097097024338382e+00
2.110710697106537026e+00
1.802339323878844102e+00
-1.266903287410272583e-01
4.912623378986048506e-01
-8.920280999838479108e-01
-7.422809951550508600e-01
-5.082917637125345944e-01
-1.959503813758630697e-01
3.219619103832312423e-01
7.372524705349086105e-01
-4.935008688293432977e-01
-1.348423592663979820e+00
-4.481309870445225885e-01
-1.553789597768433506e+00
-9.723097693623318216e-01
-2.971237407468798608e-01
-4.640612724460700944e-01
3.705771052817034006e-01
2.314732347633750908e+00
9.002980810106195886e-01
2.940015804237975594e+00
3.017366526175863317e+00
-4.425779678551167162e-02
-1.260190617182000095e+00
2.136161202750029853e-01
-2.454616655378850876e+00
-8.904185051091972891e-02
1.372237024544749329e-01
2.082407945887320366e+00
6.543907999407650999e-01
-1.083453024771867668e+00
1.711592383491753466e-01
-2.531557916282923815e-01
-8.548366994354785753e-01
-1.134607519680354892e+00
7.329020493953801729e-01
1.108290878804817137e+00
-2.781529829692408473e-01
1.474939535507600707e+00
4.178413427461748597e+00
1.494063538469381225e+00
2.693779209397391128e+00
-4.807636263277942357e-01
-7.757243627220739013e-01
-1.443543146161894608e+00
-1.146161684456676877e+00
-1.651561971892529845e+00
-1.842936932112878790e+00
8.951732859572060219e-01
-1.921670449440579520e-01
-9.248968710243438140e-02
-1.401869086742223436e+00
-7.855571448650349176e-01
-1.667745918289259777e+00
-5.181452290866986887e-01
-2.170836917635462271e+00
-1.701291961505641659e+00
2.472445218112090393e-01
2.608382326082641534e+00
1.640553137098727410e+00
3.537095060661842094e+00
8.888978458881061639e-01
7.711317687365955020e-01
-1.553095623952879922e+00
2.113108899681742647e-01
-1.591084026880018376e+00
-1.384605219291139999e+00
-9.451346849334024691e-01
-2.183553051607822482e-01
-9.509265075093156216e-01
-1.620547153159454801e-01
4.706243322880324653e-01
-8.750153884429667794e-01
-1.232332116048021398e+00
-2.286142786967698015e+00
9.616047739994326715e-02
4.982691732094554626e-01
5.700546790939541308e-01
1.311094855854829211e+00
2.824868919923217980e+00
2.181962165018382027e+00
6.600086843005965598e-01
1.514883329275262369e+00
1.276519210620246980e+00
-6.892491746787247076e-01
-1.713601854823962878e+00
4.127648221906721204e-01
-1.886400034231479506e+00
-2.479299466402807628e+00
-6.063238804466053455e-01
5.767297480451160085e-01
-1.268482842810841671e+00
4.254354804956881342e-01
-9.091295153399925333e-01
-4.609346425483981102e-01
-1.917141412892383157e+00
-2.071656859929856542e-01
-1.142907830581844753e+00
1.362048431404373483e+00
1.876453303014677054e+00
4.948886477259686778e+00
2.260625726429943860e+00
1.436999905729239968e+00
1.737640133129217945e+00
-1.486759870603061584e+00
-2.491739731354289944e-01
-8.345090899795324368e-01
-2.183135286218914395e+00
-1.590785792362443996e+00
9.568179746857710111e-01
9.733918841581945536e-01
6.092929461896789967e-01
-7.709636804794031129e-01
-3.378270697847145509e+00
4.042334835055988451e-01
-8.871648272169080363e-02
-1.240359109801298487e+00
-2.671193103367407451e-01
1.563526981771152791e+00
2.543585759772614807e+00
2.495438715305820843e+00
1.524545479163784023e+00
1.278212303651313109e+00
1.299095738653602394e+00
3.848989908188834574e-01
-2.883576006178887763e+00
-2.381803526530252402e+00
-1.460527647478621738e+00
-1.454216172930641537e+00
-1.150419486802439328e+00
3.529814180687992353e-01
2.514938990235843219e-01
-6.277416334755345773e-01
-2.786843196661414890e+00
1.885177230229113932e-02
3.668485705365279737e-01
-7.887716544210513492e-01
-6.704121356250797303e-02
1.134243162425633944e+00
2.353832075191868878e+00
1.981606940432644404e+00
3.386956769717588411e-01
-3.363008414617117969e-01
-9.127400712498212609e-01
-3.006611107048734688e+00
7.230905580416058243e-01
-2.158013996754385655e+00
-6.294818639500692203e-01
6.139271234603402849e-01
1.942810918208559556e-01
-1.154423098460192199e+00
-4.598526370235080929e-01
2.827332622484421076e+00
6.928355415121338901e-01
5.967017800644542902e-01
-7.654584789929800293e-01
-8.805239693494628650e-01
-5.957223689426726088e-01
1.713448110893112331e+00
1.049943151763629068e+00
-1.161953356580177843e+00
1.605594183821365428e+00
1.707943044922438869e+00
-1.497964784848940245e-01
-4.787848755104263665e-01
-2.084803480847808643e+00
-3.234504177911827760e-01
-1.763049072495346037e+00
-9.890843137577710609e-01
1.364223198451737895e+00
9.019009767199714922e-01
-1.196285880375195232e-01
-1.966380193165839785e-01
1.492659589933608366e+00
6.000138015730629437e-01
-2.341509174917879132e+00
-6.489242604095754041e-01
-1.013833250626501592e-02
2.269679899525731681e-01
1.209654312663526410e+00
2.004542075939250712e+00
2.647533550883187203e+00
8.246973786800323447e-01
-3.555660837088902571e-01
-1.299316353580220351e+00
-1.800464307703521616e+00
-3.056065109711718630e-01
-1.426251979345946275e+00
-2.187924412950906561e+00
-1.156468348099821686e+00
2.280998260864952609e-01
2.106702780082431392e+00
1.538563891204049350e+00
4.209426931322356458e-01
8.030348478049832428e-01
-1.512133186435325460e-01
1.198334115852229598e+00
1.275473191226087710e+00
-5.612538179522149617e-01
1.362740575708141222e+00
-1.698480181100784359e-01
9.943075416842024339e-01
1.887960462788101257e+00
1.612675236284202285e+00
-1.094105277025909650e+00
-9.590573089579159660e-01
5.042508028376643248e-01
-1.201346076399720797e+00
9.805865519407376274e-01
-2.026357233075316844e-02
-1.389000552404513700e+00
-7.000638723826911880e-01
-1.256332698995725972e+00
-5.931529340744298162e-01
-2.804471704193309378e+00
1.089472885711654460e+00
-1.256356490387022240e-01
1.353725811830292503e-01
3.920026744853309930e-01
5.422594906943376536e-01
-7.647571117428927367e-01
-1.441410455894029274e+00
2.686052602640140452e-01
-1.069005523860549145e+00
-1.016234925857991411e-01
-9.014393162322732744e-02
-7.293744861856934492e-01
4.319167205869952064e-01
-3.791222441583583791e-01
3.788177500715345647e-01
-1.091288547906517775e-01
-1.956086914642889196e+00
-2.001568012943022445e+00
1.809108444416961836e+00
-3.499082702461786543e-01
-4.089513462197975069e-01
7.171961394839144743e-01
-2.116840728688325068e-01
9.525326189261923426e-01
1.012555899376122781e+00
1.625747580530812808e+00
-6.952713513012556135e-01
9.554016207217305157e-01
-6.761659694729333925e-01
-9.109126343500378864e-01
-4.939035812638691292e-01
-5.046042225638491807e-01
-9.011723898798519317e-01
1.076164178218236289e+00
1.631648919549149035e+00
1.446420293117026967e-01
-7.775816687526061755e-02
7.708069356402260652e-01
-1.170300277743883122e+00
9.246242200898224795e-01
1.211346512304577905e+00
7.181368179090849013e-01
-1.346199215531274973e+00
-8.466255394000352652e-01
-1.056069339582220434e-01
9.532683164748505522e-01
-2.906952542778269422e-01
-1.192442193010644802e+00
7.515799807162968360e-01
-1.068144297389600261e+00
-6.089691905763233715e-01
-3.034789299904487869e-01
7.183060856387764037e-01
1.621779784742595432e+00
-5.548706394954050491e-01
1.465676654638865817e-01
-3.909518927666451038e-01
-8.753895169481751282e-01
2.271764350778689989e-01
-1.182542299036158262e+00
-1.625781923763626180e+00
1.896820827236027351e-01
1.137122587589224576e+00
-4.731348188975592062e-01
-1.579873265220795409e+00
-1.295412801763596855e+00
-6.543330854518132345e-01
-6.174681002378867856e-01
4.330436052709237676e-02
-1.362501075657281069e+00
-7.398960508829021121e-01
8.777501642876094357e-01
7.834445060499581892e-01
3.799650539591403753e-02
9.385504572702372261e-01
3.941773943302994687e-01
-3.840067473344745963e-01
-2.449979988114742824e+00
1.009101669177816518e+00
8.030751722582214480e-01
-1.487282589521250753e-01
2.454843163652668803e-01
-1.333116597363890543e+00
-3.439196373621247194e-01
-7.991449438705297004e-01
1.064241115351586275e+00
-1.283939947225150480e+00
-2.207015814014753885e-01
6.325414418026930052e-01
9.747531801982102506e-02
5.376727472527501606e-01
-5.116261665074063325e-01
1.444035591463051382e+00
-9.306517380260111161e-02
-5.422772962995721091e-01
5.789578981692418136e-01
-1.483297678469300551e-01
1.017146901101615875e+00
3.788812502702185725e-01
-4.176069405087272646e-01
7.851428649646460256e-01
2.151449149322276488e-01
9.401351962601228740e-01
-1.531319949812912085e-01
-5.991797515819751174e-01
-3.076755042066529611e-01
-2.267652243901975062e+00
-5.794927524273215530e-02
-7.460114498490768575e-01
-3.844482445119107306e-01
2.561076591702771577e+00
-1.577405810382907614e+00
8.628333375340860867e-01
5.950642190526360675e-01
-8.104254198867040238e-01
3.503345371470975578e-01
-1.121906307951634041e+00
8.586870577119158909e-01
7.605537693760390516e-02
1.008023008989227254e+00
-6.620239749271228380e-01
-2.560985440384859202e-01
-4.595502430141220618e-01
-4.919733832598082168e-01
-2.781588749334812025e-02
1.880979407301015094e+00
7.872369343012733389e-02
1.186849367168085756e+00
-2.280101676497489349e-01
-1.456906042960228742e+00
6.351875308124574904e-01
6.880965527638042978e-02
1.330274761509752324e+00
5.249933278505403145e-01
3.109847782441341746e-01
6.661972429543465413e-02
5.074684547179385552e-01
-1.698136541685747236e+00
1.127775505049658067e+00
-2.112577528910472680e+00
1.799815026799644224e+00
4.258800694262364073e-01
-3.863084999768997552e-01
-5.306119358098267957e-01
-5.079520024552044433e-01
2.514687025218382277e-01
2.924383663471257777e-01
2.565165456029728119e+00
1.139593211938324968e+00
-2.907166955185834789e-01
-6.322470608936355818e-01
1.845393389718782695e-01
2.905352105154230397e-02
1.035788014669357660e+00
2.184485466658371511e+00
3.739421096043385462e-01
2.114036333899695433e-02
-8.510714700343791073e-01
5.287944620891660286e-03
-3.447171327800220286e-01
1.405793102990498644e+00
1.535202962665214999e-01
9.393866589272721335e-01
-7.700610116555913764e-01
-8.395878735493035316e-01
-7.357148521960772403e-01
9.670412338329039681e-01
1.084219757252030458e+00
-9.608467831480389520e-01
3.593095589642051890e-01
-5.524967003360883311e-01
1.015570408541031533e+00
1.589844342104934194e+00
8.939406433971073263e-01
-4.158067453251018120e-01
1.677773608966985908e+00
-2.289856545344871597e-01
-2.423894645056258179e-01
-6.451538696303484866e-01
1.959176584077860772e-01
-7.161079258280659277e-01
-2.607297343463362838e-01
3.506879011445685479e-01
-3.049184493421632225e-01
1.078719778899402515e+00
1.184269417658274509e-01
-2.076027638552615961e+00
-2.023217012860004882e+00
3.784998471381065266e-01
-9.831231746904683932e-02
1.731637206418850383e-01
-2.445896494790786579e-01
5.775005401384241122e-01
7.673981591379789302e-01
8.555912460760503047e-01
-1.864219448664420908e-01
2.798360070135430533e-01
-1.002821347984267586e+00
3.585246233312886499e-01
4.447742400437714183e-01
1.338784167860978813e-01
-2.292548406530713123e+00
4.994461404742934207e-01
-7.758863535875079598e-02
1.539743971911962106e+00
8.977570061850467242e-01
-3.613180718063658814e-01
1.315607729579028939e+00
-1.179240728260607884e+00
-1.778084231403058157e-01
8.935317530051201107e-01
2.566881092402905074e-01
-5.889714990133891881e-01
9.612116565879524899e-01
-1.494933176605477698e-01
1.287425861857899978e+00
8.916489035472318081e-01
-9.718677991348292355e-01
-2.092027284374242235e+00
-1.388361741046376441e+00
-1.549671490558149456e+00
-1.054695841916685417e+00
1.850897213856348145e-01
-7.128949169089389137e-01
4.778027890224286200e-01
-1.058583055184465251e-02
-1.076232270611858777e+00
3.186710077200842206e-01
-7.034395177772582164e-01
-4.382968584474969398e-01
-1.163998239064413243e+00
-1.684591771025164331e+00
-2.834220618372355616e-01
-6.341677369029713462e-01
2.919068463298474803e-01
-6.766094611587689100e-02
1.268967749636721321e+00
1.115644258280721474e-01
2.579013409155271885e-01
-8.067254187634416152e-01
-1.613475984383835327e+00
-2.384795160984142015e+00
-1.284987635212989643e+00
1.883124577257061505e+00
-1.046476951924025345e+00
-8.509820327285192443e-01
-1.245403718018164504e-02
-1.521869323742279567e+00
-1.192482838078367663e-01
4.324739588965646475e-01
-2.301351376930853010e-01
1.245551999237078933e+00
-1.970097671151797680e+00
-1.099599628300878207e+00
-1.385019211630345026e+00
7.221620852070488317e-01
-1.629740660249050732e+00
5.944819728145107618e-01
-4.946576586629665706e-01
2.131366502433338639e-01
-3.419821139342335004e-01
-3.719929653358187704e-01
-1.408574472649749332e+00
-1.353000461253038189e+00
-5.868943911371189426e-01
-5.955855907498203150e-01
8.091045910638957617e-01
-7.156669853565625905e-01
-5.257780137982661639e-01
-6.384547288724519154e-01
1.569804816118008484e+00
1.066365785846906444e+00
4.350399691540483560e-01
1.573633294442054187e-01
2.990719370009749523e-01
-1.263684466971863207e+00
-1.666122773910928556e-01
4.391600743599815004e-01
-1.204535729296656310e+00
-1.005448961778053540e+00
5.865808235241009028e-01
-2.367596570741207440e+00
-5.000769350248621681e-01
2.977928957854124592e-01
3.325142648274616031e-01
1.197523767894570046e+00
-1.475924902972379493e-01
-1.417312894596004236e-01
-2.441838029673145116e-01
-1.911929546928838874e+00
-1.269594012332059263e-01
-1.072041887503597968e+00
-2.405894359102934629e-02
8.349974438263797483e-01
-4.745632289483378008e-01
-1.307751815063423528e+00
5.243837581411036064e-01
-1.167702256083781753e+00
-2.129350147683839733e-01
1.167798788255187681e-01
-1.247163455419707245e-01
3.359542843676853185e-01
-1.360041433116088605e+00
-2.634878282591127663e-01
2.371171313834780636e-01
-2.190157024238473138e+00
-8.387219949560605903e-01
5.735413036797279984e-01
-2.142284615402572645e-01
-7.265874219063156447e-02
4.056103955468957634e-01
3.258447216983598183e-01
7.310624476115299419e-01
-4.271976769837007026e-01
-4.926220712708735405e-01
-1.371892517850800859e-02
7.102657146322873816e-01
2.652427539928223221e-01
-3.468760727951363809e-01
-1.390187806472287235e-01
2.091007554829348858e-01
1.401523282741174770e+00
-1.492692603090062020e+00
2.521547515544341200e-01
-4.769112873117630769e-01
-6.758525445722902703e-01
-5.876388673464826296e-01
-1.261439050538804230e+00
5.387182469048829025e-01
-5.657524208122076681e-01
-1.264100834903644666e+00
-1.636756053187496729e+00
-6.861827801506360791e-02
-6.706783984627601169e-01
1.259764990560250375e+00
3.160382417965281743e-01
1.142949442297569229e+00
1.021913804357027056e+00
-1.212076644944060089e+00
-2.228011247866485522e+00
1.890700154577359127e-01
1.301455115994289424e-01
-9.752396636263411800e-01
1.201538479063735121e+00
-1.998601498084546235e-01
-2.748932330397945711e-01
4.014776814093282686e-01
9.785715467456422567e-02
2.657138278387699337e+00
2.321275109830616204e-03
-7.978597979336392587e-01
-6.544988011548612539e-01
-6.368842228291019536e-01
1.843013150137985390e+00
5.577438591703792747e-01
-2.095600607790246706e+00
2.015611320272888918e+00
3.626331948962672747e-01
-2.372462645856396435e+00
1.209210577781808293e+00
9.898020154777563695e-01
4.709636179461799271e-02
5.222553184942509974e-01
4.487964556104704350e-01
6.701898238919942741e-02
-9.849512994510899178e-02
-1.471375134838336818e+00
1.426239260102980244e-01
1.333043611171506937e+00
6.448771685423786426e-01
-1.678065411334638268e-01
-1.300126043865152681e-01
1.300120469217282526e+00
-1.433734628952185730e-01
-1.865004554366098022e+00
-1.088310966191509577e+00
-9.975417042842318338e-01
-2.192493659326356925e-01
3.962141280289374623e-01
4.794632098721173241e-01
-1.346020097013308492e+00
2.670775709399315079e-01
-7.621074681326414080e-01
-1.121204863603187718e+00
-2.183036451288695723e-01
1.401586196339771995e+00
3.086387756811709515e+00
-2.437001504261981921e+00
7.589638765801010045e-02
-6.341302956007143221e-01
-1.025531899167287930e+00
-9.084403837484028577e-02
5.243737830101359298e-01
1.231702518193424689e+00
9.170200675429769355e-01
1.074011033814937566e+00
-4.604828465985210673e-01
-2.389600735869323866e+00
-1.781613801491676030e+00
-5.292323632830533420e-01
-3.217184852714952692e-01
1.686675218809411958e-01
1.059551821805130079e+00
4.876551494877450210e-01
3.895445958754384930e-01
-2.266227817510335363e-01
1.949941882456824649e+00
2.286136326413915343e-01
1.701400343433315143e+00
-9.416885196679434245e-01
2.010413636798273007e+00
-7.095218805771105197e-01
-7.605523100257611802e-01
-3.213919366461711058e-01
-1.446997603460678183e+00
9.567710720640740796e-01
1.345411575151631567e+00
-7.818478107322691661e-01
9.482556975006160016e-01
-9.828627489620972435e-01
-1.106880280097128244e+00
3.734747585269664050e-02
-6.465028058430384306e-01
4.478475756629221594e-01
6.640703199445263660e-02
-1.069316271725782030e+00
-3.820750060959983707e-01
5.695581678389063374e-01
8.135909866768649135e-01
2.053671856557062636e+00
5.434292272814847946e-01
2.351695029299605555e-01
2.106226882308654680e-01
-1.202676407705814521e+00
4.677931887787311060e-01
-5.927026926642526838e-01
4.063454945791312722e-01
-3.305950022910040809e-01
-1.559291147867742700e+00
-5.000848041095221630e-01
2.616819164263603850e-02
-4.044731273932347659e-01
-2.986495192924550346e-01
1.665123693151027845e-02
9.173744324181762888e-01
-2.696521942523692594e+00
2.111971431434680468e-01
-5.853334443598986470e-01
-1.522380972464436599e+00
-1.271893127347993646e+00
-7.081276544308597876e-01
-2.673457833631619485e-01
1.664154432856794208e-01
1.454273486908324919e+00
1.555455916288722706e+00
5.840686047071545067e-02
2.496981711088462896e-01
8.205738427478020958e-01
9.606392364237111847e-01
1.100461758231787934e+00
-2.206926021509218183e-01
-7.823836047899793700e-01
1.981171636461749319e+00
-4.740916603457537848e-01
1.804598556085728056e-01
1.894960317044902809e-01
2.201271380529934429e-01
8.206241748136557934e-01
3.203407736963900243e-01
-4.041894989422027962e-01
8.610874156419533465e-01
2.330749546474609080e+00
-9.293596571233730952e-01
-1.235165484195624108e+00
1.152063805538185770e+00
-2.818139705554031371e-01
1.523744466035861445e+00
-5.314081801564546348e-01
-5.738300462615351094e-01
1.211419176898410888e-01
1.758550289454250626e+00
1.012728764004320992e+00
9.178486015123651365e-01
-2.025747218232177016e-01
-1.566258434324435456e+00
-3.298791842765605997e-01
2.675457496705036520e-01
-5.749433475286114259e-01
-2.530554127768381290e-01
-7.022534352596541130e-01
-9.442826253669119874e-01
1.163133223303524227e-01
-1.438872086874311673e+00
1.432328896422214948e+00
-5.564407316439676787e-01
5.709446363876599095e-01
-2.072804847199391176e+00
-9.958128563919933507e-01
-9.593884619680498327e-01
1.178575936197398866e+00
1.415132625276776190e+00
2.712816494300779979e+00
2.203514931383687259e+00
-1.079737688716030597e+00
-1.007194137983617566e+00
-1.033163111071273565e+00
-4.958110476556246149e-02
1.982366987084568377e-01
-2.682913969855612035e-01
1.902187556834968318e-01
-4.197323670747371005e-01
1.029834606856884882e+00
1.261224449833393102e+00
3.024608095399397567e-01
-1.207322615909752539e+00
-6.567605958207533012e-01
-9.306087117885519788e-01
1.429977725817104250e+00
-1.159092302502758715e-01
9.285146530595961289e-02
-4.410271112937341198e-01
-5.890949800675597814e-01
2.595321791899178887e-01
-2.963868912655424626e-01
-1.698822322217523606e+00
-7.007590705482279470e-01
-4.132417796640538432e-01
3.351026010001718625e-01
-2.188482707565733154e-01
8.065215204198247223e-01
-2.923470758047242921e-02
-9.615425122937732993e-01
1.441734795296887084e+00
-9.781169513554093253e-01
-1.260941187727492863e-01
3.427286936465816503e-01
1.252931454179093240e+00
-5.749214315975514911e-02
4.835766853873860738e-01
-1.519037907361422635e+00
7.934043671865027569e-01
1.308584439529693055e+00
-5.604451394818111831e-01
-5.562792237566106524e-01
-1.099610071166509107e+00
-1.230811671224742998e+00
-3.724236797188181791e-01
-3.989936413121826231e-01
6.065384746687099149e-01
6.067317940615000182e-01
1.279410073930543901e-01
1.878699625271480489e-01
7.584589235150100972e-01
-1.765207780859105124e+00
-3.214571523988958290e-01
2.586838361685323662e+00
3.585538218968581381e-01
-2.049030054197548356e+00
5.924520443470141506e-01
-8.261044789004479139e-01
-7.990066034113286753e-01
-2.368808750573315081e+00
1.291728928746931349e+00
8.656324053666939466e-01
5.993833568053771321e-01
4.819414570137607878e-01
1.725600078582781194e+00
-1.057846461143304405e-02
-1.023100415793851692e-01
-2.719098702258482270e-01
1.132916414248475112e+00
-1.098895908094121410e+00
8.808260989597793689e-01
-1.732696567144624278e-01
-5.361180697976637433e-01
-6.650252488652069749e-01
-5.287775850395310950e-01
2.790974259920548928e+00
1.764571743439663221e-01
-1.130130892260513414e-01
-1.571402912524149376e-01
-6.375183172880793947e-01
1.892137088088518881e+00
-6.356814450253299720e-01
-1.708066812692877079e+00
-6.616240083490152468e-01
-5.535081815778674086e-01
-4.828505932244112064e-01
-1.242433166834869818e+00
3.148585552809589072e-01
5.927071542310127228e-01
1.009594201743149178e+00
1.303758738608327139e+00
2.843332470579102988e-01
1.002781215663320458e+00
3.857145667845640613e-01
-2.559597605663622488e+00
-4.136073733631146498e-01
3.090215143378085560e-01
-1.444884641204985609e+00
-3.770584863176554835e-01
-5.196367840104846314e-01
-7.098663596293597333e-01
-1.238817866259789291e+00
-1.060633005408894380e+00
-1.244617676884566704e+00
-1.184405043718663508e+00
-5.083471678576523267e-02
-4.251806248055466364e-01
-5.881385903892792921e-01
5.607324230214716376e-01
3.305183600982094738e+00
3.221437457408443450e+00
-1.781321238027995246e-01
2.061811894167487225e+00
-1.478426645389248062e-01
-2.355725999812680049e-01
-1.009302601837634761e+00
-1.398699741102503058e+00
-1.565733575618563744e+00
3.965778497704115502e-01
-5.097506102595403821e-01
1.414635463923564984e+00
1.846174950979380114e+00
-1.807244660810343184e-01
7.265761961756099785e-01
2.826733138001703560e-01
6.095464539482128297e-01
2.045935182385484052e-01
-3.629001946557549596e-01
9.159248642288009279e-01
5.435189265075632825e-01
1.101097153983756183e+00
2.994783596282514004e+00
7.551244759877342450e-01
-6.862523043441670634e-01
-1.535848425154028085e+00
-2.241142501578505808e+00
-1.196689585294367086e+00
-1.597640794751599369e+00
4.576700666691394526e-01
-4.253742937399588309e-01
1.120662632371481227e+00
1.253282449021518197e+00
2.181208727882393283e+00
-1.899511774239483586e+00
1.757657246273894636e+00
1.229961680264088919e+00
4.605656445296050228e-01
1.250799925786993949e-01
-7.362268929844340004e-01
-3.478006528885058124e-01
2.563571627550315313e+00
-7.510592123502601858e-01
-8.999630437357821755e-01
-2.687810830404250284e-01
-8.658503842208944423e-01
-3.068999632757874352e+00
-2.914290822831526739e+00
-2.809775635801041727e+00
1.236269577380298745e+00
-1.094964244405316478e-02
2.956452534992364711e+00
1.883052104148356554e+00
-2.358380722559971776e-01
1.915319276606199494e+00
-7.664623843489967170e-01
-6.204571130152697345e-01
-1.222204057880294403e+00
-1.734503202956145795e-01
-5.123212009160339475e-01
6.630758409897501426e-01
6.577509022483242207e-01
7.017041994899891888e-01
-7.884599137266457003e-01
-8.836569103925918656e-01
-1.382117216967107431e+00
-5.788368488179511662e-01
-2.763349774142634385e-01
-1.149717676414238332e-01
1.113651417068607374e+00
5.203971543109061626e-01
-8.134093807360496253e-01
1.905323348232124125e+00
2.281269058941061800e+00
-6.298768288909672997e-01
-7.052004875201492995e-01
-7.517456399240474152e-01
-2.081288765993241086e-01
-1.471150299002981221e+00
-2.149679405636129470e+00
1.209042418243909900e+00
5.524993224538301551e-01
2.675428589675832303e-01
1.048011453522942782e+00
7.007747231465430993e-01
5.726067240609434839e-01
7.655802949031156324e-01
3.476870143959190362e-01
1.853980208928363460e+00
-3.952369384744562897e-01
-9.818096767175295003e-01
1.893627815110337398e+00
6.907829600422713545e-01
1.183195382726527134e+00
9.233318139713717065e-02
-1.265187078215970207e+00
-2.063686053697746381e+00
-3.742092805288383062e+00
-3.864109312662926676e-01
-1.044544887807707045e+00
-2.306485058910778374e+00
3.810353950778206933e-01
1.253578396327070132e+00
1.374577850121130984e+00
1.943678202724707038e+00
3.092335759527461647e+00
1.851931622315804660e+00
-1.416513824769167762e+00
-8.244408793864933527e-01
-1.147575075539907896e+00
-7.120956917129357688e-02
1.956028252419980795e+00
7.040854279466504106e-01
2.111696349280325347e+00
-5.201566044556626967e-02
-6.915434454389337571e-01
1.567522950753463817e-02
-8.441707297272720290e-01
-1.061897515582276297e+00
1.121493645951128215e+00
1.200515565273200025e+00
2.457798247485224463e-01
1.679512910823554250e+00
3.852964698938187382e+00
2.835974542774075680e-01
1.489689824140037366e+00
-6.564853808657047929e-02
9.764169243362376127e-01
-8.688107022046241967e-01
-2.602182278374041147e+00
-1.977241064195967235e+00
-7.394743419576715882e-01
6.353347663630307673e-01
-1.304209610063131741e-01
2.957731753299324695e-01
3.205938890182433720e-01
-4.794959677649297536e-01
3.621001636945623270e-01
-1.175301668556696932e-01
1.730368981304095222e+00
7.483633634563443549e-01
6.329642452136791109e-01
1.679106458155796178e+00
8.826052264304282691e-01
1.301366439249380669e+00
-2.883395039933869253e-01
-1.718572298296974443e+00
-1.360838763415135544e+00
-1.777887269903710266e+00
-2.833400912018866791e+00
-2.124811722480121290e+00
-1.200816771439368047e+00
-5.110807406529156438e-01
2.527644357619559301e+00
4.769752351104615262e-01
3.637146014814021666e-01
-4.708671504196410562e-01
-2.845796826310850736e-01
-1.531231609898213053e+00
-1.067458666002724321e+00
1.679416052635709367e-01
1.961641402845210935e+00
1.391470899445533593e+00
-1.126146652912939361e-01
1.533479939871569275e+00
-4.342260363652178934e-01
2.572767374293762899e-01
-7.387579360066636180e-01
-3.938007668588906274e+00
-1.317292542088168705e+00
-5.542092584802920108e-01
-2.234950603574031303e-01
1.260225122661979391e+00
-3.233281921070492171e-01
1.515592989929088086e+00
8.959626974026867474e-01
6.748395715873805045e-01
1.497954125706505657e+00
1.991923933700734395e-01
2.791117657363409998e-01
-8.130987747313165315e-01
-1.864434415759590014e+00
6.427654106798554867e-01
1.131405502962810061e+00
-4.862017257464918973e-01
-8.968679419641820694e-01
1.889264204010943082e-01
-1.415128404769382175e+00
-7.136838659955831998e-01
-1.105799080427854131e+00
2.026960216323037689e-01
-2.412118351231214985e-01
1.499931827462632317e+00
1.259121365110999147e+00
1.271636069128883495e+00
2.095933470612811877e+00
3.659648576590557312e-01
-8.812773519275316492e-01
-5.694723434457313882e-01
-1.275791233777414879e+00
-1.127660995257557142e+00
1.454007427036778655e-01
-9.181558632815045584e-01
-2.149575530305738447e-01
1.474968322552207223e+00
1.669597368033097995e+00
-1.544644724215697429e-01
-9.235520530833873920e-02
-3.467721128696837907e-02
-1.082517185404827220e+00
1.080775501099919544e-01
1.283348323695377768e+00
3.571214934306354394e+00
2.785707131336892850e+00
1.693665482701790292e+00
2.100061632343714013e+00
9.473048796431198237e-01
-1.536375812830941268e-01
-2.071535525399248456e+00
-1.197077019330465397e+00
-2.932868455491371762e+00
-1.962191853670882669e-01
-4.602191744833041831e-01
9.547222908374215500e-01
-7.811151496729648036e-01
1.168649457441186090e+00
5.097248131015608141e-01
1.497792395938564614e+00
4.123692373701534075e-01
-6.244464734169983267e-01
-1.511353454592816226e+00
-1.814349643878333529e-01
1.177461121642163100e+00
1.286530635270708656e+00
1.518768328768923093e+00
1.890394811913035600e+00
-6.306006174891660709e-01
-2.288125478182482020e+00
-1.160792725853458496e+00
-2.211448790500013306e+00
-1.886012768212725454e+00
-9.184458560595154530e-01
4.277058464157631468e-01
2.050387406620568065e+00
8.025174031494252125e-01
9.289282086312553588e-01
1.544233964322981878e+00
5.210517757523285276e-01
8.743586566686097905e-01
-1.706509785517443145e+00
-1.928970413899232739e+00
1.116687331321212229e-01
-1.401751223828171966e+00
-1.011316951041773660e+00
-1.465720985613033767e-01
-7.947370461473174386e-01
1.683289081678287502e+00
4.859651316136706090e-01
-9.560203780301468335e-02
-1.120207084320487434e+00
-1.475768407220632961e+00
6.588708393324247403e-01
-8.955728563279971022e-01
-2.052718908894084482e-01
2.476881933286465554e+00
2.617335548758777719e+00
3.658458973041897266e+00
8.612917751331480298e-01
-1.755090932690608618e-01
4.865419764708709405e-01
-6.820524178957866335e-01
-1.205872311215423487e+00
-5.994161974408155347e-01
-1.401711985834942498e-01
1.562492057189397432e+00
1.158370260664895124e+00
1.430134125995692562e+00
-9.780077558300706020e-01
2.249709342459715877e-01
-3.974885108064379891e-01
9.317349820520649528e-01
6.694355444859702020e-01
1.324573696009894830e+00
1.880780454797759349e+00
2.209274719192931613e+00
1.398169757217715636e+00
1.395432921824610650e+00
2.049340275802589595e+00
5.478171017092634543e-01
-1.381325827339684675e+00
-1.470989271160497713e+00
-1.390987465736721385e+00
-1.311598089144214718e+00
-9.100229094531264717e-02
3.006973335157190896e-01
1.454659604155105423e+00
2.629897402193817957e+00
1.565334769648282887e+00
9.494753790222238976e-01
-1.700867451448408563e+00
-4.910402850456828672e-01
4.297628065687361110e-01
-2.049721996453199580e-01
1.245736483502487113e+00
7.062068290209873034e-01
7.016937444566285764e-01
4.258669951398477149e-01
6.357245164668481330e-01
-1.169642120140445662e+00
-3.503908177374529309e+00
-8.086907524890019072e-01
-8.049783431627625108e-01
-3.215942692700680672e-01
8.780030618675004062e-02
1.138659901243024075e+00
2.101064530294278754e+00
6.431230391255411405e-01
2.219005509836974532e+00
-3.064801881092467095e-01
1.436786065985545591e+00
-5.011967669760192257e-01
-2.828977578403651272e+00
-7.795026754068863362e-01
-9.129327551679896624e-01
8.551064042150069433e-02
7.423440921618563726e-01
-8.737331116886020155e-01
-8.564664746707042475e-01
-1.509470963842828084e+00
-2.630820958518407249e-01
-1.532512206027938806e+00
-1.605074736934442470e+00
9.308280290931120193e-01
1.275357529317962424e+00
1.573394985337446483e+00
4.589112413716236460e-01
1.011069018915100148e+00
9.347031611862853806e-01
1.786872736282782093e+00
-2.832570198928923144e-01
-1.475657411264449159e+00
-1.419624143758291268e+00
-3.358509710570169560e+00
-1.683279066108269495e+00
-4.417430301556367622e-01
-3.446122818724164372e-01
5.668042606885823620e-01
4.627856183623683117e-01
-4.305927394088425730e-01
-6.126278198157347754e-01
-1.132899774707864404e+00
8.862098331903757176e-01
-6.512848774971738974e-01
1.760927726564058826e+00
1.966806103908048220e+00
2.619751768236737277e+00
6.343339262179931159e-01
2.306041407036193203e+00
4.228515406067686611e-01
1.687509677356860971e+00
-3.128383876757543369e-01
-1.709671621085415261e+00
8.163028876770743736e-01
-1.351675560276566435e+00
-6.918973543087536537e-01
9.516145714638479802e-01
5.010057581446979436e-01
1.196634698118466344e+00
1.558934865308458928e+00
-4.649523550677078232e-01
-4.926103825076377785e-01
1.931510636253499058e+00
-5.645916338617433805e-01
-5.419225722750456442e-02
-3.631319305287185051e-01
7.940030311711245847e-01
2.191252639925795442e+00
1.562542436063796725e+00
-1.216647246068075505e-01
1.935287613329494949e-02
-2.458912641964940526e+00
-1.690854764053949522e+00
-1.368989047418493143e+00
5.093512731864804355e-01
-7.242321285214491366e-01
2.399635556145191195e+00
1.836562753686861837e+00
9.624752660017275030e-01
1.688028189479819696e+00
4.630796183744426697e-01
4.115945731489286108e-01
-1.695835170581645901e+00
-2.493792932438853027e-01
-6.197890802763161844e-01
-9.502781096338938083e-01
3.520344904259572472e-01
-2.720831738837882763e-01
-1.635082885103016581e+00
-6.100743231717375981e-01
-1.552740755595169331e+00
2.642725032278341324e-01
-7.368293078513278305e-01
-1.194595454715470684e+00
2.863639811913175071e-01
1.257859468771619138e+00
1.772805300906107995e+00
1.497539977775855347e+00
1.934582218864660419e+00
2.014735983248873818e+00
9.867112390108849773e-01
-1.663355597158242993e+00
-1.245575999149938884e+00
-5.580822128693654349e-01
-1.124184686428159718e+00
-2.452125391407602439e-01
-1.060911649610833063e+00
-1.312722337441107223e+00
-1.099577416343868741e+00
9.462379851325496416e-01
1.524489208936902429e+00
1.459589098279747255e+00
8.723985722985688751e-01
3.737354006485006652e-02
1.255266169036139079e+00
-1.050834145536458708e+00
2.228518342428696952e-01
2.721117214746542778e+00
6.473941708452640720e-01
5.984868848719365753e-01
-1.396415797981977791e+00
8.639789777598450016e-02
-1.509785801709079278e+00
-9.917714247344880940e-01
-1.933547732150935561e+00
-3.635381124368239902e-01
-7.273684450525432776e-01
1.795475875518230735e+00
2.683125077805288861e+00
1.693569808526197207e+00
1.897263708931665516e+00
1.515385761519728813e+00
-1.480533577108927856e-02
1.643249225034664196e-01
1.249137604123440770e+00
-1.580383709552368954e+00
-1.255594721533226821e+00
-9.955436268843194103e-01
-7.978996507714343212e-01
-7.670586168007929029e-01
-9.050193771290574452e-01
-1.080929105733540396e+00
-2.055519221378611761e+00
-1.688837404680542775e+00
-2.046916757464563030e+00
-1.509712982803220749e-01
8.101885386319545024e-01
9.291473495896260815e-01
2.963395984242991332e+00
2.420780895504014207e+00
-1.195734071225236228e-01
1.165068031970540874e+00
-7.194519254366147365e-01
-2.573894236071917252e+00
-1.617651083658713684e+00
-6.219483816714884705e-01
-1.532461975326244508e+00
-1.788456653007612474e+00
9.656613145050352287e-01
-2.679065159598826185e+00
2.208441861870901191e-01
1.759674152997416363e-01
-2.562406569655797384e-01
-3.849753636474531060e-01
8.553813839915518358e-01
9.127495903989510939e-01
4.298797911400606964e-01
-1.766512256189221031e-01
9.310356849922530875e-01
3.032861699788245158e+00
1.640392631550626312e+00
-1.923125439904490586e-01
-5.393631933019958913e-01
1.141940739640737501e+00
-3.475869879544952745e-01
-5.919425412486825078e-01
-3.223053355982545387e+00
-2.349540576503456046e-01
-1.364867151543552426e+00
6.092741482198056335e-01
1.120235682268625244e+00
1.795541786585487021e+00
-1.250732674766154240e+00
2.649073910399040721e-01
-1.919723658460910531e+00
1.925718868432307052e-01
8.867098470332315241e-01
9.882676957584501931e-01
5.430329498222037365e-01
1.691211690252818478e-01
-9.147887282840494461e-02
-2.037067422736654088e+00
-1.470764804774160606e+00
-1.804513879495472928e+00
-2.702143483335495588e+00
-3.565409735345999032e+00
1.442648327956856935e-01
-6.220376161971142848e-01
5.899083506804324584e-01
7.580200942868906555e-01
3.135889716016988071e+00
6.241909489242061237e-01
4.967360453906293216e-01
1.022421417700595248e+00
6.980927309789237700e-01
-1.980622862161987463e+00
4.419263563853956800e-01
-1.151130449857478144e+00
-7.880361077644768564e-01
9.035783939793436970e-01
-2.835707740765979964e-02
4.786354037926059402e-01
1.318276510742139696e+00
-5.541460105285858084e-01
-1.838438899252671233e-01
-5.535826024318398764e-01
-2.935049156440673324e-01
1.042158487611569484e+00
1.220891798810263662e+00
1.639914856959989509e+00
1.242036872587894525e+00
3.275506964143384270e+00
5.164888278021861900e-01
-3.539459513638564259e-01
-1.852310898997804323e+00
-6.979739197041251453e-01
-3.686270941658806422e+00
-4.936635051144329100e-01
-2.523206204407691944e-01
1.487887309813968328e-01
-1.221693236266094829e+00
2.961101159130768989e-02
-1.490429426632066789e+00
-9.660671059336303212e-01
4.793522370401400723e-01
-4.212947394240585952e-01
1.490956658747086383e+00
-1.353894578600151055e-01
2.050002266016772712e-01
2.420628666566904119e+00
4.058366246358743545e+00
2.385059526968055899e+00
3.608415562258592280e-01
-1.831073810326116380e+00
-1.435257399516692400e+00
-2.978832378675086545e+00
-3.334668150939679165e+00
-1.827810812227651294e+00
9.690277600935404134e-02
-2.917944079510608746e-01
2.102826797497584277e+00
8.177544788629582673e-01
1.087144858133755276e+00
2.393639667286833195e+00
1.959502256011295962e-01
3.704807032048593185e-01
-1.445981197900396698e+00
-2.635146376320028905e-01
-1.086067242930377486e-01
3.980533369079832795e-01
1.700821659114080120e+00
7.300719257094219206e-01
1.240908371184719527e+00
-6.943480050050172547e-01
-2.053271276031889858e+00
-2.291463963919877500e+00
-1.824777992283428407e+00
-1.109470261699408100e+00
-9.390938372756950647e-01
-1.032822830496880506e+00
1.901585596369301134e+00
2.324228390143926681e+00
3.649448636163064030e-01
2.458935160898648498e+00
1.444581722466248497e+00
1.768441976481135214e+00
-1.934281593206188754e+00
-1.379647884579305650e+00
-1.367540531546097560e-01
1.456327486973212126e+00
6.012154661260211697e-01
1.312796752843287465e-02
-2.528635155434467707e-01
-8.936018359068559347e-01
6.810362128093034872e-01
-1.526502561365673527e+00
-5.634533317809835573e-01
2.295627466981788878e-01
1.758748391722912974e+00
7.227598233277864326e-01
7.022489407496190772e-01
1.268159035167892412e+00
2.454338582138674951e+00
2.864291428143221907e+00
-1.575935836447555360e-01
-7.843293453699196061e-01
-1.936673031126687761e-01
-1.956251432236306265e+00
-6.366661715266359600e-01
-2.694939272589430779e+00
-4.051487294713675968e-01
6.008074364987294746e-01
2.245818271698672763e+00
-5.015683877616485820e-01
1.509796136260181498e+00
-8.484308212171249863e-01
1.556360445938945514e+00
-1.160126245880393592e+00
-2.472663563257350150e-01
4.920721218304769939e-01
1.588890765583419906e+00
3.510570552896550289e+00
5.870234198150620086e-01
2.918412815788614889e+00
1.085943537264773884e+00
-2.354579267392439501e+00
-2.767329290989235968e+00
-2.112769969507082735e+00
-7.167913674918935385e-02
-5.926834918025484233e-01
7.702297906137329786e-01
1.057669896835282008e+00
6.040458716288691354e-01
2.101352461832311835e+00
1.924748734246397364e+00
5.565744050501502116e-01
-1.630608509728958211e+00
-1.395280354306506210e+00
-4.218806238759990057e-01
-2.011395278629735106e+00
-6.138248012557490085e-01
1.876978375357038820e+00
1.359694519215750130e+00
6.580367598822586261e-01
-4.001998254436995306e-01
-3.425473480624803280e-01
-1.665273964230961967e+00
-3.265713913924644274e+00
-2.637076207334220879e+00
4.113382287799609571e-01
1.259394516654738228e+00
1.875323150152280682e+00
1.260780790342947544e+00
8.671052498009080844e-01
-3.717744682066914663e-02
5.958415964468994908e-01
7.317933871285939862e-01
-7.342180891165517309e-01
-1.768066050717975068e+00
-2.519984056368148040e-01
-1.035288824906744454e+00
-1.016151682790696897e+00
5.584508694368539583e-02
2.389462212708132416e+00
-5.323749049054123939e-01
1.587300494469497114e-01
7.608487719874410526e-01
-8.540280587640202148e-01
-1.219854548769139235e+00
-3.754949612377751489e-01
8.831501374580238428e-01
-6.582047111256050798e-02
3.027356360213965258e-01
1.271681640012779724e+00
-3.822794326785782792e-01
1.624109588194540654e+00
-9.653633134269093974e-01
5.108041803205674025e-01
1.087212419984209921e+00
-1.545348099597486646e+00
5.311632873933116450e-01
3.648413023619465623e-01
-1.525197957857837183e+00
-5.554513943102797890e-01
-2.385399792461902757e-01
5.692416863428438889e-01
5.157257271076469696e-01
-2.072104838642319979e+00
-4.135542019230655231e-01
-2.408778639669692190e+00
-9.765730515348852725e-01
1.501719466071880671e+00
8.395456708860961348e-02
-6.001668931226460807e-02
-4.648587721935622252e-02
-4.708999257713766262e-01
6.159036554277156350e-01
-4.071011432122454976e-01
-1.053755993532568214e+00
-1.688256352989858433e+00
-2.322345141710399297e+00
1.907017472037900951e+00
3.672816582196987700e-01
-3.489284178335411851e-02
-8.313507884225144196e-01
-1.914816987457921282e+00
-8.214485620647673514e-01
1.131672649407047038e+00
-9.685581682012353033e-01
-6.195529891728798200e-01
1.284530098972757051e+00
1.043383247264573654e+00
-5.502896771533357656e-01
-2.362632196363119996e-01
-1.577065467850396363e+00
-7.776518707068165170e-01
6.587043316116666380e-01
5.126142841238930936e-01
-9.738806000980012589e-01
-1.937579959402034202e+00
-7.797989008717524095e-01
7.618245657965828643e-01
-1.189278426882349970e+00
2.299547408614148192e-01
-9.439521209136970958e-02
-3.477138179147389735e-02
8.661083983479221926e-01
9.418233721558092464e-01
2.449823482943435660e-01
-2.387704702952285207e-01
1.541773782075365196e+00
6.581499817505959138e-01
3.902909326770334641e-01
-1.927889798593750981e-01
-6.783530922722563576e-03
-3.340731044101483249e+00
-1.240757501751316161e+00
-8.588495115197815055e-01
2.087542098395473555e+00
7.122212649143300212e-01
-2.090332435714586101e-01
4.804961800416721052e-01
-1.019057888631065945e+00
1.272328087700677346e-01
6.339710933279781857e-01
-1.860720005058900672e-01
1.526272879584954945e+00
1.614473678722847971e+00
-1.462190259951658744e+00
5.823767122709886390e-01
-1.082908140011728637e+00
-7.615496273542146644e-02
4.238893050175204791e-01
-1.846048966134901936e-01
-3.136094988191679978e-01
1.242578026625239529e+00
-6.422036288650322111e-02
2.334441058400024360e+00
-1.721239524490814299e+00
-9.548971895036734159e-01
-5.039590996549655338e-02
-3.512383757308393251e-01
-7.786022663622883533e-01
-8.437998214493568350e-01
-1.486543309821172665e+00
-1.826912276123746626e-01
6.096299182873691214e-01
3.323835365584790202e-01
1.798865556406845645e-01
1.355986950978257832e+00
2.870283082056204402e-02
-7.202411631412360959e-01
9.639879328973767203e-01
-7.834907529459179676e-01
-8.688291579542952725e-01
-7.710289168052005815e-01
-1.380583032321516246e+00
1.702056875876454489e+00
9.815197607439880567e-01
-5.268652707894636578e-01
-1.057624555451962101e+00
-1.333756644481273179e+00
6.159123648974308418e-01
-5.163625357013660322e-01
1.252443604338864924e+00
-9.117194750218653165e-02
9.053049778168327233e-01
-3.607787418140460667e-01
2.258121526790174693e-01
2.287024449040932217e-01
4.240816393889058067e-01
2.165188609264566758e-02
-8.467565675532412461e-01
-1.996829888176659518e+00
-8.507021618312132771e-02
-2.273221363972386388e+00
7.047410746196844933e-01
9.774726183031096083e-01
-5.775010055530417352e-01
2.282709333092099335e+00
-2.045776227104607048e-01
-3.882434518285918235e-01
-3.611549994154076293e-01
5.445299188093370990e-01
1.116400740279950288e+00
2.284880231336657297e-01
1.324706974925664027e-01
-5.037149011831444645e-02
-1.131370350689420851e-01
-1.258941983895390360e+00
7.318779393340547612e-01
1.590789206858742311e-01
-1.532824187819576078e+00
2.014071603490656059e+00
-4.063949899795931131e-01
4.027819663163363373e-01
1.154629439818815495e+00
-2.544377856261882953e-01
8.323024455445142689e-01
1.450911052634856313e+00
1.408998814052362381e-01
2.622074966430357090e+00
3.119607707956762455e-01
-7.281355597475532848e-01
5.007885742334753365e-01
-5.202962084924301900e-01
6.209163142925779866e-01
-1.928007627556802994e+00
-2.302435975418023251e+00
1.167445430573288423e+00
-8.979541635029623103e-01
9.376452388100259272e-01
-5.688741811761547362e-01
-4.115858271866457141e-01
-6.629024843559211400e-01
-6.345101654632598343e-02
-1.440211766946093430e-01
-1.273504191270186325e+00
-1.967347836824947960e+00
-1.463186243949655907e+00
-3.896168233802267955e-01
-1.059681434082394347e+00
9.066973460293277221e-01
-1.225919959418393101e-01
-1.183776486471025180e+00
-8.538187806165913052e-02
-6.058993022339043133e-01
-1.574506231658042932e+00
1.571992859148057420e+00
-1.562456813531570399e+00
4.182197911483527819e-01
-5.794815669309311135e-01
-3.077569226494759058e-01
-3.657401246386490778e-01
1.233497214100050254e-01
1.624437589253263370e-01
-1.346624284353860945e+00
-2.890635388637291525e-01
-4.682270654632828544e-01
9.264774639908422982e-01
4.159223799403087285e-01
-8.248593484480895022e-01
1.361193552879786939e-01
1.776136236988067107e+00
1.529729297278321354e-01
9.818261575681058728e-01
-1.124507592538288164e-01
-2.867990042373503301e-01
-1.083059138732334725e+00
2.516176360850032712e+00
-1.129641640917469658e+00
6.197799332017258633e-01
6.199556217008431735e-01
3.950727003674457727e+00
1.687191309895732239e-01
2.001382209179470628e+00
-1.165990971394710307e+00
-1.343985419551454896e+00
2.981942986931655076e-02
-1.807186287852684536e-01
-8.254014252672243757e-01
-6.000765219119870153e-01
-5.449538324004165046e-01
5.464174305792024455e-01
-5.923342817615365741e-01
-1.195309946965595754e-01
-8.944025149053390633e-01
-3.090871246749984924e-01
8.137227016851149575e-01
-3.251613227856016142e+00
-2.460430774734676529e-01
1.457370821571817965e+00
3.193265513726135096e-01
5.091037099538098243e-01
-4.364057108201301882e-01
2.762331362520606404e-01
1.703424275311765212e+00
1.930978717518476717e-01
2.471941626705532677e-02
-4.930264971971462518e-01
9.134043764073820348e-01
-3.465184885234817713e-01
2.084024519303075085e+00
1.746297047324157914e+00
7.754239451975114550e-01
-2.044476371140778070e+00
3.208476503671088276e-01
1.809269555496966886e+00
-2.883924572801357389e+00
-1.286623986578283585e+00
-2.159995607944383167e+00
-7.010422075058309055e-01
-8.732116434569096031e-01
-9.059770652211044384e-01
-9.664951420470518917e-01
6.912762375068335352e-01
7.499442954980410914e-01
9.913283597581494522e-02
-1.069952268525673711e+00
-1.387520839168205455e+00
3.465297756148347785e-01
-4.265439766163979241e-01
2.398229288402475845e-01
-1.933337505998881101e+00
-8.307497562938681579e-02
1.950847748751654231e+00
9.033729200357826228e-01
4.421120208672577045e-01
4.445758751990437907e-01
-3.408569285986579045e-01
-1.666075962656897724e-01
1.906798099798798773e-01
-2.657101102120733027e-01
-1.913659736441122527e+00
-5.226675735163675007e-01
-2.427145258872707156e+00
-2.239743184032208789e-01
-1.334173960430523331e-01
1.401479964397532640e+00
1.478302154079961683e+00
-6.455685008140340519e-01
3.399634174272040399e-01
-6.492725513730241982e-01
1.421304095803964884e+00
1.006919110778926596e+00
-5.346757811117305303e-01
-4.134764638845740414e-01
1.166822164896382130e+00
-1.698649739551756910e-01
6.315650396327453231e-02
6.630960317920017166e-01
-6.446271178441072003e-01
1.057209214555698384e+00
-5.414670361484011929e-01
-6.147041053091834018e-01
5.841637720471207773e-01
-1.057826383392655556e+00
-4.151953865897489715e-01
-1.157318143350650530e+00
1.271585540763216837e+00
-1.510727854287008842e+00
-8.781607252102091588e-02
-2.359244292401409537e-01
-5.418997044961866294e-01
-2.471473532727662681e-01
1.897536722734466108e-01
9.913809660619472552e-01
3.375679402544380925e-01
1.461140427779804574e-01
-2.383317901580161546e+00
8.856808862295054707e-01
6.201689907356016107e-01
-1.905150545189389755e+00
-3.228005703621726896e-01
-3.030864825371972771e-01
-2.845506224692616604e-01
-4.478856317005278087e-01
4.717179794392286074e-01
1.413959919740560123e+00
1.524134710422992756e+00
-1.019337205871767349e+00
-3.276362415574599063e-01
1.497022754238112485e+00
-1.363545088744147371e+00
2.244918384487252450e+00
1.045444324255184743e+00
-1.786603164130458499e+00
9.730333266931623371e-01
-2.723261227074959656e+00
1.341619737221698250e+00
2.337235638324190568e+00
-1.645201466288160885e+00
-2.736910015076764457e-01
5.784329877813785270e-01
5.639836046326957009e-01
-1.035576645567276355e+00
7.356238174128333362e-01
3.960785398909880128e-01
2.814525236576583822e-01
1.480935300267008703e+00
-5.352784926587861314e-01
1.034552726970100034e+00
-1.631381329764511223e+00
2.243199100684489244e-01
-3.429274650597238239e-01
7.134326075490005081e-01
1.606901792430080356e+00
-1.041912499902419853e+00
-3.023067801726542769e-01
-1.207631701449928485e+00
6.808115461160824111e-01
-1.509504684643930492e-02
-1.387533524959717046e-01
6.181865665119921083e-01
1.076482081712664268e-01
-9.770598365967649024e-02
-1.030476104174780499e-01
-1.121764691964288296e+00
-8.313476059622657011e-02
-2.301242820948771473e-01
-1.014141931851863937e-01
5.265795374484234515e-01
2.000908019776777569e-01
1.339138261882031111e+00
-1.057339799974039485e+00
1.719773975699307456e-01
-8.377154809653259981e-01
6.930851587524010649e-01
-4.521916974942679635e-01
-1.857762181286115588e-01
-3.155981217524266302e-01
-1.296294222721764866e+00
-2.347966587063129662e+00
-6.806561789718904021e-02
-1.653245827946622670e+00
-3.549112964198147258e-01
-3.843730029908393186e-01
1.120701478406693319e+00
-6.876410690906484269e-02
-5.597454310757919715e-02
9.990511748985403395e-01
3.244978462917854634e-01
8.117636317722122241e-01
-3.549618787199984582e-01
9.183168341568835880e-01
1.123739576991614530e+00
-2.932703574373457744e+00
-1.141680182584043024e+00
-1.606235033826477476e+00
-1.103428320972666077e+00
5.376163239143151307e-01
1.469190073097202287e+00
-1.476381204446370443e+00
1.348011298149227599e+00
4.302031330646903240e-01
1.497064475907010195e+00
-8.468119871692051381e-01
-1.088745287279545115e+00
-9.618235379306061539e-01
1.305670314675813293e+00
-9.637787421444216074e-01
2.244312445733514405e+00
1.379492197966045941e+00
-9.368139447748513593e-02
1.846829975588439199e+00
2.478528255626621490e+00
-1.698752402513014070e+00
3.411399720611890118e-01
1.887380132212843620e-01
-1.919048132827029463e+00
1.459531946732530283e+00
-6.194126773562869115e-01
-4.185197789924525180e-01
-2.247141968825925110e-02
1.577806572677875052e-01
3.366916734929061850e-01
6.311025361393406419e-01
4.444398834831471412e-02
6.633495399972068052e-01
1.957717615822430979e+00
9.639410169694637154e-02
3.221234376873666205e-01
-1.449542169647701995e+00
1.438599894480428354e+00
-2.436714846298573267e-01
-8.817329448648202339e-01
5.368674301624052347e-01
6.133617567606146626e-01
-9.412620622691980632e-01
7.121006936310628754e-01
6.038789732430190904e-01
6.585660055947595293e-01
7.581768214292852193e-01
-5.038423008710529727e-01
-8.517413364031668488e-01
-8.246373450257689086e-01
1.362465959929864967e+00
3.783508895078202983e+00
-2.180606740054570614e-02
1.228228723600729294e-04
-1.289998016715750984e+00
1.437784288864251137e+00
-9.635582578697680090e-01
-3.853628215066432494e-01
-2.687974520948071544e-01
2.895028459267027787e-01
1.503528084416409616e+00
-9.043861446397253312e-01
6.785815412668450008e-01
-7.058740501504845444e-01
-1.006059848219061637e-01
-1.363536570024253436e+00
-1.602178878905580861e+00
-5.808977100683302558e-02
-7.259256134304749308e-02
-1.085941335269782065e-01
-3.211110646877411434e-01
-4.145906779392894981e-01
2.256286464104631517e-01
-9.433962024079940445e-01
1.342115573678239304e+00
-1.177225039131540030e-01
-4.592264472694285171e-01
-8.491797527288494907e-01
-2.084969412006218992e-01
1.569600712077491300e-01
-2.018588442910327352e-01
-2.280092537873733338e+00
2.040849302203926019e+00
1.459517558732827958e+00
9.324152054970020753e-01
-1.193829994281116358e+00
-2.269386778010970662e+00
5.319130106549407183e-02
-3.306907949093984556e-01
-4.227225362843796130e-01
6.523314220880183090e-01
8.850154446814860465e-02
-1.208174425970343524e+00
1.451199348919829824e+00
3.231352580030645294e-01
-1.974757668360966611e-01
3.424831074136284320e-02
7.998955347028414709e-01
-1.364242087946672122e-01
-2.675309220631506779e+00
-5.114791002910091394e-02
-6.542392036573490000e-01
1.852626618682651882e+00
-8.959912875073834382e-01
-7.973984887199896399e-01
-3.911370560975165334e-01
-1.521123927189624636e+00
2.001810791393957789e+00
1.278273566548715934e+00
-5.664929569774981299e-01
1.501156393071865436e+00
6.952636137516129411e-01
6.478566256507641841e-01
3.413739110730250603e-01
-3.470941616356324921e+00
1.005368722587353242e-01
1.149877106144927691e-01
5.803080513612965952e-01
1.514838846200657452e+00
-1.493289914959092524e-01
-3.829368803138056276e-01
1.408377574928061593e+00
-9.049090599355429088e-02
-8.759209399309080268e-01
8.768722497591979748e-01
-1.994066585443078632e-01
1.763352181750668768e+00
-1.653506455049123247e-01
1.999282816105717009e+00
-3.301809761315858682e-01
-4.444217531063890947e-01
-8.856516919724614079e-01
2.603437827612461231e+00
9.700164168987894797e-01
1.249047215677443062e-01
-4.577907468610424857e-01
1.334856256781644435e+00
-1.702446489894904325e+00
-1.015925233195787702e-01
3.008990910321182599e-01
-1.228223055619632742e+00
-9.213588126325119587e-01
-1.196595689364336579e+00
1.027710432557709996e+00
1.659873630386196897e-01
5.983614156594574407e-01
-1.543984037028009182e-01
-2.677631880696740740e+00
1.197364061132255575e+00
2.095202978575740616e-01
-9.811252002386608995e-01
4.025077060960106090e-01
5.828171422276929858e-01
-2.898742922229179952e-01
-1.468517080276765530e-01
-1.709341196548767927e+00
-3.232288771862617538e-01
7.754005060103529023e-02
-7.693319490513171599e-02
4.701432114879673940e-01
6.784953444222202590e-01
3.639934544732429389e-01
-6.902499682398630654e-01
7.319370313445154874e-01
-3.751898720877602095e-02
4.144495359938300538e-01
-2.187837421679058036e-01
-6.458431603855527836e-01
-1.754678809927850303e+00
-2.221092538212235123e-01
1.753555755511524428e+00
7.545689456500186409e-01
1.253185297976191215e-01
3.209265101256938979e-01
-1.096430324624664276e+00
6.885608105593592487e-01
-7.811677258038736138e-01
2.165828004725282252e+00
6.817263552576692254e-01
5.882137631130321953e-01
2.333000209736884600e-01
-3.580018651818853148e-02
6.994254032626768813e-01
-2.449502594192431104e+00
6.575390895172079642e-01
-4.768885210422216595e-03
-2.624494057149101556e-01
-9.720116882835292405e-01
5.536993890454626754e-01
8.951461530663739063e-01
8.186789043605064986e-01
8.221902661487894282e-01
-2.774740742825732576e-01
1.112332373699800980e+00
-9.036538226202442958e-01
8.920106543239131325e-01
1.659562854567771528e-01
-2.099870878425416976e+00
6.829160785100502062e-02
-2.623986259624908612e-01
-9.526466931217164591e-01
-3.313094271945749569e-01
-3.315518937141472694e-02
-6.771240704128089760e-01
-2.513677815761415357e-01
-5.932317868608323330e-01
3.436913358328914092e-01
6.881601104522949708e-01
3.373877795042997119e-01
-6.690966479971061087e-01
7.755578728316967485e-01
4.764374239768169872e-01
2.585153229868666802e+00
1.247871230551217847e+00
-1.532830184660427753e+00
4.808879776065477785e-02
1.143950158822131247e+00
-1.379215953897722891e+00
8.444850591026744624e-01
-1.073678822850472336e-01
-4.995392675852679543e-01
4.650202205012059498e-01
1.303552363122682412e+00
1.882368169600915353e+00
-1.288983351873652428e+00
3.650368884504838207e-01
-4.984739028752367407e-01
5.714438037154122574e-01
2.569129963929372984e+00
1.794343579326926230e+00
1.858271958837331095e+00
1.509366203513364590e+00
-9.428820074974469945e-01
1.111103842763146554e+00
-3.128800787679783202e+00
-2.776320440230696018e+00
-2.579231002156729513e+00
-3.782201015909631980e-01
-9.698493974119207772e-01
-8.600783572681804934e-01
8.601325528265759690e-01
2.520693088629335055e+00
1.545313641875859956e+00
2.878675290250358287e+00
8.213040196974601415e-01
-2.015910704787257091e-01
-1.380001797403371810e+00
-3.841311276910004402e-01
-2.147664529283031865e+00
1.227221831625859572e-01
1.502212809339321442e+00
8.442830178337105140e-01
1.428286950644042097e+00
1.057720445594714676e+00
-1.487226378927807957e+00
-9.466564448343436355e-01
-3.984179147474431470e-02
-1.741373898538791876e+00
-5.983071694926642703e-01
8.278233530485399339e-01
1.781081500814539087e+00
1.944081457432692561e+00
3.055186683870791065e+00
5.401891374894618458e-01
-7.721390753537987761e-02
-4.266834937958488005e-01
-1.995074493244036073e+00
-1.979366008631782359e+00
-1.399586818450126113e+00
-2.550494152403357084e+00
9.493299044468024306e-01
1.035895918078632016e-01
2.396895136818816940e+00
1.106356887518225252e+00
-7.801526978944030022e-01
-8.867391747149413472e-01
-6.514742829122860401e-01
9.113211196267734238e-02
2.263288866248207132e+00
1.003567100446694838e+00
-3.016986507838220755e-01
-1.172987330719371446e+00
1.035000570475089976e+00
-2.555372035544057896e-01
-1.833802208305606474e+00
-2.906943651236615356e-01
-3.066760051695357259e+00
-9.425350665794209881e-01
3.379903135534111369e-01
-7.862054132809938034e-01
2.946041819098371040e+00
1.963655484979240251e+00
9.899334848979693957e-01
2.699159794520525679e+00
2.339550077705687237e+00
6.034075261140495750e-01
-1.039504367719964462e-01
-2.189308239301932524e+00
-1.861217634831868750e-02
-2.027174689481932024e+00
-1.533507308213500897e+00
2.003450987439324482e+00
1.217307148214932244e+00
-2.806598056243673200e-01
2.839832112210283199e-01
1.901526075148036066e+00
-3.031725565624028285e-01
-4.815730069319743012e-01
7.260525740066793299e-01
3.888151476993694233e-01
3.704258385625788241e-01
-5.609947181370644742e-01
2.719982015700793898e+00
-1.738382357324539607e+00
-6.430467528899284080e-01
-1.864270035585217755e+00
-4.272482705206213538e+00
-2.723782876789802465e+00
-3.708885524639633502e-01
-6.652794900794128941e-01
-5.827127850291919930e-01
2.181175938990653318e+00
2.106193918626518613e+00
1.229289750349618737e+00
9.943767652776023258e-01
1.296889203694931325e+00
7.523628871963680687e-02
-9.944996364869422845e-01
-7.635141737900714709e-01
-2.715242704183760125e+00
-7.687343010111754582e-01
-8.960097736541711155e-02
-1.050494284801960276e+00
-4.714719836173377754e-01
-2.509253514240609717e-01
-1.068721237659618906e+00
-6.901857646115354683e-01
-8.335201966135579177e-01
1.303334963884837272e+00
1.012171391253126607e-01
2.046784046309273464e+00
1.814609756112276262e+00
1.614160183751866651e+00
1.042187332576040681e+00
1.113549446712650548e-01
-1.025436985510216559e+00
-1.223321514769877494e+00
-1.760783222219276523e+00
-3.138724389648552826e+00
-1.752735652488780937e+00
-7.980176693578893143e-01
6.111445898901802787e-01
1.501475229223373287e+00
2.039880626404409369e+00
1.623416916289550427e+00
-1.719344389720972144e+00
3.944975948064159965e-01
1.209027172362389546e+00
-2.807976767030068710e-01
-4.107914438207124208e-01
-2.098704322690236879e-02
9.254011545373418413e-01
1.119963726943959736e+00
1.708276799667842294e+00
-5.450674543241085246e-01
-6.221788625708053466e-01
-1.156299234974680123e+00
-1.288773825543863216e+00
1.143727966041838018e+00
-5.320943340103903019e-01
1.851631897333879451e+00
1.172720358166947419e+00
2.462666575616647258e+00
2.542474088732773474e+00
2.382201738804968105e+00
2.226189176870861264e+00
3.645581285127885707e-02
-8.457099420290996594e-01
-1.677662237533179557e+00
-2.955165125209419763e+00
-3.442520499800049372e+00
-1.108515779700361081e+00
4.868726983726234248e-01
2.651959988991420047e+00
1.021603027326011270e+00
8.959461715257602821e-01
1.444088687037352603e+00
1.687458259972331787e+00
-6.523360700627155173e-02
-1.137740648472077343e+00
-5.779645464741585137e-01
-6.790789026499859382e-01
8.203616337017467508e-01
-7.013585350997707524e-01
1.077502968654465487e+00
3.012335848575645736e-01
-1.127047518821576277e+00
-1.406615810032787905e+00
-9.604967744052403944e-01
-1.802362843242489632e+00
-8.665294260301303897e-02
1.862118906153729769e+00
1.771061118334741780e+00
1.175479722497641433e+00
5.305198820549670291e-01
1.368824409173035050e-01
7.479898847015338248e-01
-2.667360148121182273e-01
-2.080697183308511278e+00
-3.400851035101625897e+00
-3.933781498194637294e-01
-1.543809963702054810e+00
3.100445330482812789e-01
-4.948435069492226890e-02
1.189234487451630851e-01
1.896318398603630939e+00
1.163161389148077984e-01
9.351383765230238121e-02
3.533034946714198044e-01
-1.074842430922859471e+00
-1.973604300393233757e+00
2.065194300022675233e-01
-3.951273578773479844e-01
2.787623638866447706e+00
1.644811642692967091e-01
-9.932063189890940613e-01
1.423990848358051231e+00
-2.739680004638056499e+00
-8.559774630558208974e-01
-2.257610104348040991e+00
-9.910006313311929826e-01
1.477680400165641394e+00
1.696908185401057256e+00
1.205417092984768068e+00
2.219050874692026554e+00
8.469474682792305087e-01
5.364317888994439842e-01
6.098524777185825307e-01
-1.182015198275737422e+00
-1.031320087172460154e+00
-3.399491101741294319e-01
-1.639298527696656516e+00
-6.281345788090506588e-01
-1.678494741762407205e+00
2.120221072574108856e-01
4.920132415901750100e-01
-1.178080302503824672e+00
8.690153701311431611e-02
-1.033047723063098999e+00
-4.919737022040179819e-01
8.101035225125978734e-01
2.376516456691037504e+00
-5.816012992856263164e-01
2.663180302186901827e+00
2.331824204443145199e+00
-3.503667316115707253e-01
-4.675747510860626677e-01
-1.514581444803411614e+00
-1.833376652988097710e+00
-5.572103800558441122e-01
-1.133134430849644492e+00
-1.481061929112523989e+00
-8.417683267036846217e-03
-2.144096834115809536e-01
2.406065959375107255e+00
1.246235310349278258e+00
1.428735618689850995e+00
3.706750507503719927e-01
1.086886111229187435e+00
-8.347678792312862583e-01
-1.284985653423739382e+00
-3.338215128453736469e-02
3.943344022654338143e-03
1.720283774367711738e+00
6.887262637868376558e-01
-2.131774704791273567e-01
-1.131585960592174978e+00
-5.386567402775132019e-01
6.169935922326060806e-01
-7.615709650731365965e-01
-1.397260960313438383e-01
1.134213821401226729e+00
3.449115887120228763e-01
1.663392826996277218e-01
1.506539716044198673e+00
1.926160291394817703e+00
1.872002472044887345e+00
-1.207882911807728332e-02
-6.505389161075476601e-01
-1.808217750445837657e+00
-3.315290209610023187e+00
-3.965237711253335906e+00
-4.587181440297600776e-01
-2.270659038583477507e+00
1.551268827001466732e+00
2.370310200884839347e+00
2.908233700483321416e-01
-5.260872096720243807e-01
1.173599443199300207e-01
2.570822158933125934e-01
-1.188198484006642408e+00
4.918149478632628524e-01
-2.322314802201250195e-01
-9.027781103614624936e-01
-2.892797412518993139e-01
1.512032221581941283e+00
5.755147423877209345e-01
-1.532972572951973866e+00
-4.103094279435625102e-01
-3.027293962278175599e+00
-2.411443474609205495e+00
-6.561277078166362076e-01
1.983708252260791838e+00
1.414166568057109163e-01
2.358211800667268321e+00
1.137806647517313419e+00
2.009949677582944183e+00
2.868885322569165730e-01
8.127281091874056784e-01
4.603699133638681218e-01
-3.316499472975837026e+00
-1.159062989125906995e+00
-2.656725990639000834e+00
-1.286167605773540945e+00
-1.414232082313985117e+00
-3.576587578198586748e-01
2.698190209443866117e+00
1.818589502124461355e-01
-7.920613172901841414e-01
-7.808166635502806763e-01
1.264311085667720658e+00
-7.169067489656107961e-01
-5.402833729041944810e-01
-1.655963266406648371e+00
1.757045976944409338e+00
1.001633742399674176e+00
1.928347390295396258e-01
-8.584015055625642265e-01
7.463926631744810525e-01
-2.077726914398356772e+00
-2.484607866128508036e+00
-1.092036796063276638e+00
-9.345687588305972016e-01
2.329392891186803094e-01
6.482397948850122660e-01
2.828553922059627190e+00
-3.266747563072880389e-01
1.644583315945036706e+00
8.898084648861050994e-01
4.634776719197459816e-01
-9.737911562476140315e-01
-8.692447969131600338e-01
5.424782073386553716e-01
4.655143098711902461e-01
-1.178368571765600614e-01
-3.348162022825097450e-01
-1.918569567271775522e+00
-1.054210845276481567e+00
2.047051466817730869e+00
-5.998691655467769390e-01
3.981278473304780685e-01
-3.272534677120618740e-01
6.416119627540485260e-01
1.189900309967732994e+00
1.414805429171669626e+00
2.074862463995073458e+00
2.879378846554181415e+00
1.570749687116149929e+00
-1.813159494022860807e+00
-1.319777818847386541e+00
-3.362417728894579128e+00
-3.668788351525406277e+00
-1.040195352418808561e+00
-5.221594973930134831e-01
5.165549600606821334e-01
3.043457270233403733e+00
2.343463143025898532e+00
2.298236423311747156e+00
-2.367206399712535880e-01
5.752747259987029960e-01
-1.276764838641413657e+00
1.281687765906542875e-01
-9.076224656880610420e-01
-5.445668899557423170e-01
2.617423572685731448e-01
-3.418966732093521976e+00
-1.410401406608270125e-01
-3.822270115296277027e+00
-1.495015395174655037e-01
-1.492740106544049983e+00
-1.126649591631521341e+00
-1.151917489226594205e+00
-1.678801104952869050e+00
4.590209557835565057e-01
2.047426639028597783e+00
1.402526906261004846e+00
2.413704015516810575e+00
1.398733764655394785e+00
1.595085477630514337e+00
-3.583624142262763490e-01
-2.811412286878580691e+00
-3.632601151692523622e+00
-3.673591443641580412e+00
1.427335492943421658e+00
-7.648849679900271425e-02
-1.186352961449330806e-01
3.085656893621465446e+00
7.525322607001105890e-01
5.485698209504772382e-01
9.880670607125954241e-01
-1.741867659320584405e+00
-8.945945680986511217e-02
-7.244628434742411693e-03
5.086497443710426003e-01
-3.934884444759256805e-01
-4.596358487716283303e-01
2.891926784443328291e-01
-1.187300515287395886e+00
-8.921490227522625993e-01
-1.778163081515759636e+00
4.145279946948101646e-01
-2.893878174478401455e-01
-1.079204045150234048e+00
-5.692431524002675713e-01
-1.122491414902215601e+00
6.161510117331737701e-01
3.762435829076261840e+00
1.404716596750933411e+00
1.897014696472189677e+00
3.066699658416142116e-01
-5.369553287511135142e-01
-1.416904845510482680e-01
-9.278553185089785105e-01
-2.386377230911628011e+00
-1.959215373764417567e+00
-2.420394680452675917e+00
1.491638213221533338e+00
-6.782101404158356051e-01
9.058961021536808822e-01
2.376937747486400077e-01
1.614758269519922074e+00
5.229586347733853335e-01
-9.937471659359135012e-01
-6.719553785357555986e-01
-1.919119181763616622e-01
6.984891516453305416e-01
1.800555222548284817e+00
1.611160672172886610e+00
5.263205730110752656e-01
-1.124938658791993840e+00
-7.133709554031510969e-01
-4.058194432796071727e-01
-1.237626587190920668e+00
-2.120787505326162670e-01
6.185285662962585196e-01
1.423588732149198899e+00
9.334710159947453567e-01
1.742211109071365893e+00
1.823606835124402137e+00
2.631220714087673773e+00
9.996757829185298760e-03
-2.143774971081596536e+00
-1.761019663108249311e+00
-8.301324639781657577e-01
-7.371246254410306342e-01
-4.872487031911894584e-01
-1.022662166461393074e+00
-2.003499681590620307e-01
4.428746701884408998e-01
6.249681265155467846e-01
4.746458199738436412e-01
-3.606646327847495836e-01
-8.058842466130990978e-01
-4.039677486825399289e-01
-9.194703848766164755e-01
5.300721733249512679e-01
7.469850601992288341e-01
1.829196583344350202e+00
1.283970260722431256e-01
1.109572958881315685e+00
-1.937521357041332548e+00
-2.866027149530571805e+00
-1.723731616111377152e+00
-2.881340910617428364e+00
-1.847792235901680513e+00
-1.705011330809198977e+00
1.500549266526360004e+00
8.480479262176416899e-01
7.519432037530515700e-02
1.289309837055570451e+00
5.268638995819207027e-01
-1.098858079183960834e-01
9.145351644418755477e-01
-1.618218474868099443e-01
-1.216159162103826796e+00
-2.448345413410920823e+00
2.870388264955532343e-01
-5.822507621417827295e-01
-9.725109258774277121e-01
-9.787280706242784678e-01
-2.257176171333852288e-01
-1.329047350692885932e+00
-6.973170427089876444e-01
-1.480923141307850743e+00
-8.271987332043980734e-01
8.167710709995867902e-01
1.862312202549274431e+00
1.515413912056531087e+00
8.448277891993511979e-01
3.233281176466554996e+00
5.410673805334871300e-01
3.669839388554325676e-01
-8.324136991510415751e-01
-1.358705332244448893e+00
-3.206996370326264056e+00
-1.240226209641205779e+00
5.198962604452671554e-01
8.885235845581779257e-01
1.866508691608256498e+00
8.932287095871644933e-01
9.353127118711797028e-01
1.234524472320592148e+00
3.065650194402356199e-01
1.633651389332279269e+00
-1.022074751478240673e+00
1.044888986313573964e+00
-2.931377571063902732e+00
-1.130986380293460991e+00
-5.595170122632334708e-01
1.487006587959276982e-01
-4.381111965222583282e-01
-1.560936970010062375e+00
-2.131142377663884702e+00
-5.919952968833089857e-01
-4.782220438848714394e-01
-2.190480667416321303e+00
2.959608696095448188e+00
3.469224748756184251e+00
9.315094909452144023e-01
1.643744644751117256e+00
-3.025251989746928771e-01
1.138605932216293137e+00
-1.417637019720625169e+00
-9.934565224482549972e-02
-1.145388509824294854e+00
-7.858551567614643352e-01
-7.648867012502860163e-01
-2.106789359689901442e+00
1.089759728508122194e+00
6.637386073423702237e-01
2.393181564136362960e-01
1.277311515806513587e+00
2.569259850756620001e-01
6.054837135395902958e-01
1.036013667327809890e-01
-9.549765444459020758e-01
1.651999452593139184e+00
-1.220411423777038040e-01
2.164257860503309594e+00
1.770140421979987888e+00
1.202819703080345803e+00
-1.906808796179291221e-01
-1.065523752978894345e+00
-2.887242398305784441e+00
-1.272927472433172280e+00
-2.376903603058325043e+00
-2.100167423843412706e+00
1.715465418095095451e+00
9.413315182448427354e-01
1.783125396507215799e+00
3.501143031193024058e+00
1.957305819855136075e+00
-8.416850737566204943e-01
7.112725660437153596e-01
-3.640898587099736794e+00
-1.191219182661237719e+00
-2.531518948709068795e+00
-4.147634203531237462e-01
-5.490397538095870278e-01
-1.932224619423463796e-01
6.650519221922197577e-01
9.355066265053497698e-01
-1.650308183032997977e-01
1.041211605915160598e+00
-1.527033726965110860e+00
1.233762079092588060e+00
2.288308631659786707e-01
-7.581378087344105010e-01
1.368772237733697050e+00
1.859563811395486654e+00
-1.054239394575067212e+00
6.937789216960701388e-01
-1.284927160090449494e+00
-2.209300784523750671e+00
-2.256931937722209902e+00
-1.411101601312578779e+00
-7.991428734758645458e-01
-4.110340116333797700e-01
-2.020986771317900832e-01
1.928744664472978876e+00
2.679260430173285190e+00
1.145930261831572539e+00
-5.545119635532635982e-02
1.125879281670176368e+00
-4.092077338354990768e-01
-1.414298811814953094e+00
-1.294786723650092286e+00
-1.234552661604724211e+00
2.246714534520462547e-01
4.190844282442473534e-01
-1.410448877300087833e+00
-1.338976057232558858e+00
-6.061614134176674940e-01
-1.360261946148319634e+00
1.278806058063211903e+00
-1.723148450401222220e+00
-6.389632122999248098e-01
9.243620361946309760e-01
2.536954763712842009e+00
5.637288136464400079e-01
9.086165066483788966e-01
5.791182443340103791e-02
-6.778834838674684393e-01
-7.763098236469923030e-01
-3.048807521967894285e+00
-8.827058927379813902e-01
-1.811333705274120964e+00
-1.628544704903587714e+00
-1.601756111830266727e-01
1.948936996731823523e+00
1.581284846946561018e+00
1.333550621395051872e+00
2.041029339515885166e+00
-2.919093790412137235e-01
-9.688615448759108073e-02
-1.593158329556845665e+00
-8.554000056391131146e-01
9.626024219213831223e-01
7.678172780614060666e-02
6.540051823587742508e-01
1.486008537121162876e-01
-1.746970819705804701e+00
-1.199152129347209605e-01
-3.869470256819468323e-01
9.938642130866814917e-02
-1.489092781030010970e+00
-7.234979242258731125e-01
-5.380046611491686726e-01
4.263586405196068685e-01
4.872257154643762078e-01
2.108257524273088990e+00
6.840644853324071573e-01
6.264393440774985722e-01
-2.945091989639352370e-01
7.203215590620211106e-01
-1.379492296874702095e+00
-1.657583147428835391e+00
4.003096420753537998e-01
-1.549413277765793184e-01
-1.481471373075055720e+00
8.435262355878814233e-01
1.628232403707657650e+00
4.381916843953073126e-01
7.278241863822663138e-01
7.906729065386977062e-01
-1.366067754689995528e+00
1.289380925274615564e+00
9.355795338778628567e-01
-5.918033235064722453e-01
-1.075548969530934595e+00
-7.372519981631731056e-02
1.060384846138649140e+00
-6.140367432770768019e-01
-3.293589468294232159e+00
-3.811725601130181218e+00
-1.834380589199028355e+00
-1.520507326879152243e+00
-2.764836243732061050e+00
-9.744951985225380753e-01
1.336125938098054355e+00
2.528399068088809543e+00
1.619840741532775352e+00
1.717072305437739477e+00
-1.317019992053585886e+00
-1.503261529565698806e+00
1.108241126716385194e+00
-5.253257187348396862e-01
1.484920971803576517e+00
-1.153443805103392394e+00
1.653777922866409567e-01
7.440930325949799418e-01
-3.552523340666602913e-01
-2.064522610965894775e-02
9.891040951745726506e-01
-4.002748277457118808e-02
5.920883164802804854e-01
-1.047804974854626758e+00
1.090867651638168123e+00
3.821320678750932953e-01
-8.687064257912298082e-01
4.172063302819992714e-01
7.266844677762094307e-01
2.437291057221728507e-01
-1.302891338848411351e+00
-1.526906463913058287e+00
-5.611142354580773706e-01
2.369829106961552634e-01
1.651183002213173490e+00
4.755236320813198136e-01
9.803879673024796793e-01
-1.886786793547991614e+00
5.910743052265772235e-01
1.001877648598065579e-01
-3.521217420496310785e-02
6.476172797006625181e-01
9.017212457490685062e-02
-1.068995655855629945e+00
-1.260131784929215959e+00
1.354477304192520937e-01
-5.496432668318822490e-01
-1.294896094185899738e-01
1.048410179845376211e+00
-5.192428876559081197e-02
5.745078090555988393e-01
-6.901336643083195721e-01
1.787649964551298654e+00
-4.774267540304806823e-01
7.179880843921745415e-01
1.214326477661141102e+00
-7.497360400935794145e-01
-3.697145722538700552e-01
2.217220522265049565e-01
5.180237979103237134e-01
-5.161626948962924066e-01
-4.285243674975705019e-01
-1.387800205175294954e-01
-9.971050413897294407e-01
8.856194141205075976e-01
1.648946399852227573e+00
-1.056831548969373147e+00
-5.707991492336886852e-01
-7.263572703506798733e-01
2.371492531750634125e-01
4.263798025388137458e-01
-1.889114835848975105e-01
-7.530747096323531231e-01
-2.326534282309162260e-01
1.145225332730254397e+00
1.148489923996403927e+00
7.815794418705224178e-01
-2.016661312577447962e+00
-1.239275446361335797e+00
-1.282540918404266206e+00
1.020296055961674719e+00
-2.575104052911312835e-01
6.063531233722074809e-01
2.216432027458940190e+00
-1.666348482037779855e+00
6.033632242883278651e-02
1.654387336356568428e+00
-2.144788143544441805e+00
8.392532818580727971e-02
-1.788752742877384394e+00
-2.987640271686813898e-01
2.581708055386273237e+00
-2.139090833366306954e-01
-4.024666280938624663e-01
8.283771650804141462e-01
-1.514378575184329501e+00
-3.902988188700591832e-01
-8.908749857824412866e-01
7.032499557872408102e-01
2.957522840921388951e+00
6.064277636546415717e-01
7.033819359526679582e-01
-1.538743806913639434e-01
3.083972569863281943e-01
2.003564147313005583e-01
5.130790617065964510e-01
-4.439423714459317383e-01
1.475553489283100983e-01
8.751700317256060346e-01
-1.433490341096724574e+00
3.922549290722927573e-01
8.398739916165297303e-02
-1.025504094817234257e+00
-7.369733059206078352e-01
-1.630759159449368001e+00
3.582925869064586544e-01
-8.838199619358113601e-01
-1.139418647995866563e+00
6.021989671599119465e-01
-2.145408007467065059e-01
1.646195618155327001e+00
6.588271324889599656e-01
-2.912984082660021179e-01
2.613678670922633951e-02
-8.909876056755060558e-01
-2.457290153117446252e-01
8.220098606254806484e-01
-7.568714967611319677e-01
-4.367718038037455841e-01
-1.247982628189761911e+00
-7.470379307000680758e-01
1.490312141256787903e+00
9.358457857315531647e-02
-1.021333142864212729e+00
-1.065978005308935828e+00
-2.394809221426164036e+00
-4.747731377278581744e-01
1.015867805537178370e+00
-6.406103202439169531e-01
1.567598326302918899e-01
2.309909408041633042e-02
-2.462034827175584972e+00
6.429152913993027019e-01
-8.870797327679049715e-01
-7.680808554126095089e-01
-4.651282191370384456e-01
-2.284494521971918435e-01
-3.116902590772618886e-01
6.528511848970478537e-01
8.807271206617892645e-01
2.552401263623509803e-02
2.031376174353650421e-01
-8.748800008810626583e-01
1.637127896934615912e+00
9.801517271008013399e-01
-1.055546855167223352e+00
1.504811666654205515e-01
6.840252455329560721e-01
-5.393010683793691973e-01
-1.904802653747511565e-01
-1.081324045174322679e+00
5.664598400022290425e-01
4.976092551745061043e-01
-6.627284519747349556e-01
1.509449667783785420e-01
-1.217975186192601145e+00
-6.223279479274588244e-01
1.552993194831855384e+00
-1.228871403034162535e+00
-5.252862066574299771e-01
4.109303946010695041e-01
4.345222004414640571e-01
1.761309988260731096e-01
-1.222944118043410855e-01
1.477108168457312187e+00
-2.652126659325010904e-01
-5.080960247342484332e-02
9.944017832276531577e-01
-5.027917713055882754e-01
-7.884197859251185214e-01
-5.962279952616672540e-01
-1.883854935114867221e-02
-2.941806237019139458e-01
8.314661579528194180e-01
-1.038823975604561412e+00
-8.629576459017752610e-01
2.774804467259032181e-01
2.461078534703221160e-02
1.531382977747209440e+00
-5.469345686730099354e-01
7.640900661889005185e-01
-3.190727172497553887e-01
-8.200642245624731319e-02
-1.947733921408963065e+00
2.162423654584088861e-01
1.486248031942371650e+00
-1.362775946169462626e+00
7.720241220130893423e-01
-9.978725213424957108e-01
8.993710784958885984e-01
-3.581721493406845869e-01
8.238002408323636949e-01
8.432470806716367839e-01
-1.049216059454590955e+00
-3.112929969624281257e-01
1.993565384795631390e+00
-7.281454580981551183e-01
-1.796922844457306614e-02
8.721003364760089582e-02
4.073412395586783474e-01
-2.020278662071737674e+00
-3.377238826113739822e-01
-3.542708058730584808e-01
-1.495575063721572340e+00
4.097853753445183655e-01
-4.339168956256691523e-01
-4.984634937609004335e-01
1.466040428067255208e+00
-1.275681567796093985e+00
6.813607221900531696e-01
-2.276041906117354796e-01
-4.449641257240527503e-01
-2.725394184534565833e-02
-2.268276474145738408e+00
-1.370592715437516373e-01
1.282809917623450646e+00
2.027141737398606425e-01
1.012137574301813059e+00
4.398193474844141471e-01
-4.656729606667391330e-01
-5.978632536973725875e-01
-5.022931285047990690e-02
1.825286438214969831e+00
2.756505609485985220e-01
7.330614141371606385e-01
1.105428309862144243e-01
3.292069494767747573e-01
1.040424568182873433e+00
-2.483943399745764391e-01
-9.905349929576235946e-01
1.267196263904017517e+00
-5.287542786511522097e-01
5.026277157446418231e-01
5.229618285029082880e-01
-1.689111547855627338e+00
-5.116228216602161649e-02
-1.484300609910784996e-01
7.879462919281835509e-01
-7.247527663469930381e-01
-6.447348048436015722e-01
-1.186014751579958837e+00
7.093995192270678707e-02
-5.100270691862581751e-01
-4.071888632899431371e-01
1.421274316315645159e+00
1.040343413424799496e-01
-8.637560179474010891e-01
9.374272932612963682e-01
-5.684876679887608253e-01
-3.241472042224817773e-01
6.583208686559088862e-01
1.193175998854400621e+00
1.510731350302536802e+00
1.734604107117070138e+00
3.485493557644478990e-01
-2.197998081702303985e-01
-3.888780230227601442e-01
-1.137170367690423095e-01
4.343528902569502859e-01
-1.162517687154031920e+00
-2.132275825415104187e-01
4.448535949350602148e-01
1.231855731298540924e-01
-4.760146262465528300e-01
-5.263875879458758122e-01
-6.582646096120092771e-01
6.676614705165219155e-01
6.086497655973295284e-01
1.392272412108738644e+00
-3.085363336314876359e-01
8.536853386103324670e-01
-7.495384424413660263e-01
5.749461804729668613e-01
-1.435260158005724040e+00
-1.937290495259414713e-01
-3.129123762510491735e-01
-1.411848759325130542e+00
4.698080271298105126e-01
-3.385052635283600786e-01
-4.989999910874539646e-01
1.144078926107955363e+00
5.730569404530262423e-01
-7.176950634561056752e-01
-8.772050636770828413e-01
-1.402159886338514572e-01
-8.899277959368121493e-01
1.866388434095322124e-01
-6.663171973407874260e-01
-7.033541229672158890e-01
-8.023329707957214119e-01
-2.149147626620362850e+00
-7.363898093792196897e-02
1.006414321150738811e+00
-1.524894719953345135e+00
1.918971690896923987e-01
2.184206171787995920e+00
1.033702920560203818e-02
-5.923250283976088104e-01
-2.599354350757333235e-03
1.553851470596519402e+00
-6.984109717686447505e-01
7.334999917255802249e-02
2.198665202423521592e+00
1.927863108525652125e+00
1.836908904256082387e-01
9.698678196567140919e-01
-1.817507346284444214e+00
1.851519049030551312e+00
-9.967919290249946940e-01
1.061161353335234425e+00
-4.037709576952409618e-01
-1.891520916356219439e+00
5.960355687591043505e-01
-4.895748608722437500e-02
-2.065146804432913819e-01
-2.604344982549324783e-01
-4.995193810869972828e-01
-7.974373994618195738e-01
5.695045283234436706e-01
-1.423069802597423550e+00
-5.862180363344513534e-01
-1.023418687309161079e+00
1.280402329586765475e+00
-3.398738588399465022e-02
5.655128804668599352e-02
8.028840336562885760e-01
2.350486490288832830e-01
-1.458168922195647865e-01
8.510695335443474452e-01
-2.046057001252326479e+00
-6.530374910149525647e-01
1.178931639657919028e+00
-2.023787133445468900e+00
6.484030354277817709e-01
-3.594030525308185564e-01
-1.100644940571785746e+00
-1.674639488295534551e-02
2.573758996054677506e-01
-1.541551207678261370e+00
-1.398994322875521279e+00
-1.764229001049328616e-01
1.140813819266250917e+00
8.761759909816213554e-01
9.771842873437183163e-01
1.449585635996849975e+00
-5.337225741626767661e-01
2.246687413672346090e-01
1.201604228752461756e+00
1.643541237853564985e+00
-4.540356271984863357e-01
-1.266288227840399461e-01
1.013768979714914087e+00
-3.347251313340915413e-01
7.811528195601827873e-01
-1.038430521648614269e+00
-1.349553191480129755e+00
7.761549447643134592e-01
-4.260371827335758532e-02
-7.925397345738031951e-02
-3.078282220214159648e-01
4.667536837797106597e-01
5.232470612752416761e-01
8.495309899730073555e-01
-1.700845868480896694e+00
1.430025539439556903e+00
-5.430045704768630133e-01
4.685794720632457389e-01
-5.923229559932480237e-01
-5.606805569363174646e-01
-2.657981469975100541e+00
-5.686926542993768763e-01
-1.885903058825347589e+00
3.292058973198785932e-02
1.380574688532585137e+00
6.753650317516785018e-02
6.353748199017853482e-01
-1.328658750983761072e-01
-3.143703429775545621e-01
2.448767958511933185e-01
-1.350814836967028976e+00
-8.921125702365869659e-01
3.823922470071866586e-01
-2.463953824720684249e+00
-2.156517249915266721e+00
-1.767456641228918879e-01
-7.076777255836301794e-01
-1.464587565052076767e+00
5.178448842929355145e-01
2.240083712491810763e-01
1.584572421940824705e-01
8.218501079562026690e-02
-1.517649424543650483e+00
9.607265091213225416e-02
4.648271987096523894e-01
8.534887536044305500e-01
-5.236335086844321474e-01
-1.164059867553121741e+00
5.282232634203872790e-01
-5.230357845894904045e-01
-1.296072168520750578e+00
-3.326334316740194863e-01
7.768274839993702940e-01
1.266370253474750962e+00
8.480083428287412683e-01
-1.264822427424957985e+00
9.963288778191360384e-01
4.735849511341007623e-01
5.136872701442561917e-01
8.701695916119480678e-01
9.646272911494048474e-02
4.253804183799607674e-01
4.223342710167131420e-02
8.763357480287286005e-01
2.195465559732042438e-01
-1.852231079513889656e-01
3.550082745955154828e-02
-1.221926448482814731e+00
4.318809311983566879e-01
1.370153097092567940e+00
-3.561786865705658944e-01
1.085606534022365732e+00
-1.108866269203359289e+00
-1.130711272948496049e+00
9.723445524968815645e-02
-1.059785185941852115e+00
2.177161413663268041e-01
-2.012139350910856217e-01
5.189380146766102708e-01
3.697477120930847683e-01
7.597190727939860944e-01
5.627550185618379608e-01
-4.671900086262241736e-01
1.497856005750255681e+00
1.806938914136790864e+00
-9.190343692860112323e-01
1.314389183711500708e-01
4.970675160645389168e-01
-5.240616357673374415e-01
-8.674193322402244943e-01
3.462228553731032665e-01
-4.043577226935461399e-01
-2.038641812761805838e-01
1.870703228204146251e+00
3.447659349993379974e-01
-5.964955987271138016e-02
9.362398279986633431e-01
-8.876669993068582176e-01
-5.688398785234356492e-01
1.385811778445321441e+00
9.589209398400438955e-01
2.394552762463322826e-01
5.739358321740728464e-01
-1.176174755857622323e+00
5.392597178639718658e-02
1.130721444255998465e-01
-1.196755232013611975e-01
-7.363072395950287508e-01
-1.180218681455715846e+00
2.539177222729376293e-01
-5.935253304023282439e-01
2.938851868353094532e-01
-1.563662534784042046e+00
-3.683214030568759401e-01
-4.580230503391722885e-01
7.582159674342640043e-01
9.290600138206378533e-01
5.561971817327072271e-02
-4.951958874832049773e-01
-2.002109987321093243e+00
5.828062367471906757e-01
4.763566429910979783e-01
-1.953616817354425272e+00
-2.044682999224927133e+00
9.474769570824987941e-01
1.735947536006139380e+00
-1.806767132550693988e+00
2.692842488737107742e-01
-1.564814084115506987e-01
2.228592194124798254e-01
-2.673110150592249989e-01
1.878954271410796295e+00
8.775489134457928886e-01
5.803520550696544822e-01
-4.896115435870597443e-02
3.497354517714672539e-01
-1.558746480304871396e+00
-1.267517069566940435e+00
1.075801138242511890e+00
4.587468831733372276e-01
4.875161734584234630e-01
8.843234951667575672e-01
-6.853636440790119577e-01
1.513041936435791379e-01
4.219580663389734254e-01
8.359410866483584224e-01
-1.969123403597258515e-01
-6.884145014832070142e-02
-2.560505886872730952e-01
-5.147757355179717331e-01
8.934741235857053543e-02
1.540847330764300471e+00
-1.680235951011359585e+00
-2.036344678468058333e+00
-1.040045062616359095e+00
8.509834556155319030e-01
1.377947369923269161e-01
6.153744509771520432e-01
-9.278815447442066988e-01
-4.787645979716967926e-01
1.209205021945790159e+00
-1.661367812812521161e-01
-2.239700210528873470e+00
-7.432775208877998585e-01
1.837325495718126644e+00
1.265509056028893964e-01
-1.567972488711696366e+00
-1.167236014031529656e+00
-2.567650956631705728e-01
-1.859450582274240427e+00
-1.146722914938720361e+00
-1.400165611049915437e+00
-2.617754633829425970e+00
-6.523534935124418732e-01
-2.344738644339605660e-01
1.069479952526667180e-02
8.583459250438078836e-02
-8.214257351608740543e-02
-8.672902140270384308e-01
1.013866107922269943e+00
1.088282215800241204e+00
1.581043628555865110e+00
-2.605024406248785535e-02
1.154581972874288764e+00
-2.650784665253481664e-01
-5.931780823932726321e-01
-9.920643697063596944e-02
-5.966393743035747210e-02
-1.751526913213226344e-02
3.926853087407924381e-01
2.287487779981327130e+00
-2.158013789718705944e+00
1.473704376100499536e+00
1.560584958819026369e+00
-7.243268659299637591e-01
-3.788531470151385028e-01
3.868945780543330687e-02
5.992155802361822658e-01
-5.774411528337962674e-01
-1.408349031649409389e+00
-1.306242303582809239e+00
3.545386557551535311e-01
7.076120261950237245e-01
3.711021877410448644e-01
2.762728769455206623e-01
-5.200485579245126694e-02
1.763616900512942065e+00
9.253273156564288948e-01
-2.296589843319987612e+00
6.040496783226938504e-01
-1.376457312453369664e+00
1.051816682615956511e+00
6.278940946431217363e-01
1.417578213301570411e+00
4.171441923907179272e-01
-1.300318062951659304e+00
-5.703351371791903768e-01
-1.035798881764406598e+00
8.982154091560641263e-01
1.050449067204658249e+00
-1.869925767632420355e+00
6.063321169375507358e-01
-2.189167915801341735e+00
-1.071535843128043730e+00
-1.044559442659884096e+00
-1.891866371336682340e+00
1.278384093847268754e-01
-1.379626941448114152e+00
-9.457552631653319830e-01
-3.822891634926467996e-01
-3.379645117999016124e-01
6.350813556506127444e-01
-7.060018831405648343e-02
7.470265836194232845e-02
-8.249331424219069619e-01
-4.250418613088727815e-01
-6.364876445342141364e-01
-4.879561811628500556e-01
-1.749328809899069137e+00
1.142237912900683661e+00
5.686909833639393064e-01
2.488382460169102084e-01
2.414274715008863925e+00
-5.582618383472737200e-01
-1.539065770245833908e+00
2.157911660180832081e-01
-4.435747278343958322e-01
-7.013585353967384528e-02
1.591668567127992651e+00
-1.454449196041839310e+00
-6.319619489712691163e-01
-3.494638422874239963e-03
9.611453032412720088e-01
1.958766191155520975e+00
1.098299196567653846e+00
-3.749855205580532314e-02
2.658559747695698583e+00
1.433756358677086062e+00
1.292396917588702232e+00
-6.732674193431916754e-01
-1.269780964629890541e+00
-2.522230026858440777e-01
-1.377261341069029976e+00
-2.530151142692865118e+00
-1.008969928834641649e+00
1.457539203120784999e+00
1.510349581672413843e-01
1.185194716814472971e+00
2.297666730190892626e-01
-2.493843287928152463e-01
9.300885456444425436e-01
-1.677074649265232420e+00
3.339956741145023722e-01
6.198164379205433061e-01
4.790291403212509902e-02
1.544311860776488299e+00
-8.528050531729747252e-01
1.534385981909334729e-01
1.223122514940491845e+00
-1.209490907439199514e+00
1.677610479097088270e+00
-1.422075841630464355e-01
3.535047055837769459e-01
-4.105702935815844223e-01
-1.744877208872052998e+00
9.901654589212831592e-01
6.813809786443225658e-01
-1.548321455798008506e-01
1.214959146176457949e+00
5.993643388338121269e-01
-7.151046787454322651e-01
2.189157099535413709e-01
1.587845523829839678e+00
4.127935131291942117e-01
-1.600608162419124625e+00
-2.329189828416958541e+00
-2.258683625885679724e+00
-1.187185565850135349e+00
-2.473313518671576006e-01
-2.971130625764939026e+00
1.993104569422924632e-01
8.356666466490333400e-01
1.088599902740781111e-01
1.846997234826980083e+00
2.395679169951319576e+00
3.411929001642030723e+00
1.470668296401961950e+00
1.519561856605119665e+00
-2.530503150053675654e+00
-1.900559708360560540e+00
-9.143943393243605389e-01
-1.591624025342996296e+00
-1.239186927567280216e+00
-1.146304591243693105e-01
8.871131116005633865e-01
6.145536028070102130e-01
7.541455516719713925e-01
5.444006999468942176e-02
1.485998023824840697e+00
2.164703929711767838e+00
1.169138815873946857e+00
-2.479382016998749327e-01
-1.141588386835965530e+00
9.470347656848310258e-01
-1.154522610904344937e+00
1.079355527954735106e-01
-7.334369965092290000e-01
4.644990816455045746e-01
-1.644261116219147389e+00
-1.168009843607803022e+00
-1.059453304054702172e-01
-1.433396237850735444e+00
1.184051337874155951e+00
9.002093152820247468e-01
-1.057312561693560582e+00
1.607680551501774691e+00
-5.115319027936242602e-01
-7.801158139232609035e-01
4.864717298911447330e-01
-7.296911876773255479e-01
-4.816424354063656987e-01
5.419226234619782812e-01
-1.456680162180176819e+00
-6.429832712907126435e-01
-1.762316300965173888e+00
-1.868699642536465255e+00
-6.965692559834006925e-01
6.401275879984978934e-01
-1.160283013860758494e+00
1.508283715874189523e+00
1.374254197899679841e+00
-1.256673456257591193e+00
2.311664611431804239e+00
1.520186465263502873e+00
1.927351166705979946e+00
2.443128125378907778e-01
-1.338424377912191821e+00
1.899830342513106896e-01
-3.210597296607328843e+00
-3.359574713386533240e+00
-1.630184138062799271e+00
-2.302631422912088333e+00
-1.013900426103728769e+00
-6.630387048563346486e-02
3.075811007653109996e+00
1.164142404687065202e+00
2.359283032206759501e+00
2.089240873717912006e+00
2.158776821441254157e+00
3.164735921818368491e-01
-6.591140886064619231e-01
-1.062344004272864906e+00
-2.628803254515414523e+00
-1.705075043324625783e+00
-2.910076089696777668e+00
-1.402817654584639140e+00
-1.091092984810556832e+00
8.312948238293531578e-01
2.701114838695062303e-01
-3.381811773155665168e-01
1.206851369114062766e+00
1.436210415728594869e+00
1.760813272429838650e+00
-5.917117804855126506e-02
-1.031223394966612306e+00
-9.232071222356691420e-02
-1.574939513784821443e+00
-9.435318045313887403e-01
2.739666680410940414e-01
-2.118696264994345935e+00
9.040566385800214988e-01
-4.687385643969858851e-03
3.460922758837505220e-01
-7.398883485081083622e-01
-3.513450748701700821e-01
-1.060881153452063241e+00
-8.449506172151891592e-01
1.202914995207602367e+00
4.672062165395086952e-02
9.792998735422244749e-01
5.722353811101497101e-01
2.248899331636651233e-01
-3.603392366855024953e-01
7.498367617681420683e-01
3.495793436118574959e-01
2.019705523382061552e-01
-1.015655138574659944e+00
-1.769582261719405247e+00
-1.708099053283051116e+00
-2.283649805518219722e+00
-2.350290268231825852e+00
-1.674664419678034699e-02
2.399737712518729360e+00
-3.280456051356812619e-01
1.944890622554203086e+00
1.122357215557745036e+00
1.060320364112514513e+00
1.932142771272349346e+00
5.148948444160070803e-01
-1.326704776392514828e+00
-2.028231575572654322e+00
-4.027348773187624076e+00
-1.627208403304525763e+00
-3.207297393119907802e+00
-8.574084275073877714e-01
1.838720648121305867e-02
8.486539811218329898e-01
8.495426891926616264e-01
1.204496421200690115e+00
2.953565514714212359e+00
1.606577583021893352e+00
2.146288098564558045e+00
8.566489318048736701e-01
-1.723267747128816918e+00
-1.375694492354490484e+00
-1.448429130428699141e+00
-2.337821796239801131e+00
3.627508378704091818e-01
-1.102688796959346185e+00
7.107287516886964251e-01
2.184079095121039593e+00
2.327890674674590321e-01
4.784147510000516523e-01
2.125585317720325218e+00
1.011428237544045095e+00
-1.834114849182331697e-01
9.164878755322465598e-02
-1.859118923237577548e+00
8.258814137207666217e-01
1.502368270818303930e+00
1.756071553166441035e+00
1.324113970543585150e+00
5.634009697425234053e-01
8.135276643248139372e-01
1.025698090283158503e+00
-5.033486665088287015e-01
-1.023706319868262771e-01
-1.396350433129510016e+00
-1.898107325353028285e+00
-2.058667297464284118e+00
-1.245330509838177058e+00
-3.160070932607914607e-01
1.194257004448882276e+00
9.076837254325440529e-01
1.115522632886603471e+00
2.437702848773979802e+00
1.119115844543361549e+00
6.780827843448016257e-01
-1.176292340666578173e+00
-1.301109083100931318e+00
-4.550682648087400750e-01
-2.038441570626676747e+00
-7.633713983028966865e-01
2.661636509691911456e-02
1.346547542162884969e+00
-5.322523689277960379e-01
9.242102024488563217e-01
1.518173639024957389e+00
3.509572766558279877e-01
2.378293456650208970e-01
1.597818487503364082e+00
6.820178045377907061e-01
6.129116703417675227e-01
-1.409092071068152485e+00
-2.005743225606693159e+00
-2.005354021218492377e+00
-2.145372475734434126e+00
-2.593840975874495136e-01
1.060562392340600457e+00
5.509346469454353690e-01
9.860755976752589858e-01
4.577253478982488133e-01
4.168589953279291382e-01
1.960690706217216750e+00
2.796497753218436522e+00
-7.545926342799651465e-01
-9.914006440527060038e-01
-6.488164147074074739e-01
8.504089991639548485e-01
5.724656538055099553e-01
-1.607307567699443274e+00
-3.925839544687348970e-01
-3.368672269280144349e-02
-5.564463677827115040e-01
-2.017262199347906737e-01
1.554102543992074148e+00
6.693412234948972195e-01
-1.348653229498843475e-01
-1.655382817881101420e+00
1.694647163781864418e-01
1.855680058135557919e+00
1.423915553207857343e-01
2.165962393582411494e+00
2.446653135918314348e+00
3.215791046282013177e+00
1.789960209879973618e+00
5.214527123704481432e-02
-2.700642267936714802e+00
-9.185771892810508099e-01
-1.021480474919083337e+00
-2.679837955124646953e+00
-1.886050540541525322e+00
-1.248102926822174386e-01
-1.304601129053096331e+00
5.237893558352265666e-01
1.678961450022861124e+00
2.239153282805209422e+00
1.553857524881332441e+00
1.035639169537878601e+00
1.733960816558992368e+00
-6.637437912406325413e-01
-1.350863263732461128e+00
-3.971932144770051742e-01
3.684776470199830900e-01
-1.028501759085396206e+00
-6.516650024078225467e-01
2.385607686238768732e-01
4.689333694353996496e-01
-4.540614534171877326e-01
2.575661727714928073e+00
4.760531045510760784e-01
3.556453209011821492e+00
1.902867313256995541e+00
1.179918078956955885e+00
-4.058145991875835024e-01
-1.473014564675183991e+00
-6.584502281377844213e-01
-2.676921490684331495e+00
-8.514914793508363555e-01
-1.739969039063188339e-01
2.163597462263656679e-01
2.171231413033757107e+00
1.583096355021131441e+00
3.101582081975817751e-01
7.919955143819299437e-01
7.444938024586655878e-01
7.302036569531663579e-01
3.858172309957497714e-01
8.083652259444021881e-01
6.645345016059236443e-01
-3.450870726966207003e-01
8.628471144543589100e-01
-3.383796079938733437e-02
1.489105629530903752e+00
-8.724852077376480386e-01
-6.169430326621875293e-01
-5.550500095836558012e-02
-1.391033465847733019e+00
1.268508185878954642e+00
-1.815741744915513989e+00
-2.161693708066354525e+00
-9.136686597260871290e-01
4.130983373347434928e-01
8.530628397714076216e-01
1.413440483128483471e+00
8.186138444874523357e-01
2.416718925847521238e+00
1.038106452273548141e+00
5.758612468180673849e-01
-7.543230621168866001e-01
-3.012778446939670118e-01
-1.253935729967778911e+00
-1.758295456903221643e+00
-2.673177779349928063e+00
-1.033920595300996670e+00
-3.412904927202666250e-01
-1.454751023376447350e+00
-1.236771164648482690e+00
4.669257297892492886e-02
4.567553563006221395e-02
3.430705874638745545e+00
2.035154034597026040e+00
-1.575192725937472504e+00
-6.908531406574986988e-01
-9.448863525207747971e-01
-1.105154640686277556e+00
-6.851805725080981624e-01
-1.813476726964315944e+00
-7.940304929031785086e-01
1.032402746271414928e+00
2.026998110867590075e+00
8.267145017688920516e-01
9.232378441426772886e-01
2.136934405621677691e-01
1.613919887995438174e+00
1.672673155544674550e+00
-4.244315210022472362e-01
-5.746246085495124722e-01
6.005274719914155401e-01
-2.201170825852515889e-01
6.290329154282258139e-01
-7.552388229285338372e-01
2.152264574434441080e+00
-1.497977515615930955e+00
3.609337129647000597e-01
8.660083016963112668e-01
3.404489301996644457e+00
1.935404774834156572e-01
-1.842363115567391185e+00
-1.247844149573769545e+00
-2.093660367969957914e+00
7.639807560647290940e-02
1.335034496088414624e+00
-1.421130549245228192e+00
-1.772137950412090435e-01
6.966828698073824766e-01
1.218485654085005976e+00
-3.442257185560706478e-01
-1.346081272194014522e+00
-6.401473533142049144e-01
-3.634971772231964771e+00
-2.062820761870336472e+00
-1.512480562241521165e+00
-2.626186850487880697e+00
-2.198550750244780083e+00
-4.091402609141614466e-01
1.153603676675678313e+00
1.048204525347165905e+00
3.556159481904246356e-01
2.422608372822752987e+00
1.534636408001324837e+00
6.313292662358411800e-01
-1.935113941216158595e-01
-1.070969982631329698e+00
6.456736187946128247e-01
-5.930863367317136259e-01
-2.254192574444843000e+00
-2.315880498171497770e+00
-7.702751021383038577e-01
-3.762960916465064587e-01
-1.089955067264142707e+00
1.970174104686004624e+00
2.406485960346053776e+00
1.408071115101929616e+00
1.395854917889153501e+00
-1.761995426348799687e-01
-1.937479441236082955e+00
3.318488893050846045e-01
-4.617293342511658016e-01
-1.308897031352696860e+00
-1.796142679188800884e+00
1.588622028858766022e-01
8.525699436026331623e-01
8.043045337688130569e-01
-6.622392381689680141e-01
1.692632377112471609e+00
3.712422724553647857e-01
-4.561120558665876512e-01
4.388769724687874296e-01
2.016266587476449601e+00
3.425569304406522742e-01
1.768023125833205977e+00
2.154048026863546461e-01
1.667049449956664597e-02
7.482649746431219162e-01
-1.568104240872092436e-02
6.941228315792999926e-01
-6.438286495346536020e-02
8.431579630267248548e-01
-3.743990148996096390e-01
8.296420258245953416e-01
-8.187213416427225887e-01
-2.782394017463258429e+00
1.354081015990066916e+00
1.853728719912597911e-01
1.330408314335467690e+00
1.238597597232857339e+00
1.537154813570551282e+00
9.771989494813050348e-01
-9.223909031724986107e-03
2.557183191988027238e-02
-2.973701933273026898e-01
9.310866810151670059e-01
-2.921395203587136891e+00
-5.095992783925666902e-01
-2.318143949530487635e+00
-7.831488315598520433e-01
-1.309801453646407765e+00
4.198414802317933514e-01
9.107421087773061030e-01
2.371871568984641243e+00
1.821274464820416439e+00
1.526050173900915574e+00
-9.385714900269981342e-02
-3.460765646319191591e-02
5.821379598680848089e-02
-6.874692065111991379e-01
-2.593560331607544178e+00
-1.562405310884925180e+00
-1.563282449240432914e+00
-5.957487498760130062e-01
-1.058735326773678320e+00
4.473198853209623405e-01
2.453780307998919552e-01
9.787214467395151107e-01
3.359662271524116228e+00
2.094159395915399013e+00
2.053931198264121072e+00
6.348561191822944816e-02
-2.660641340675254263e+00
-4.972404065912574556e-01
-1.505524755659363167e-01
-9.438035304442609075e-01
1.819289311933628972e-01
1.072393852077477283e-01
7.986550290146886277e-02
4.269704800790514176e-01
-5.803814204600725724e-01
7.286296459478390775e-01
2.706688467675175125e-01
-2.707230157004587578e-01
7.740894083224303390e-01
-7.084687131195984700e-01
1.359335138644423235e+00
7.726181644454043207e-01
2.680987262609457744e+00
2.330214863088007959e+00
4.673110201216362225e-01
1.074499921827865023e-01
6.074781618966076380e-01
-1.115192093799955542e+00
-1.410902753052166947e+00
-1.404820790403073616e+00
8.125543403146753274e-01
-2.936449688619116483e+00
6.813128222025677250e-02
-4.556672976951859910e-01
9.448355414977168687e-01
1.425040907222430597e+00
7.939988040799299540e-01
1.351082449691631382e+00
1.446904731285361123e+00
8.607693813538894734e-01
7.558790874179017738e-01
-7.825790595313714126e-01
-1.697418907911175223e+00
3.122744886832506950e-01
-5.599537091183628412e-01
-3.194669735926508825e+00
-1.006846547241499135e+00
2.468351800879413083e-01
2.291326855510564364e+00
1.957856171999449391e+00
2.437291308273155543e+00
9.678184537942822185e-01
5.953673163364325838e-01
5.296005336023854593e-01
-3.038350777227656341e+00
-1.850727791402952960e+00
-5.417856087453192249e-01
-1.463266739360347346e+00
-2.845038001283618279e+00
-2.347256061468159238e+00
-4.686169921821685125e-01
9.980387246530282308e-01
2.654824260305190808e-01
-5.291434943494779386e-01
-2.322127675600561547e-01
9.500736209068971760e-01
-3.839373528853012307e-01
-2.137368908315810945e-01
-8.518231249619933054e-01
6.052718927532291238e-01
-1.188926066806395232e+00
9.562916910572235585e-01
9.737019954428581814e-01
7.918201028919708007e-02
2.005372893918425437e+00
-6.493907289707760988e-01
-1.431648905672926020e+00
5.013974730836439075e-01
1.070757803827288468e+00
-7.398428941409440629e-01
3.742374047338453691e-01
2.371409782232827279e-01
2.099842262761540290e+00
-1.215659049925577051e-02
3.233269691169557980e-01
1.164841299754528769e+00
6.887406543548814097e-01
1.666202647493381761e+00
6.511002319542328332e-01
3.430744507151131661e-01
1.013548121562883875e-01
-1.951845635223810493e+00
-1.501019424038833261e+00
-2.013129161679910517e+00
-1.576465755707170180e+00
-7.273576502030024704e-01
-3.809922399043854657e-01
2.030372763683513604e+00
1.597852159609079559e+00
2.554166316861798514e+00
7.987586892025944074e-01
6.641244516985728152e-01
8.742693448151802604e-01
-4.080433815622507288e-01
-1.761739220411960183e+00
-1.567447683919408918e+00
-5.122974122812478104e-01
-6.763671001890902978e-02
1.118979197251193103e-01
-2.636555744285434599e+00
-1.910238573415925067e+00
3.060893082080742289e+00
2.725194178124534794e-01
2.175880943843089277e-01
2.053545254719768121e+00
1.411524194911156993e+00
-5.991082293057400365e-01
1.901205371701119251e+00
-1.189386007146888136e-01
-6.554610778941322158e-01
-5.629319786638709022e-01
-3.229492161109859261e-01
9.748864971804257484e-01
1.586225345827120936e+00
7.533429473319958047e-02
1.091062003148705273e+00
-4.279467733072541691e-01
1.483470589002679585e+00
-4.791879426548523169e-01
1.525595488867377725e+00
-2.669226583800040076e-01
1.219250555364399080e+00
2.417615036709546583e+00
-1.656013408450909274e-01
1.604524656553321105e+00
4.510899778827253126e-01
7.585476235638417553e-01
9.625359918848828134e-01
3.461894234872255893e-01
5.307163477878997782e-01
-1.341449207700076141e-01
-2.659353634536218980e+00
-1.533623952737218188e+00
-9.981375190165215905e-01
-1.038574827313298865e+00
-5.780334732641714268e-01
4.121635762729609631e-01
2.191868705045930454e+00
5.049090293158686737e-01
1.567029652316089816e+00
2.277348903070986808e+00
-2.235842177563089894e-01
-6.119676424037500118e-01
-1.221706871391647908e+00
-5.857946381194967245e-02
-3.250214885353635008e+00
-1.246207031416150635e+00
-8.625688799884615454e-01
-8.509897069603155062e-01
-1.462914280658397459e+00
1.154923229712207844e+00
3.208293417299232342e+00
2.614616350776364673e+00
2.344784549112180372e+00
2.636573505696369946e+00
-7.681697065088769483e-01
-2.285281074124842216e-01
-9.468925436516260064e-01
-1.342081354680957572e+00
-1.247883300411646301e+00
-1.528088034949668605e+00
-4.093290982937253020e+00
5.396199204436563646e-01
6.679213223699448365e-01
2.547464734488630533e+00
8.209962642896476703e-01
9.564254591100092018e-01
2.190352011968509371e-01
2.751775662852618876e+00
4.003169030973164899e-01
-1.536284533157833865e+00
-6.078100284190918190e-01
1.578986004088139161e+00
2.684398756378572060e-01
-9.432417721733397098e-01
5.637180924948925753e-02
-5.725176158936392534e-01
-7.618925117073609421e-01
-1.663853754495085324e+00
-1.574198099800991679e+00
-1.288730395743691748e+00
-1.189443842906035886e+00
-4.640973864907038671e-01
-5.572450168409348592e-01
5.026067831870121294e-01
7.910806874662238419e-01
7.723937524306430102e-01
1.298666671976141496e+00
5.518794871094703236e-01
9.894212754393404419e-01
9.262858002760977483e-01
-3.273619348235709547e-02
-1.498633422227316547e+00
-1.639716979154042686e+00
-1.333270014771645862e+00
-3.740269699791272107e-01
-1.482698792620055217e+00
3.618338501984255107e-01
-4.535252928947144935e-02
2.551394822696240627e+00
2.583503223456928399e+00
1.525052087900834019e+00
3.409900146124049236e+00
-3.581743720653660090e-02
-1.459006628695253341e-02
-5.495557688326068169e-01
-3.713294816353325256e-01
2.746515344855550711e-01
1.974048388493971073e-01
1.093607529373330223e-01
-1.378109533437319456e-01
-2.045680053635189566e+00
-4.745019885435797224e-01
3.989115887957180862e-01
1.058118284566643696e+00
-6.375943874291279956e-01
-1.507504698156320266e+00
1.646738932753953444e+00
-1.366136905511305122e-01
-1.825500467183612141e+00
-2.260660229971494517e-01
8.397367528502365230e-01
-1.202962920459458518e+00
2.969338817373314288e-01
-1.461584933690342147e+00
7.371446614840080347e-01
7.194685986408707601e-01
-6.306849190413984507e-01
3.239212173731860767e-01
-1.833543218661345953e-01
-1.387796326995022866e+00
-1.562693550265918940e+00
1.041103932563108569e-01
-1.082026674445225822e+00
-7.688166522846547890e-01
-4.054392421230193500e-01
1.473408168195858847e+00
3.739063979957749084e-01
5.464298296774796615e-01
3.121384509893971870e-01
-5.630059505673870035e-01
-6.988179223326079770e-01
3.641809052300180594e-01
-7.684973267418451770e-02
-3.969334163014677785e-01
2.096318285445089913e+00
7.449532995662339063e-02
-3.379296836146188695e-03
-5.502431820665572015e-01
-3.447847357295796278e-01
-2.335081789267730912e+00
1.352639055749669028e+00
4.599560648110749828e-01
-3.588775609731065762e-03
4.316898470598080628e-01
3.700654430226565372e-01
-5.616282717735778807e-01
-1.882850379452057354e-01
2.053849956663000020e-01
4.851993451465957952e-01
6.172171779270795300e-01
-2.098725936157587180e-01
-9.620505517570269172e-01
-3.634032275567637971e-01
-5.833401763687938724e-01
-1.482488393626616441e+00
2.233000838853178294e-01
2.584230142733619923e-02
6.531286161173668336e-01
4.930666218794604316e-01
2.648100053428640965e+00
1.742154018744216104e-01
-1.004004266235951404e+00
-1.558657212681001658e+00
2.562953449465377176e-01
-3.285460672853496855e-01
-1.370363892655115823e+00
-8.400201587915807622e-01
2.546770491988795126e-01
8.803979682881775126e-01
5.934307108101383177e-01
1.353200966559164331e-01
-1.244620010072934546e+00
-1.351773927974572187e+00
-8.129200742709499772e-02
-4.832350689701966212e-02
-1.490228067952412250e+00
4.609688550140917523e-02
4.315107165139698275e-01
-1.085530878115002373e+00
-4.127407692117476823e-02
5.286119409474387271e-02
-1.763319341785205274e-01
1.071349079953259009e+00
-3.436331849764792112e-01
-7.122559437162191420e-01
-1.505764475682335179e+00
-1.249693971115065860e+00
1.322081980431191850e+00
4.393992509423857440e-01
-2.744489234378826303e-01
-8.060017669619942704e-02
-1.201049570121780707e+00
-6.015506524071453920e-02
-8.719752101827638047e-01
2.355179206050897756e-01
-4.586375000534262947e-01
-1.054887179460301416e+00
-1.260442554445843744e+00
9.300678542787186309e-01
-2.130729955880795501e+00
5.788472562016722112e-01
-8.241190810594056781e-01
-1.217932569585618435e-01
7.327987426487242439e-01
-1.091120430462959812e+00
-2.221269832402579247e+00
1.638055831443532562e-01
-1.456812774296774027e+00
-9.061787660908876552e-01
-1.025360181503945922e+00
7.635790002168013624e-01
1.171539806418567364e+00
2.084964824704184094e-01
1.912895058514557212e+00
1.461972587592080597e+00
1.458901660578491688e+00
1.525263979939833536e+00
-4.023008388419826303e-02
7.725845544112907026e-01
-8.732987755214819403e-01
-2.069651333649555613e-01
4.076078695038727884e-01
2.079244076746460390e+00
4.634735823400068511e-01
2.741879046995188488e-02
5.583186672544468987e-01
-1.251617718544572710e+00
4.823632400749501836e-01
1.276597944545976748e+00
9.571657370777584273e-01
2.379148436580656778e+00
-2.634741532051369517e-01
4.898330869606523641e-01
-1.765159022861738425e+00
-5.199452905397029534e-01
-7.956384922776611468e-01
-2.987618454295918324e-01
-5.142150654137983556e-01
-2.679346906559013086e-01
-3.927445652636026852e-01
-2.771255184429613383e+00
-1.241416124654513009e+00
-1.258343193089594525e+00
-3.981751840982318269e-01
5.167219708714940879e-02
5.679799190009187093e-01
5.586009047860992505e-01
5.137216779189156535e-01
1.586381681591758630e+00
2.771898437108390872e-02
-9.450733436426016487e-01
-1.045963157901821594e+00
-8.343237267982325234e-01
1.568317497403739713e+00
5.631779655760037473e-01
-1.101863703099934977e+00
1.811406752520146324e-01
1.204015976278327571e+00
-1.290857092659478900e+00
1.353028849634987929e-01
-1.733375483576679699e+00
-1.473392036769127778e+00
-4.127996228468240325e-01
-2.411886417166708707e-01
1.214528406357649359e+00
-3.756209766353942880e-01
1.917865156480842159e-01
-6.726143703414458885e-01
-2.032210598869445661e+00
-1.296449317847389315e-01
-1.293831399540379179e+00
3.887705771828123269e-01
-2.126387652477732260e-01
-6.593697767205644045e-01
7.760452293075024155e-01
-1.079163750935935973e+00
1.244801263605585184e+00
-1.105373788566324178e+00
-2.439219195441866272e-01
1.088619829539094613e-01
6.278320020430697701e-01
1.267636079390294546e+00
4.877265349855119392e-01
-1.256407188402935450e-02
-2.430872270530505877e-02
1.834802105468889000e+00
-3.674598008950348826e-01
2.025345193146662837e+00
5.840856713724121851e-01
-6.333672186404114557e-01
-1.390750480543490708e+00
-5.946429604583912676e-01
-5.721342420519127669e-01
-5.657812088425906438e-02
1.370461310824575007e-01
1.510404434031900278e+00
-3.062337556830853000e-02
1.480292156973205264e-01
-7.147233134430228674e-01
1.239514089553465093e+00
1.368455542311930673e+00
-2.402438303062834901e-01
-7.843303326221479077e-01
-8.904477063529806502e-01
-9.263276436804058767e-01
1.522134575956557434e+00
1.207360836483769351e+00
-2.966935123310665556e-01
1.938555267556639761e+00
-9.365469462902398234e-01
6.089453308755775618e-01
-1.619869660885262741e+00
4.684482775706809154e-01
-3.920460935929524493e-01
6.249127104483718220e-01
1.097820644611963159e+00
2.523749265902128780e-01
4.055839241063513012e-01
-9.472258420810383273e-01
3.282501245345402774e-01
3.339674558167984864e-02
6.535190501712456745e-01
-2.007478150189425214e+00
-5.835027724757368972e-01
-1.382805745062493097e+00
-6.615876830720571755e-01
-4.103705290965166674e-01
8.603423684230294688e-01
-7.745020513751547098e-01
-5.556455773075237303e-01
-7.654347220598777257e-01
9.875929913416429118e-01
-1.155998301948619328e-01
2.683581332210094317e-01
3.455581802260138669e-01
8.242786888345979834e-01
-7.445417402087340930e-01
-1.526674798774861064e-01
-3.960432863538697612e-01
1.290662716906719520e+00
-1.391357860516148071e+00
8.972594829382645187e-01
1.150077308258020015e+00
-1.145985887494183508e+00
-1.042381358703243333e+00
1.229242599072779329e+00
8.022206133004420314e-01
-7.482344719374417474e-01
2.187182807818178087e+00
-1.647221924974819895e-01
-1.415161201914063860e-01
-9.063034473324328433e-01
4.159048680786983088e-01
2.418885315459895491e+00
1.056475750798418350e-01
-8.315496066463552438e-01
-8.225445779620789155e-01
3.833243429320053464e-01
1.310160595498970348e-01
2.110839637700514526e+00
1.533158730737951059e+00
-1.877955614034557963e-01
-1.196437272470068786e-01
-6.763322938861805467e-01
1.607458576286728169e+00
4.529007330610059778e-01
4.468087424273348707e-01
-5.752663898418698407e-01
-1.484430771900199231e-01
-8.677591829271461554e-01
-2.249706605321853958e-01
1.195661171259238875e+00
-2.173275751458708660e-01
1.218350059940299435e+00
4.724194206131707846e-02
1.414817015693491831e+00
-1.526744972299334036e+00
8.879631112955821415e-01
-9.216490969910444697e-01
-8.908023817310707637e-02
1.560085926616999463e-01
7.259448413657123567e-01
5.598083274017540134e-01
4.123711661726142674e-01
-9.628586580883486956e-01
-4.551054426050040735e-01
-1.008056919004496566e+00
3.829646615877556615e-01
6.080702172296642560e-01
-1.531038941017903054e+00
-2.992961264239007990e-01
5.643933786930699359e-01
1.023981472029274337e-01
1.865609163951841287e-01
1.133489199586874996e+00
1.664257754269614198e+00
-1.954440758278224832e+00
7.402917133715016806e-01
1.507004914447404254e+00
-3.782126318297411305e-01
1.344867488595275773e-01
1.513041306420020993e+00
1.126288992249146803e+00
1.222517975542493529e+00
1.210875595910568592e+00
1.179331871129872811e+00
-1.496666574867232091e+00
-2.269086972183740891e-01
-6.349478473799531619e-02
-2.539168010660136088e-01
-3.629076051086747023e-01
7.989414066073364795e-01
1.701911159822402098e-01
7.436694899858287133e-02
2.995913512945636903e+00
-1.240947698132428112e+00
2.689199956556903581e-01
-1.597580967401138086e+00
-1.018143551839123306e+00
-9.662601845515761401e-01
1.602947010424807361e+00
7.938819720495743359e-01
-8.261370109698259467e-01
-2.198707678474105462e-02
-8.631605508728599219e-01
-1.935991803320120885e+00
8.252833107689577785e-01
-1.763210671870235835e+00
-1.484672301881551748e+00
6.259694323112684200e-02
1.451041223082170373e-01
-6.325370469423959863e-01
-1.615078250058868070e+00
1.955900224840225743e-01
8.037437551767991906e-01
9.906599360904143337e-02
-1.182469910870007412e+00
2.340128802079195491e-01
7.661715379966995698e-01
2.981745370215593133e-02
1.069198038183457378e+00
-3.245459632910709935e-01
9.702756769324909492e-01
3.242164712937014026e-01
-5.714477868914665665e-02
8.744840618331520821e-01
1.106577685058921234e-01
2.187623030907045241e+00
-1.399814476397704954e+00
1.161752599116326001e+00
-2.192389369195555660e-01
-1.242795844906406044e+00
-7.580463456864737770e-01
-1.635575574884312600e+00
2.953649991545795328e-01
1.100707120411904133e-01
-4.297643981131520352e-01
3.365520495809285473e-01
-1.339808439644064597e+00
-1.669537052781018271e-01
2.805029879983261809e-01
9.688928517119423933e-01
-1.280488935941342055e+00
1.205710280862482442e+00
1.056066463676068379e+00
-1.850235666792461875e-01
-1.040750499008462393e+00
-5.887891374507536746e-01
8.674371134624857260e-02
1.466556206496577142e+00
7.920359891778397943e-01
1.995770498966108475e-01
1.314995196906753261e+00
-6.405164554015178036e-01
-4.786506876329853916e-02
-1.167473566043794486e+00
-8.074041333144678090e-01
1.532678803529430034e-01
-1.680666631310948844e+00
8.912599565740318974e-01
4.700519875431332650e-01
-1.250461868276091515e+00
-8.868166942539587039e-01
-1.896957086415100857e+00
2.221883237307735737e+00
-5.596041009605106087e-01
7.857201055804406975e-01
-7.662495480296692696e-01
-4.712982597767489401e-01
2.034981434975181802e+00
-9.733927102032086109e-01
-6.722026353576460167e-01
1.036179777403236857e+00
6.778645347062191018e-01
-1.338464653007755967e+00
-1.676554968532973366e-01
1.150060861457218087e+00
-1.039643726610255170e+00
-5.749640304196069751e-01
5.665669679882672227e-01
-9.120026151039964946e-01
-8.494124509937872602e-01
-5.765264983731408499e-01
6.547556147199727894e-01
1.037102531004749473e+00
-9.190614966973218447e-01
5.264730597541439350e-01
-5.475332909515460145e-01
-9.406349473162562980e-01
-2.516876444948201730e+00
-5.545611026545683997e-02
-9.420673713702222285e-01
7.542485989795062462e-01
-5.593855986983655715e-01
3.846569539820308137e-01
1.265821580981954853e+00
-1.031854399323391680e-01
-7.519276673223898033e-01
-8.728896751455189618e-01
9.160014492069460390e-01
1.002901820533947802e-01
3.670621891665269976e-01
1.230682588176357228e+00
3.852118333002729211e-01
8.793574725963618777e-01
-9.532291994183109685e-01
1.572234226635497389e+00
-7.706161712359717031e-01
-1.157905101969099793e+00
-9.059622211577177398e-01
2.936504597184896315e-01
-5.916556241595746224e-01
4.415155873232478115e-03
-4.360757329604707522e-01
-3.804294252295662426e-01
-1.042791632846821415e+00
1.773659574509839798e+00
-2.189470036709479928e-01
-6.804580849482962934e-01
1.342443927346829990e-01
-6.935588614870290547e-01
1.541912837970195849e+00
-5.247441968288661940e-01
-1.335782031172259687e+00
-1.282846969198066178e+00
-1.325763979049921160e+00
7.440762463556266360e-01
1.415956849793750805e-01
1.068507072607742137e+00
-9.846919395756558169e-01
-1.934735179020295459e-01
-9.782913751076263709e-02
-7.004563783393061849e-01
-8.310983291679441276e-01
1.570045078993414389e+00
-1.635729398669500512e+00
-1.884175418572900496e+00
4.920989719891430414e-01
7.443975269578464449e-01
-1.009851895523464771e+00
8.593412410745171481e-01
1.357136557429692525e+00
4.704912315154277103e-01
1.140557648956298076e+00
8.349856506457692396e-01
5.991684957655141197e-01
-3.164502122426362973e+00
9.946117843238758138e-02
1.610732776004189404e+00
3.243293568303154406e-01
-7.327162092111810798e-01
-9.701925382759274408e-01
-3.590333540944754681e-02
1.105795890126371583e+00
-6.727736074422503432e-01
-1.762871499520506369e+00
2.034594994955626124e+00
-2.230049950548358861e+00
-1.310101982255737596e+00
1.473183678715749734e+00
1.052348270912028400e-01
8.781207458755989625e-01
-7.158104229726373058e-01
-3.476260728017602220e-01
-8.284572387122064452e-01
-1.930602701113517256e-02
1.529593518120258011e-01
-5.888241015848860727e-01
2.146418484233255652e-01
-1.808782465126442252e-01
-2.288418814918893041e-01
6.345696640630769103e-01
2.608596315195964577e-01
1.951237643483715381e-02
-1.543021231167103657e+00
-6.407513986311792475e-01
3.369417872361639144e-01
1.105025954453064729e+00
-1.588581479370480443e+00
-9.100209789606940047e-01
8.400827411130027400e-01
2.969574065359430914e+00
1.388382114734488582e+00
-1.425966516661702821e+00
-1.181316464409424505e+00
4.063702770695801214e-01
1.013999731808007176e+00
6.027037948898179842e-02
-1.641694966697913483e+00
4.327522559334853747e-01
9.354945158591279064e-01
-2.458123781881083492e+00
-1.861489026806947555e-01
-2.595543581318137116e-01
-9.812966353212736470e-01
-5.101726886934446759e-01
-7.956672578594473633e-01
2.061653753545489298e-01
-1.948985049177706097e-01
4.513747784751456216e-01
9.331108929417729625e-01
-4.729798563495343222e-01
6.224814049373500469e-01
1.554831888240177928e+00
2.444743935805218094e-01
6.347747207926147939e-02
-3.822354343120404896e-01
-1.781958027366788544e+00
-1.186021349608763265e+00
-3.132585561009341713e-01
-2.102483595457769638e+00
-4.284865188625048421e-02
2.088235002635366211e+00
1.367622938388318998e-01
6.147707114323743838e-01
-5.313144149748765255e-01
-6.142823563177256252e-02
9.730781547588390756e-01
-6.716060950442674926e-01
-2.738395227416968059e+00
1.078675885929473832e+00
-2.223422987842870180e-01
-2.481569848207214046e-01
-7.370966882092535588e-01
-1.815371249256704456e+00
-8.463563964502363035e-02
-7.063157288150336832e-01
2.140317388879564131e+00
2.884128651101028673e+00
-4.770439186170511436e-01
4.818889842968730741e-02
2.510837254300762655e+00
-1.539232386765291949e+00
-6.494378884978326827e-01
2.885499564152405605e-01
1.317289350155737671e+00
5.457386397093997310e-01
1.268209267928551709e+00
-1.441227539833042970e+00
2.554959492282034006e-01
7.967303327021225678e-01
-1.218391407422401596e+00
-1.084565726977720246e+00
8.090285250565384390e-01
3.080728814913634706e-01
-5.301789006768542478e-01
7.185046746488710223e-01
9.774262858212291460e-01
2.737967414084438555e+00
2.460486881223390709e-01
-9.138886410562183649e-01
3.911821036093948711e-01
-8.639983301224005707e-01
2.089340297394284285e+00
-3.418016695329978427e-01
6.979677484985634672e-01
7.317883075459321596e-01
-5.917836267986631427e-01
5.702652739647918745e-01
6.089453857099637046e-01
6.071595802054096103e-01
1.065578351855013262e+00
5.375215206198848961e-01
-6.687459232837045242e-01
-5.090259026958174893e-01
1.364724163665130829e+00
-1.019373670989011327e+00
-2.024426078463182677e+00
1.151888658862816744e-01
-9.904701428291393106e-02
-9.810799723286808272e-01
9.132479141467335637e-01
4.950938616914996038e-01
1.831103358227161859e-01
3.669205051779734994e+00
1.456838162683643967e+00
1.792313178196752954e+00
2.908722688451386595e+00
8.795609094435130615e-01
7.250215865106794666e-02
-1.573585179683661961e-01
-9.635571668433382531e-01
-3.369662814024071640e+00
-1.768214893392387799e+00
-2.640363368124464039e+00
-2.819756696835679088e-01
-1.752809737756378716e+00
-3.127784465095151401e-02
5.262196270336952919e-01
2.050722194093456796e+00
2.011216945720443183e-01
1.305790431683750974e-02
-5.188578413611327766e-01
-1.898711471731991396e-01
1.699499168474113198e+00
-6.492612026284537707e-01
-6.862011959998403077e-01
9.831063798871396697e-01
2.242247189114988104e-01
-2.714753710073012360e-01
2.047086165751695219e+00
-1.184383358792316709e+00
1.455477327812102484e-01
-1.616342549356183100e-01
2.191264917132299539e-01
-6.814688378811539771e-01
-2.409627856297520132e-01
-6.088031258531140244e-01
-1.694087048593420075e-01
9.581944672084820036e-01
1.015829926166333941e-01
5.988929545874221994e-01
2.865600362523189393e+00
-1.833314205645230288e+00
-3.801861228384700864e-01
-8.565206784135755980e-01
-7.767834144215594039e-01
-1.750096188138927644e+00
-2.399425511911969622e+00
-9.203602509669690512e-01
7.752916875754476411e-01
-1.020831713611897396e+00
-2.170108794130520824e-01
1.018949189419838364e+00
2.608763777595910049e+00
7.495539447370649366e-01
7.598536569046593359e-01
-1.323386974755395240e+00
1.095249408964515725e+00
-2.323459310246216880e+00
-3.005138349795257291e+00
-2.418111406186536527e+00
-1.803589046044641320e+00
-1.846145279336713685e+00
-2.285582519560266923e-01
1.300774972540138741e+00
2.184357341291063292e-01
1.457916154011842380e-01
5.337021150480543152e-01
7.371309138819738260e-01
-5.043008734326561715e-01
-5.016796261213422037e-01
-8.922565870092578066e-01
-1.752243684691949799e+00
-2.774696704487585874e-01
-1.454092175780774987e+00
-1.826658315578725933e+00
-1.074567757423540382e+00
-1.314284240743816667e+00
1.394335181352953423e+00
5.579707933167868950e-01
1.472215288808334521e-01
-1.249758414066820089e+00
7.543793058612578983e-01
6.585795799874101519e-02
-9.489696182060145535e-01
-3.749128968069004864e-01
1.538790655553551323e+00
1.233953477706895452e+00
5.388290586875184029e-01
-1.423244306426756922e-01
3.112667539591768007e-02
4.981336235753744957e-01
1.386338530601095353e+00
-1.589683536769185945e+00
-2.314548468815281090e+00
9.249906216678018822e-01
-1.839810124148769876e+00
-2.935127715459358022e-01
-5.723148188445676965e-01
-1.218605138278738398e+00
-6.842280301728582703e-01
-5.585759359366981869e-02
-4.162775450164648561e-01
2.365682958537854486e+00
6.055419094547125347e-01
1.231845516112262562e+00
-1.242731111911294040e+00
-2.989471760943634981e-01
-2.352168880390390182e+00
-2.498943269097766873e+00
-1.527254403251911086e+00
-2.125447769974752710e+00
-3.591660663883097793e-01
1.265318728882726784e+00
1.153750985578620547e+00
1.895914654244688080e-01
1.182303176201088935e+00
2.979582406341291900e+00
3.067641254666108264e+00
-6.271355207934825593e-02
3.251923087979702309e-01
-1.797997270974009965e+00
-3.532014959676255117e-02
-2.641543514824710837e+00
-2.643810672277449925e+00
8.870543207862424673e-02
4.122151152660985529e-01
-9.324031822392037094e-01
1.709784135785771042e+00
5.033053917185446036e-01
1.576837859079778914e+00
2.686547000193953982e-01
-1.634877501834037794e+00
1.489312520341040003e+00
-1.393926791456848502e+00
5.257948308620051803e-01
1.697441346977150989e-01
-9.581833485205750733e-01
4.962258748577760281e-01
5.898824012084862289e-01
2.095724053485633065e-01
-3.840631138543108558e-01
1.302000150148566460e-01
1.466850316764875650e+00
5.934437962248085840e-01
-1.854890417753949583e+00
-2.871228250895323519e-01
-4.431329992035187848e-01
3.207605478449866432e-01
-2.367412279401150510e+00
2.209472925355493444e+00
-1.975964527396500969e-01
1.508656862070560045e+00
3.677262064585479218e-01
-1.994814384525303907e+00
8.398128333983082561e-01
-1.266738596936078931e+00
-1.833797055957208988e+00
-1.899156065833483842e+00
-1.629764267604817407e+00
-8.312692519307067762e-01
3.819656503998039021e-01
1.941564410250580908e+00
5.103714355027100247e-02
2.553797664449112936e+00
1.036974894283926307e+00
2.900435477317906408e-01
1.642149183705799764e+00
8.306351028080776189e-01
-2.841366075719766737e-01
-1.780755342521475715e+00
-1.136440587572237426e+00
-2.157006984363329938e+00
-2.048212942509908707e+00
-2.312683965999852376e+00
-1.998177287464060203e+00
-1.976047605317576839e-01
1.849428526951872431e+00
8.210748535160099504e-01
1.152672692955881484e+00
9.628485955620353920e-01
6.849418288135795674e-01
5.904214684877064911e-01
3.114199540939198707e-01
2.322286140281826228e-01
-1.600308368825406724e+00
-2.529275069022950184e+00
-1.217545726783042070e+00
1.903205941020436054e-01
-7.535014550150455070e-01
9.033028258866082627e-01
1.441627244759574156e+00
2.222580198345145419e-01
2.007302085960565918e+00
-5.567457076721249454e-02
-5.515746510710114459e-01
8.229864674533102775e-01
4.654691183970885437e-01
-1.509122557225239247e-01
9.421855491907282776e-02
-3.466257914930270800e-05
2.428480619384207340e-01
2.360260721662908345e+00
3.554896573356532141e-02
1.705399158298201989e+00
-1.787013100810861843e+00
-3.514786364419090203e-01
-1.482885310576843363e+00
-7.624895314712539784e-01
-1.131382768497495306e+00
6.157372256746457273e-02
1.821664525739621787e+00
1.078873787919936822e+00
1.005315836698913445e+00
7.275932353992319301e-01
1.057246143440305541e+00
1.406539016507789563e+00
1.761325896962965487e+00
-7.403634597773488535e-01
-1.660815169405612801e+00
-1.891649043504231464e+00
-3.346168939599027947e+00
-2.526193569702030128e+00
7.039845634062524837e-02
-1.437661637984894547e+00
1.164913400529667964e+00
9.727524560040989865e-01
4.234586519046159125e+00
1.782068605219409019e+00
-6.517532227771938302e-01
1.094634858673813715e+00
-1.431289386146938902e-02
-1.662050350166472068e+00
-1.445396539989245888e+00
-1.404304541796335570e+00
-1.161326571863058099e+00
-2.194652704896724149e+00
-1.619290744788324909e+00
4.547682460212038036e-01
1.746548344410035591e+00
7.523715070670411453e-02
2.132034713549968874e+00
2.148416785596497736e+00
1.413686900861382600e+00
1.334021305583693584e-01
3.943695678323103637e-01
-3.107845200714787759e-01
1.512497151779838012e-01
-1.315561189545679355e+00
-1.041968479475048115e+00
3.284443782929775679e-01
-1.365119426546238079e+00
-8.171507162331792529e-01
-1.244130852343436455e+00
-6.094601995712845000e-01
6.753925607380698581e-01
1.098449457002998120e+00
-2.062753183643176058e+00
-5.726037098964242844e-03
-6.423312578538283857e-01
1.474863733487370210e+00
7.713978037411211020e-01
1.215622516169786449e-01
1.737920270439439863e+00
2.691525993478850465e-01
8.013706146459813606e-01
-1.240597764497526789e+00
-1.809529633239276514e+00
-1.497004318078272167e+00
-3.886740906934054163e-01
-2.329776047822337048e+00
-3.185991818860018476e+00
-9.634845736148911488e-02
-6.439119687713413809e-01
6.609391080004742847e-01
2.360193807456968607e+00
1.552801145485845247e+00
3.474959861737110689e+00
6.543321650049783722e-01
9.786642352780482446e-01
1.680115004822812175e+00
-1.590885536119556853e+00
-9.590555848280589712e-01
-1.531845215737535959e+00
-1.696903606679989629e+00
-3.049058596216897676e+00
-1.192449124447502173e+00
-1.730233711660832618e+00
1.381901030409325992e+00
1.456849349863746701e+00
1.989769556074040047e+00
1.990108102527443634e-01
3.331028493662188117e-01
5.710290972343783356e-01
7.882695695060176755e-01
-1.907360890110180174e+00
-2.466025278802615350e+00
-1.603578217087485491e+00
-1.001166189447603605e+00
7.512938441150374125e-01
-4.862280727961171278e-01
-5.430944511806924391e-01
7.227694445943537715e-01
-8.683361389394657071e-01
1.642704903293119023e-01
8.745744190017474828e-01
-1.019397589027405182e+00
1.907334296486853820e+00
2.618534029099850891e+00
1.441318705850782866e-01
7.425828740699684793e-01
1.085423692819027064e+00
1.506234663605393820e+00
5.670751315847705198e-02
-1.980594584873634822e+00
-5.167458581954609276e-02
-4.124557487207358708e-02
-8.586187238322401383e-01
-1.072377007464418552e+00
-5.765292035255888958e-01
-1.097683234605696612e+00
-1.867150851497830111e+00
-1.265323338180800450e+00
1.035882341948816787e+00
1.873914748098414407e+00
-7.792026166219763184e-01
2.405913656288699354e+00
2.072330376676096542e+00
4.308755179378215838e-01
2.706022859897823096e-01
-1.223113249324148111e-02
-9.374195186148539527e-01
-2.864833204250268217e+00
-3.715792566162012811e-02
-4.175950081517905588e+00
-2.984384018173715236e-01
2.549418696780001437e-01
1.159153863058545619e+00
1.941872395180427979e+00
3.744180795784561866e-01
3.169704250112482580e+00
1.593883750615240125e+00
-8.977261229552857547e-01
1.331828693874886338e-01
-7.478363034961553746e-01
-2.177217045701119957e+00
-5.527465188446507582e-01
-4.599864052562852024e-02
-1.413821559978106990e+00
-1.099169129427734370e+00
4.249032356328245608e-01
-7.061415487000730629e-01
4.468765290070181306e-01
4.468981259534898776e-01
2.372704470568462121e+00
-1.104518114844637466e+00
1.015067082032914403e+00
-1.592674759215930713e-01
5.189188846108057085e-01
-3.558228922817632256e-01
-2.779645876552865880e-01
-1.073558870888861261e+00
-6.349848130251671829e-01
-1.554689374309458305e+00
-3.771012928363395300e-01
1.343667543418007870e-01
-4.337586182075215402e-01
-1.592896024956617917e-01
7.779944245011405357e-01
-1.566617398217838630e+00
-5.014182834440621406e-01
-9.259705284756117871e-01
-4.824540354724410340e-01
1.031198135180890318e+00
1.313928620335873543e-01
2.713692875771164248e-01
1.583689961875357710e+00
4.996257506090559519e-01
2.862614062068220000e-01
-2.100528766465893149e+00
-1.378050567341466026e+00
-1.813727780726981820e+00
-2.917989171392728842e+00
-9.391620568853602524e-01
-1.098849976228312819e+00
-7.264423530665070627e-01
5.924390797799083952e-02
2.626663259656640825e+00
3.366178127370294426e+00
3.812476495245160635e+00
1.907067545405475073e+00
6.232260730792977821e-01
5.018653830725390286e-01
-2.002639013952919100e+00
-1.736390299178598218e+00
-3.961670292089626955e+00
-1.279944746749930307e+00
-6.321275436115114665e-02
-1.264532494838914167e-01
-5.358005704827294435e-01
1.715342302420390652e+00
3.243290248200704440e+00
2.054592614781191262e+00
4.305598314260419279e-01
1.206926780182837167e+00
5.268338971158987860e-01
2.943544604495642592e-01
-9.254621275972728656e-01
-2.214074804757250270e+00
-3.187760897002164029e+00
-1.473941826722646731e-01
-8.340957608179766503e-01
7.720918459750863994e-02
-1.132426187245556548e+00
2.655286117424271009e+00
6.706787132955784880e-01
1.827691235341164067e+00
1.193288247568261351e+00
-2.024307816694590478e-01
-1.455193946888572176e+00
1.001904469786039087e+00
6.714149268541269588e-01
1.747188693679885274e-01
-4.256165896495250345e-01
8.021817032801270564e-02
1.138621354699658417e+00
-4.537691117788408279e-01
-1.211334456289653305e-03
3.410269233065611472e-01
7.055566215277241371e-01
-4.097242765716313517e-02
-3.343386630396555148e+00
-8.830135281689582838e-01
9.822813356104515004e-02
1.703487739878727147e+00
8.079313481338193936e-01
2.294375053910109763e+00
4.064233236078472977e+00
2.492257866364727459e+00
1.674350267713407669e+00
-1.120008739261340924e+00
-9.451952426521342820e-01
-4.344619388684084482e-01
-2.125094416477528281e+00
-2.138627856828801299e+00
-2.856099928567715551e+00
-1.669644910440986285e+00
3.410323008021235447e-01
-5.074111328564580026e-01
2.118981735749993156e+00
2.249098470200886712e+00
1.960825310350027717e+00
2.318138736694518975e+00
2.540744424866145490e+00
-1.328104655154059288e-01
5.505828020040782755e-01
-1.751647837552200215e+00
-1.730834972594657684e+00
-1.020188969965998727e+00
-6.656958794059435469e-01
-3.103861135645141767e-01
-1.166547308827192264e+00
1.082775387683660773e+00
6.668600272060398737e-01
2.051702566120533699e+00
1.686006849330113244e+00
1.083790291822651186e+00
1.578235179465703020e+00
1.383947918642056463e+00
-1.764420581364356089e+00
-7.089140249697206686e-01
-5.418294620549406471e-01
-4.081360494130052530e+00
-1.291883636781805622e+00
1.382524893818367850e+00
-1.205440973937103921e+00
9.908242536620897045e-01
-4.668996098306336107e-01
1.757700512357185829e+00
9.234012116665961667e-01
-4.632796482991501374e-01
-1.115432539882061258e+00
-8.229629612834685748e-01
-4.994234210165351961e-02
1.914360550776044723e-01
1.513203567362778834e+00
2.735991050326609830e+00
1.180923125410872077e+00
1.698580585122350328e+00
4.243859006922781618e-01
-1.677936749496430124e+00
6.552057173098839726e-01
-1.299129338308396830e+00
-2.627429242442930413e+00
-2.503757362480815818e+00
3.293639990464539702e-01
-1.318614005256888211e+00
8.681102191274960855e-01
1.024254973014358194e+00
2.252146812511524931e+00
1.021551941758140902e-01
2.855463027322985514e+00
1.573029456909725621e+00
-5.942188192770910815e-01
-1.350253119506819033e+00
4.748750283914340287e-01
-1.632370416103517741e+00
-2.176891172493405691e+00
-1.563447968308074421e+00
-7.196800939173948475e-01
7.239438104560327325e-01
-2.404393334128359649e-01
-5.783159185906809885e-01
9.988977067900834950e-01
5.639454288680258998e-01
2.709391157183238974e+00
-1.484954153884588957e-01
-3.299585282714896373e-01
-1.003955240050608433e+00
-9.477780041013453838e-01
-9.461840021080274443e-01
-1.236965992764746947e-01
-1.943048887211780151e+00
-1.982089101317811575e-01
-1.269384907317096189e+00
6.488516871623821736e-01
2.920831563300617661e-01
-2.866084866355326222e-01
-4.295386606428127640e-01
-3.960678649416887187e-01
-1.576722745459288033e-01
-3.102146423987746648e-01
8.825107464818382486e-01
-3.628314604576057811e-01
-2.982801198738928572e-01
-9.251323292412970689e-01
-9.129952907661114114e-01
1.490400817187667482e+00
2.404852062248551192e+00
1.385149241046323976e+00
-2.155320912601013550e+00
-3.666134150885376197e-01
-1.123782027365707537e+00
2.950368652535552139e-01
-1.445482266873963972e+00
-1.766959555561838702e+00
1.697906439202450102e+00
1.760099527453919288e+00
7.725620390675252969e-01
8.659475009992840810e-01
8.474212347877263518e-01
6.141326379596171448e-01
3.230103939462080076e-01
1.542254186235061386e-01
-2.550408080454191762e-01
-1.214755255248329835e+00
-2.401181511947492186e-01
-3.092444246975710520e+00
3.654543839122725846e-01
3.905029219136237906e-01
6.761386944750196193e-01
1.858039605010983308e+00
2.950955707593108990e+00
1.731015421050914105e+00
2.288219885542048804e+00
-1.042508573600575694e-01
-1.053394501554097085e+00
-4.076629628742521883e-01
-3.878408796485037335e+00
-1.724336910568147863e+00
-1.958714478106584611e+00
-2.751196653072433662e+00
-5.931007732551196732e-01
-1.705307903272033077e+00
-1.975459881337102930e+00
1.130002640148712212e+00
1.260822559722790892e+00
1.445311777448250679e+00
7.383597739935547910e-01
1.164449584160634821e+00
-1.580932730389964957e+00
2.883723037757833785e-01
-9.145396370498728444e-01
-1.170184994395712996e+00
-4.736491318864683442e-01
-9.180885853473201852e-01
-1.306236396382174814e+00
-1.562977710287833111e-01
-2.142359948577486073e-01
4.436550464038862551e-01
-1.075675294804934179e+00
-8.355329673850984129e-01
-1.736352663018259967e+00
-1.389433021110721977e+00
5.016942336125452817e-01
9.559678306697422245e-02
2.696188969484736297e-02
6.984120906014217312e-01
2.205876377646507791e+00
-8.495632191584852055e-01
1.719576029408429907e+00
-4.068591191768072268e-01
-8.005046221258129702e-01
-1.573742747388021890e+00
-3.267120260714175828e+00
3.639890582470561853e-02
-1.493388842761085522e+00
1.587534057454965675e-01
-5.521239547073302223e-01
8.360984957504009607e-01
1.614282635414048706e+00
1.456824025579613879e+00
1.433616744811207155e+00
2.193356470419072668e+00
-2.624826363945984564e-01
5.713698891101067767e-01
-2.126194361174465364e+00
-9.919622292755749804e-01
-1.044880525853449038e+00
-1.862466078988499252e+00
-1.952668310331024948e-01
-1.940518883699821062e+00
-1.955766477428811712e+00
3.226134767980101126e-01
3.483815977045858325e+00
4.255763107966348269e-01
1.312928535783255191e+00
1.047197434664428384e+00
1.633155241827010773e+00
1.963643808093655241e-01
-1.786397189382907591e+00
-2.303812170107877755e+00
-8.628742299198792765e-01
-2.959002673774470349e+00
-1.338486343882881568e+00
-6.358833726600285896e-01
1.604127031929147851e-01
3.890099086495032443e-01
-4.919161861379195422e-02
1.231766197179632094e+00
5.828335967967235298e-02
2.030642136075833104e+00
-7.479446023030760227e-01
7.791444812925644170e-01
-8.966901005358408616e-01
-7.139041405288234499e-01
7.791907234823571837e-01
1.388734539904598941e+00
-4.664382044594491683e-01
2.122314690742409526e-01
-3.940203909365037616e-01
-8.959752359677748412e-01
-1.327390964120802597e+00
-1.552479413475393866e-02
2.787195664952260010e-01
-3.962030294277707476e-02
4.825331669988823791e-01
-5.444228106050399973e-03
1.973305526259890863e+00
2.461818158887690622e+00
1.879004193475039219e+00
9.036541528308495996e-01
1.652595654058260921e+00
2.015360428895370259e-01
-3.757500266559139490e-01
-2.568878548737272727e+00
-2.340121490006804805e+00
-1.968519298980271115e+00
-1.619599736105134635e+00
-1.017131453566184396e+00
1.048909968228124434e-01
-1.939322134907781825e+00
1.398887429716396680e-01
3.960860820005595251e+00
1.233317973852355642e+00
1.141991210436946513e+00
4.047596017958785541e-01
3.073404323395581006e-01
9.538180079583549187e-01
-2.423736633267966845e+00
-1.882984518169840762e-02
-1.287926659792383077e+00
9.277180584729842472e-02
5.041972429930438038e-01
1.469330435268784596e+00
2.845408376833455932e-01
8.548245949436289459e-01
2.292741030973390881e-01
-4.560218915844868048e-01
-2.361993443465460363e+00
-3.715940453881239058e-01
-8.260383482128767774e-02
-1.276745773210666179e+00
1.429103465019718300e+00
1.345901556238314756e+00
-4.153766580897091942e-01
-1.673482660700432056e+00
1.734757780153281193e+00
5.102408643283241618e-01
9.320178598856927732e-03
-1.714788627812196431e+00
-7.785817065443291496e-02
5.389655137967552800e-01
3.817743467361449650e-01
-3.752414157112138882e-01
-2.905277956143507145e-01
-1.605045947045260490e+00
1.893030692052644293e+00
4.828825024291207857e-01
-6.554636803860194316e-01
1.694148142358103681e-01
-3.394175360568606470e-01
1.561327934873982803e+00
-1.033712626892793418e+00
9.664097451319989540e-01
7.308732038126730668e-01
-4.463527566045506489e-01
1.457684141811761425e+00
4.086765404463450074e-02
4.734575192500296570e-01
-5.369735003419138231e-01
2.217796812057970079e+00
4.009560947294025374e-02
2.487023502758779758e-02
-3.283336152368127592e-01
1.534121461232804684e+00
1.058782599387489837e-01
-3.285337853335123515e-01
2.026199425571223234e+00
-4.976870427741766911e-02
2.315579654131477150e-01
2.229279844949801359e-01
-6.642354615241703453e-01
-3.951899743750165728e-01
3.447716816249214444e-01
1.023585277234571933e+00
2.362757081720355534e-01
1.641802835645877146e+00
-1.042002642619493713e+00
1.146344741053277216e+00
1.912920260476850709e+00
-3.872204728256276596e-01
-4.136104129783950700e-01
4.073424726138060725e-01
7.709707003568592176e-01
-2.419622852788703427e-01
5.974598799342610844e-01
1.648932396116868482e+00
-2.125871422674303624e-01
-4.142441424154684748e-01
-6.708625696985859310e-01
-2.199305458241253286e-01
-2.900706312258025221e+00
4.039249512076372728e-01
-1.331565552285332577e-01
1.478272387353085859e+00
-5.442389935524956091e-01
1.148897233119686723e+00
1.765564086546327904e-01
-1.598514519837604397e-01
-1.701947737402379257e+00
-1.029385754204825254e+00
-3.945068695210648957e-03
6.230722577128937623e-01
-3.977837753397931997e-01
-3.788530279648566479e-01
1.901469228094665675e+00
-1.006643333928632256e+00
5.274414710658598127e-01
1.832465907553936652e-03
-1.395733157677205627e+00
-2.832535277837020526e-01
1.230897986132389876e+00
8.183216418669860825e-01
-6.115166342937584654e-01
1.848447506003086716e+00
-8.198282458215315760e-01
-1.050688093934147416e+00
1.439204187072505026e-01
-1.717127950445468620e+00
-5.789106295133691349e-01
-6.113210962774696666e-01
6.286371590933395037e-01
-5.373599425431176135e-02
-1.105930474957187881e+00
2.452887562967576152e+00
-1.063850315493653387e+00
1.396338529174660170e+00
3.877031411571394970e-01
4.476005775224732308e-01
-5.319213601065939656e-01
9.297557768034844239e-01
3.359863986372685352e-01
-5.119454785993458046e-01
-3.066208313795687826e-02
-1.050523123486731381e+00
8.029491007642126643e-01
3.023855668352897624e-02
1.301103450328946476e-01
4.512202732218090206e-01
-6.113420497703950796e-01
1.069953745635782383e+00
-1.191607466939562432e+00
5.244318137920344486e-02
8.579531016739027072e-01
-1.615900533732312683e+00
-2.135603806675944849e+00
2.829183209615059313e-01
-6.738810402732636762e-01
-8.748503493586521351e-01
6.882623084179052830e-02
-3.228861488613538611e-01
3.859565979590708351e-01
1.337248355612148831e+00
2.584646788922030924e-01
-6.477407735077299611e-01
-1.110272548134972614e-01
8.428557879044848988e-01
8.024468984048556131e-01
6.823101029797268291e-01
-1.562259807596300787e+00
-1.349448574579905857e+00
2.169776259392126316e-01
-2.278631071116862458e-02
-1.900811930460200250e+00
-6.477481456959599537e-01
-5.235285396877790154e-01
-1.114728354045727426e-01
-2.068049567545746203e+00
1.827599783011489842e+00
6.604004320550923568e-01
2.104506634553678646e-01
-4.975213338638037608e-01
-8.376885854361987294e-02
-1.129008645468840000e-01
8.207780506406158194e-01
-2.529664647235990542e-03
-8.055527529678413456e-01
-7.382323282214156013e-01
5.262687867776779660e-01
5.853778406651551913e-01
-4.986322197037151294e-01
7.683895904787223508e-01
6.297590974849202883e-02
1.419092192045864786e+00
4.803123821838430341e-01
6.724160723225870440e-01
6.889056312939492166e-01
-8.858827431924498619e-02
1.572037879609791355e+00
9.681299209787114224e-01
-8.832061140590132808e-01
-1.307379209374071483e+00
6.220984906729680741e-01
-5.683713098779126227e-01
-7.350900108986512249e-01
7.435654882104610897e-01
-3.968748889139650515e-01
-3.043677287201899118e-01
2.682020597459213174e-01
-3.532284754957240591e-01
2.094668428151817696e-01
7.100175050972151736e-01
1.316471788244890195e+00
9.161951212643439924e-01
2.978402659699790345e-01
3.331367139127791588e-01
6.274874999753290439e-01
1.019107569935146396e+00
9.218211586545562719e-01
-1.461366538898948741e+00
-1.100458860950521256e+00
1.873099215715314569e+00
-6.492203994546610346e-01
1.052557509404426911e-01
8.227951057808055024e-01
1.671236815629990824e+00
6.656028350022337170e-01
1.620324900427710046e+00
5.088400849587956243e-01
-6.980034155794315742e-01
-1.397065718425258007e-01
1.201703248476836183e+00
6.908358147185389431e-01
-1.472466222228630661e+00
-3.121155536238265915e-01
-3.312093030490019241e-01
4.651946212442160666e-01
-1.460026451567424610e+00
-1.848067832588032422e+00
-4.347366920562798498e-01
-1.999267786909683764e+00
1.402045767718620717e-01
-1.954437151222693014e+00
7.489951415673934410e-01
-6.141291511645650125e-01
1.628012217660922856e+00
9.285313638811225623e-01
-1.171101750009668208e-01
-7.098472644676163956e-02
-1.211931845993515555e+00
1.097905834518998702e+00
-4.284241068545633496e-02
8.968472472966636522e-01
1.070612802285727666e-01
-1.124216289348019426e+00
-2.800688497531980681e-01
5.607417862645359685e-01
5.423335212737332434e-01
-1.317475005371216146e-01
1.971747243678239503e+00
-2.615848617505651119e-01
9.576865613684125700e-01
-6.906036280630072355e-01
-1.446398806562742001e+00
-8.499531276102924304e-02
2.756823088264356847e-01
-6.630074042596747486e-01
-1.174543447151667142e+00
1.443235069477695642e+00
-2.943817906102020876e-01
-1.127646980532626797e+00
2.634251273343680699e-01
1.157754485565375635e+00
-6.524160970285267647e-01
8.591470925851407703e-02
-1.762411091319509016e-01
8.165262059247041515e-01
-2.890470604624301512e-02
1.683117756591590908e+00
-2.132790061881205956e-01
1.627144585436826274e+00
-1.015822266175350208e+00
1.080857146979323780e+00
1.192356427643587041e-01
-8.643138188535280930e-01
1.492361954375491795e+00
-2.327639805186151989e+00
7.004700674373075531e-01
-2.183834205449913524e-01
-8.335599322928053390e-01
-5.770469488554532678e-01
1.010894594806339142e-01
-1.616457546663705447e+00
1.249920194293223097e-01
6.746785648641157040e-01
1.433207817159340980e-01
-1.328120959625032071e+00
-2.515210540127864047e-01
-3.847037892508616691e-02
5.669106267671175647e-01
9.994299590722846016e-01
-1.103368261993311339e-01
9.695913035550348669e-01
7.267261198761289231e-02
-1.370369964291650478e+00
3.823166368693164952e-01
1.064388324038984424e+00
-3.210991187565490623e-01
5.031984605691319778e-01
4.034785059235965199e-01
4.332769511341347801e-01
-5.286584300591445906e-01
2.531009533982428450e-01
-5.290693516256309570e-01
1.283029043070940123e+00
8.449807131078581612e-01
-1.306548955776986265e+00
5.224387323432738012e-02
-2.297798153604381777e-01
9.774452595828924117e-01
1.766179999242505128e+00
-9.185456353650175432e-01
-9.481225458703217424e-01
5.285806204387742506e-03
4.179004889465942618e-02
-9.319753065038557382e-01
1.938670872202847562e-01
1.344375688055981621e+00
-1.950006196035548145e+00
-3.253247585581743317e-01
-3.781003249251008169e-01
-4.235957189281330804e-01
-9.785403158742783658e-01
-1.294442923534798451e-01
-6.825659397643284443e-01
1.369812069202347438e-01
1.561830932042486686e-01
3.550593265283343292e-01
7.313000657655371883e-02
1.050955821681981650e+00
8.303890051350799884e-02
8.210875824275574164e-01
-1.444633335621696435e-02
1.336032283838448853e+00
-1.054834998910518129e+00
-1.019492649087804681e+00
-3.787743991457676596e-01
7.165875777540283709e-01
1.662478170898643581e-01
9.122005541100228210e-02
4.805019049930328578e-01
1.098599734823717977e+00
-1.896218843675795185e+00
-4.426788111570865714e-01
-1.116796565632164784e+00
-4.683750614936319501e-01
1.181367776755931909e-01
6.128146651550531177e-01
2.215940039268870621e+00
3.984658650903966648e-01
-3.385162547314221615e-01
7.777707155061170941e-01
-1.420794897688627545e+00
-9.950298124629629593e-01
1.028519027658634677e+00
-1.036431568155639527e+00
-4.920532347905551829e-01
-1.010906951882947213e+00
1.338820048663299955e+00
-2.912113784278475004e-01
-1.403396790803405070e-01
5.124045778217527491e-01
1.462248176838520708e+00
-1.721363455124032216e+00
-1.196177376744550214e-01
1.239463111170561183e+00
1.449463956954631094e-01
7.594321879580528956e-01
1.210386790470194596e+00
-5.840834905280619660e-01
-1.715374365936397139e+00
-2.308220943776854994e-01
8.629919909077070628e-01
2.075879490837789554e+00
8.330608051159731353e-01
1.950025901609230949e+00
-2.404903806427676483e-01
-1.176487193633800832e+00
5.708603718435941721e-01
3.389405246913529179e+00
-1.926177946436793964e-01
1.450623298893493951e+00
1.980202973133000088e-01
-4.007645422152587011e-01
1.460603310156695089e+00
9.035243292506250912e-01
-3.776778028873370996e-01
-7.750872580183881637e-03
1.970003523205515750e-01
-6.105049202964993871e-01
-7.072170825178474285e-01
1.367962692584799411e+00
-6.896800385460828409e-01
1.255483919295625306e+00
1.617991948496397547e-01
-6.185546482236818910e-01
-2.455937314447695918e-01
1.986326596629063024e-01
-1.275381117832510014e-01
-2.228096187337282597e-01
-2.108445831000844706e-01
-4.642853868892411473e-01
3.667015803695456433e-01
1.561058428955113264e+00
7.387732119615794124e-01
-1.033108528510300550e+00
4.852206144528109499e-01
-9.720047961487496835e-01
3.947806902366919890e-01
-2.049625200758099286e+00
2.418078349014311790e-01
2.879301130866696035e-01
-1.376714114037373982e+00
2.312027790311544262e+00
-1.397476031682737541e-01
1.132171200083358364e+00
-1.552162955291313873e+00
1.517629666192020776e+00
1.659442226555728483e+00
2.043402492618371369e+00
3.236534537098094688e-01
6.523918132432521277e-01
-1.017482517769059180e+00
-1.458772397031282031e+00
1.307043955244132638e+00
3.416607764559104199e-01
7.689236986327795120e-02
1.212839413134198852e+00
-5.771035844823872996e-01
1.992956115668172989e+00
1.844127684672929868e-01
-1.733433030967755084e-01
2.344746914067301624e+00
3.326304827424063082e-01
-1.581731495414017141e-01
-2.736158900304569985e-01
2.809942662829689186e-01
-1.657753405818520598e+00
-4.919274319664672102e-01
1.522982208004752147e+00
-7.912279697905375553e-01
-9.372314217772067524e-01
-1.724318275195938777e-01
-1.567292245620473534e-01
-3.539405597945282644e-01
9.536211695889457163e-01
2.082981308785732733e+00
-1.329961861761066233e+00
1.651196331889818181e+00
7.928642993801845451e-01
1.635498036883620054e+00
-4.305496009204544672e-01
4.643531589620093492e-01
3.004302930228388124e+00
3.392652468379636077e-01
-6.065431356830291998e-01
1.197615818158332512e+00
5.215920556908520966e-01
2.429605863949020339e-01
-4.271946950791883357e-01
-7.952435101322432587e-01
9.546167243265227809e-01
1.169374252368254652e+00
-6.864369698536033626e-01
-7.888581630056762384e-01
-1.982128584908709745e-01
-5.731871693919428357e-02
-1.078932484602449060e+00
-1.538696714666427656e+00
-7.518303991732244729e-01
7.209920543434624740e-01
-4.894055417515840722e-01
-6.740213566432537995e-01
1.197184975357207248e+00
-1.194388300494495070e+00
-1.393952560050627287e+00
-3.771748604172794894e-01
7.284533396020121954e-01
-2.464084951302798199e-01
1.693779599183524942e+00
-2.005575594002199757e+00
-8.017772940634227963e-01
4.337452709851141175e-01
-7.562603895449869773e-01
-1.778283131858053645e+00
7.345083679770765261e-01
-8.351497124788368476e-01
1.293128230607169631e-02
7.991970849279842470e-01
-2.100576737712021025e-01
9.417132249204815952e-01
8.272110745961044342e-01
-1.139081333099378313e+00
3.973538100160338149e-01
-8.624747159316732414e-01
-1.024771804046158197e+00
3.035337784235114245e-01
-4.057429707337312785e-01
-1.623238008621111783e+00
8.288023821759692433e-01
3.496803680555184424e-01
-7.760025988763239457e-01
1.203498959104006838e+00
-5.452665911467201587e-01
-4.306116814929622505e-01
-3.184886124339981195e-01
8.848203078708064551e-01
7.859436636990119185e-01
2.989777978902273814e-01
-8.013122696440500015e-01
-1.563099087121063269e+00
-1.403446990043650588e+00
1.177333823086087694e+00
1.395721405879849719e+00
-1.549785936483533799e+00
6.274790665459334914e-03
-1.061545365914856154e+00
3.250149426603833325e-01
-1.373925957142144716e+00
6.320878116043638917e-01
-6.480614035905998271e-01
-2.923755639436765863e-01
1.422103589507441423e+00
3.449997904000114968e-01
-1.005004985331220402e+00
5.321828802470675024e-01
4.062253711875786211e-01
5.853398422888270725e-01
-4.477557884735214322e-01
-1.430319593958729429e+00
-5.135380706946851559e-01
7.512304342949908120e-01
1.620941746634427583e+00
-1.045064166463126387e+00
4.408361160017238989e-01
3.163331688672130215e-01
1.139178267509778797e+00
-8.982230147926649755e-01
-1.001162761714338156e+00
-1.483170746762764836e+00
-3.664595138327568224e-01
-1.002511727019075538e+00
-1.718928791426687086e+00
-4.388667674514908773e-02
-7.627000187040765267e-02
-1.396344651499653144e+00
2.993600899319147635e-01
3.955081751007068491e-01
6.885411782911152745e-01
1.735150488058854856e+00
1.191468158823229873e+00
6.743417607434815109e-01
1.530378578397263878e+00
5.576825873290690572e-01
3.948125651048551843e-01
6.381922177262698836e-01
-2.942027238684182255e-01
1.022791230899557702e+00
1.908973874521653347e+00
-7.917901775336050330e-01
4.928814713238989231e-01
-1.026039823356208053e-01
-1.427860289592372212e+00
1.736937629147522921e+00
-2.631117742312110708e-01
-8.684562357481253603e-01
1.836499615069263069e-01
-1.731952392379375816e+00
9.986865020223368861e-01
-7.229392254835869114e-01
1.416189061161565066e+00
3.398202863877222146e-01
3.346301261748305667e-01
1.128338169330002527e+00
-9.453797902962930433e-01
6.111924268762661816e-01
3.790118939030997502e-01
-5.668416242846657099e-02
8.433921821920521422e-01
-1.294342784962071224e+00
2.077106648079787732e+00
8.235746596685892262e-01
-1.018221635986554796e+00
-7.004526477768558967e-01
4.604560843761830169e-01
1.897435998942107460e-01
-7.837178080594900953e-01
3.191740444604211913e-01
3.437916297909278662e-01
-2.931781904724840015e-01
1.145398387683686792e-01
-1.287448492461905070e-01
1.464288051770759491e+00
-2.533883587823996253e-01
-1.241255497613460435e+00
-1.339450664335949837e+00
-1.307596482070280564e+00
-6.645100430887297405e-01
-8.852731397559968629e-01
7.214085211215667259e-01
-1.559541759621053014e+00
-2.476523414130371303e-01
-1.664495873309931540e+00
-1.241781121112917718e+00
-3.491613444521234899e-01
-9.255762202595585464e-01
-6.982001751826589775e-01
-1.107371841651901612e+00
-8.218660629364987757e-01
1.303324311394423729e+00
2.346083041156764859e-01
2.807596383121656602e-01
1.038268856925760736e-01
1.111302678963653534e+00
5.043732024484427479e-01
-4.478525751891902495e-01
3.935506855552156624e-01
-2.715508636555177269e-01
1.293960257236133504e+00
1.989624658000023416e+00
2.687386972931407492e+00
-1.834599069810327610e+00
-1.221665271801485042e-01
-2.365390540485823312e+00
-1.197646903890028147e+00
-3.072732486582635758e+00
-1.248610482716834058e+00
-9.916774788969812127e-02
-7.778159400959437919e-01
-8.793787945061573019e-01
1.269648095109747965e+00
1.062161648367726530e+00
-1.526630293890000045e-01
1.286346756707816397e+00
-1.000538049156768583e+00
4.348275468878914918e-02
8.077074831131951516e-02
-3.577334901951138013e-01
1.467439705787113358e+00
4.634235172128500779e-01
-2.579090121861936646e-01
-1.905350156306798159e-02
-8.168051689747459765e-01
-2.279605144677384398e+00
-3.565986148881796325e+00
-2.736413251728113227e+00
-2.268547652063437781e+00
-3.175219019801812870e+00
-1.407639260236399403e+00
2.296085151170820016e+00
1.963298990367738694e+00
-1.130973732031095302e-01
1.967296309335819338e+00
3.153564618369248951e-01
-1.679238572589908385e-01
-6.943127836604607861e-01
-1.632511327231694009e+00
-4.249879870465042231e+00
-3.765680050116597677e+00
-1.226317903318865365e+00
1.116712622450358738e-01
-8.248918519864544274e-01
9.809438380172136318e-01
2.161333187071441397e+00
1.477890572583445694e+00
4.974129933704725115e-01
9.408672230195608277e-01
1.273521552179913030e+00
-6.113237449557317182e-01
-1.046894727521637536e-01
1.507576052497674901e+00
-4.752634471476064326e-01
-4.891311572695942189e-01
-1.146197362014388155e+00
4.719796357468974968e-01
7.666776497057151696e-01
-4.925714946120493543e-01
-1.622891055242012381e+00
-1.064841588915201420e+00
7.867197085813700808e-01
-4.287892470325898042e-01
-1.286696988764460814e-01
1.204770650775384144e+00
1.573203689485733747e+00
2.897463809159273929e+00
2.337576542829664206e+00
1.165282656987250531e+00
-2.988371334006548752e-01
6.298359800164630151e-01
-3.532412045156255509e+00
-1.477676920686151307e+00
-1.726081297800274861e+00
-2.387529506445327243e+00
-1.676018097917867156e+00
-2.092037999035610607e+00
9.217184479391322682e-01
1.916756496654780983e+00
2.666356668930877305e+00
2.197293951830805447e-01
-7.886809707539024217e-01
-9.781754135686082652e-01
-4.882719212017416766e-01
-6.177244058494522072e-01
-1.609376270822760580e+00
-7.728624269134587443e-01
2.845387150927570774e-01
-2.459498311805609738e+00
-1.478702259866538082e-01
-4.821852832667459232e-01
1.231566765369825067e-02
5.485535402392904825e-01
-6.277716544629577955e-01
-1.392184309921930874e+00
-3.168739575229672645e-01
-4.207477850439012013e-01
-5.587434005192430941e-01
1.161031784069092687e+00
2.510286236575931529e+00
1.470548881830886057e+00
1.798341110565087719e+00
8.462193877987789215e-01
-6.965753836617396555e-01
-4.059790074194598031e-01
-5.024859079070349566e+00
-2.016917210266584437e+00
-1.003430063646493231e+00
8.772474821549975932e-01
5.265287224255484760e-02
1.059310052315058481e+00
2.760632921672768969e+00
9.584877784555767555e-01
5.579900762249379031e-01
7.380207455983144316e-01
1.809674021487244655e+00
-8.615550361182738870e-02
-6.527375167220352825e-01
-2.357235513320001363e+00
-2.049874782535836104e+00
-2.676100847198497945e+00
-8.926614844993365772e-01
-5.309382332711263253e-01
-1.119053218024174345e+00
2.607825734848033261e-01
6.799419719984183264e-01
3.783851589422355666e-01
-6.525973997808853788e-02
8.282262595714174891e-01
-5.918959460554570340e-01
4.805090641439957455e-02
1.096395565853444942e-01
1.826121849493464122e+00
6.842917180047717318e-01
9.718202387486502003e-02
1.017694463462777588e+00
-1.461285970810799917e+00
-2.895648107083965250e+00
-2.308027115135195650e+00
-3.642865706083730615e+00
-8.889551842395901904e-01
-1.253270058607348192e+00
-7.228524784659147162e-01
1.091643558852962936e+00
1.852200444109770361e+00
3.884846845703391338e+00
1.768214967683013006e+00
9.386461326368779057e-01
9.386905847358131272e-01
-6.962580196726825266e-01
-1.053374724561352727e+00
-1.580876692453742516e+00
-1.955153667109298610e+00
-5.340270036436958190e-01
1.217010191299515043e+00
3.275875262256834342e-01
-1.838697728196384551e+00
1.332540030957678034e+00
1.964499904497690519e+00
1.190399084131141150e+00
1.215326557090561588e+00
2.173649511906583509e-01
-2.105161116677232158e-01
-1.487383936972945797e+00
9.791218014270532954e-01
1.468714713194828048e-01
-1.036679467508333730e+00
-1.592097831834344390e+00
-4.609381740776888892e-01
-5.038435541008180474e-01
-2.734549800773548589e-01
-1.679901077733829018e+00
-9.180888640160950187e-01
-5.898168680966556776e-01
-2.039137156558708863e+00
-1.067845582784034519e+00
2.453057776279743418e-02
3.000265906609275390e+00
2.603956482982218823e+00
1.669655352202770615e+00
7.958540860247730331e-01
-2.202366663954273274e-01
-4.781589880467425613e-01
-1.895069163403739987e+00
-2.349926590013684091e+00
-2.502129807935648653e+00
-2.713175661236171266e+00
-1.795519011655770214e+00
8.742090651255747247e-01
2.761024138363550318e-01
3.996884820633359592e-01
2.587117273561926112e+00
1.800498233608668563e+00
1.225856370162771380e+00
6.633070590808214373e-01
-1.773409046386873911e+00
-1.181133197089456743e-03
-2.290415104243533229e+00
-2.820829503521023796e+00
-5.286747245256480099e-01
-3.157739815359398516e+00
1.069339668646731356e+00
1.943114750658170575e-01
6.444288247896918786e-01
1.572057446785290469e-01
4.717617606214142834e-01
2.579327206104346515e-01
-2.388204449650982719e-01
1.455298827809279605e-01
1.019217202627689334e+00
1.502114878180978330e+00
2.052788098693270058e-01
9.749428581843625485e-01
8.709499414480097457e-01
8.954929449517081697e-01
-7.019821676626519791e-02
-1.004859953463743460e+00
-7.085942513453291625e-03
-2.228810023681072394e+00
-1.198226832615175486e+00
-1.536215167730532460e+00
-5.367408532966819745e-01
1.613996212034169542e+00
1.802068785724060707e+00
1.783175890581766065e+00
7.522007421783709624e-01
-2.457119684418085370e-04
2.329574728663551753e+00
-6.421434086056425627e-01
-5.392008526447840122e-01
-2.752233599463246971e+00
-4.521953994317573500e-01
-1.742577881329881340e+00
1.387211506201677658e-01
1.016848219525579022e+00
-5.774308223343256330e-01
-3.521839112399099969e-01
8.693789662211364178e-01
-4.018692566025161561e-03
1.112071689557170728e+00
-5.199853803455456447e-01
3.398419305021875281e-01
1.005650756177542293e+00
-7.832607011463119662e-01
1.793774104770449407e+00
2.841909149899432219e+00
-2.272523953447527778e-02
1.614316697991519778e+00
-5.786219665898583164e-01
3.468411337855398235e-01
-1.101070254933240733e+00
-8.046866331705769815e-01
-1.322912884409124246e-01
3.887913737775261502e-01
8.869437898215707383e-01
-1.319162606384568504e-01
2.272311941544309821e+00
2.205000838155492637e+00
2.334335738813345884e+00
5.785603883549421678e-01
6.467161203301279304e-01
-9.580285705442065369e-01
-2.485387279671558147e-01
-2.348939059332878276e+00
-2.497372799414322664e+00
-2.106935310269000716e+00
4.574832973476402609e-01
-1.049228440277941043e+00
2.321785139037548795e+00
-7.624334810559063591e-01
1.868341325298705558e+00
1.783485436751748310e+00
1.317801985885381333e+00
-3.086236724788947727e-01
-1.124384646181322722e+00
1.351122617662704695e+00
-7.069682926955200841e-01
-1.924856296480184081e-01
-9.705089294323712146e-01
3.737383973002474935e-01
-8.362713347629188165e-01
-1.541887630497234873e+00
1.895969864372967884e+00
-4.921507678775737804e-01
6.515586914397129004e-01
9.608296753651193178e-01
-4.079999400710370150e-01
4.078009472338301467e-01
1.357275202267748671e-01
2.136920636310259969e+00
1.230667330287333883e-01
1.908338057935845544e-01
6.470462359879480818e-02
7.062889232394915506e-01
-4.641168935564262132e-01
-1.780107520032063295e+00
-1.494145513983176965e+00
-1.619340336954729231e+00
-2.884109810169632748e-01
-2.070996196855822369e+00
2.963051570762839093e-01
1.284580930490709205e+00
2.242397292351271165e+00
2.124345802016363027e+00
1.665398462289354509e+00
1.363369362862700607e+00
2.821475353154855981e+00
3.032088313694642490e-01
-2.432329516910169076e+00
-1.456826422450712588e+00
-3.358086246894337101e+00
-1.552323031956778010e+00
1.056557869651574277e-01
8.223878810933241690e-01
8.664312212106117794e-03
2.981792859850403432e-01
-4.389662924366338759e-01
2.250139233815265649e-01
-1.757943947645568827e-01
-6.442623759445172960e-01
2.805902424751131052e-01
1.601877864617165415e+00
1.008464548918839521e+00
4.164106265483315528e-01
5.519989377325397184e-01
1.793165578093114942e-01
-2.761684292378239203e-01
-4.378088648651454196e-01
-1.363929281932055426e+00
5.089344982330468170e-02
-2.748879722549720128e+00
-1.310799991251020424e+00
-3.659773594594313839e-01
-9.051344511785675007e-01
1.567653762144025187e+00
-3.018312554783484369e-01
2.009936036699270012e+00
2.047291533427375132e+00
1.481977422660759380e+00
7.857959893910446691e-01
-1.029308785470038679e+00
-1.472724268823595306e+00
-2.371231744266216968e+00
-1.570006267961588708e+00
-9.299337395278272078e-01
-4.969219935477610650e-01
-1.319068741655489152e-01
1.473842393734549283e+00
1.232410842528652184e+00
4.800045943632900158e-01
3.573510564977677717e-01
1.103958736361479342e+00
8.468266404816341408e-01
6.028043500483825090e-01
-4.836419285781250466e-01
4.663384733840757468e-01
-8.342481968599060882e-02
-2.813070451441932462e-01
-4.598543694887265998e-01
-1.482249400562139829e+00
5.921642621710188070e-03
-5.371911994957800918e-02
3.764663421283094280e-01
-6.990854561701755898e-01
-8.390698484142533609e-01
-4.039097226641467087e-01
-2.016591852411914854e+00
5.946798378156636922e-02
4.015822343704011921e-02
2.117580969679753622e+00
1.145577738595800810e+00
1.078086745981499339e+00
-1.193521139750246318e+00
-2.048135629357143106e+00
-1.180934774512065966e+00
-1.246468306831405748e+00
-2.049952047593788684e+00
-1.132151027971657564e+00
-1.338706210943635400e+00
-1.026292681040415378e+00
-4.656204707377664676e-02
1.896363604304902140e+00
1.799132026173249077e+00
1.271626482070403519e+00
8.388272687500220037e-01
1.458166543852450481e-01
1.186796768550311687e-01
-5.114943333708933393e-01
-5.697092852466875135e-01
-7.436576097730673851e-01
-1.326770674743737999e+00
-1.006650799553894693e+00
2.953273394623975312e-01
3.369133676424813928e-02
-8.983455185278604871e-01
5.091782827625639385e-01
1.195516988953314041e-01
4.838888362657997044e-01
-1.465420240002552887e+00
7.600131957785137837e-01
1.146293855083184043e+00
2.269491497528017376e+00
5.901883624956161256e-01
1.838849034122334913e+00
1.767742907761075788e+00
2.093580486860594281e+00
-7.300065567615993123e-02
-1.657133801973081244e+00
-1.398825617370290653e+00
-7.853150661696821633e-01
-2.866643584304497061e+00
-9.860242658152135187e-01
1.944656737253532386e+00
6.217907306756167429e-01
1.521453848669197972e+00
2.205969593912029403e+00
1.468327107791457031e+00
1.355897969160885008e+00
5.838261811361721287e-01
-9.674145380629339819e-02
-2.128463562398263065e+00
-6.282031405129558932e-01
-1.013878850491723327e+00
1.957562046221412722e-01
8.707023731235487007e-01
1.572359573163300217e+00
1.581212164484699478e+00
9.986589302012305325e-02
1.000906293466368835e+00
6.592610132193016392e-01
4.329772067525947121e-01
-3.472518779925646282e-01
3.863640954067745770e-02
-2.327758608336768287e+00
6.370919342603215130e-02
1.279310544731099508e+00
-1.504129898820955713e+00
1.899087130421170500e+00
-1.249827417382925188e-01
-3.932439038376918106e-01
-2.072252175712628652e+00
-1.417368166923007600e+00
-1.970643473367991394e+00
-2.042631055123471651e+00
5.177729300823397107e-01
-9.653707527117731946e-01
2.734120002982963760e-01
1.156723204447502873e+00
1.960750934335236062e+00
5.271760244708922905e-01
1.267993187263927402e+00
-2.060577543392132505e-01
1.898930392738788608e+00
-2.715705762292695002e+00
-6.342959711892073305e-01
-1.749619798460148479e+00
-3.307168090864357257e+00
-7.774319121189073867e-01
9.622509494128542173e-02
-2.019849301181489976e-01
1.603126891950083843e+00
1.516035614347570615e+00
8.054182391882304115e-01
6.714635485519999669e-01
-1.174649746824203200e+00
7.244418189797457996e-01
-1.799325088459130972e+00
-1.546512895777867325e+00
2.207331876027389672e-01
-1.931065633045308871e+00
-1.130499178485187217e+00
1.837741808241962094e+00
-3.063711570390119099e-01
-1.499588544645203969e+00
-1.241910910731114370e+00
-2.447218685674192429e+00
-4.112333554783385026e-01
-8.658947358365227664e-01
-3.733394873339910269e-01
1.395955108084396823e+00
5.962119780016705839e-01
6.507847380226574607e-01
8.512399608572691623e-01
1.413170335308494341e+00
-4.530258892744544186e-01
-1.402106192454198208e+00
-7.009033144459775322e-02
-1.750512999187705310e+00
-5.596546969524920367e-01
-1.117677305442691615e+00
7.953953971585806526e-01
-6.840679599670183020e-01
7.518756996648321422e-01
3.493699072379314874e-01
4.868840261249063328e-01
2.722800430406225658e+00
1.008755340676848355e+00
2.587899845837172030e+00
5.694371718151096662e-01
-1.443002215124915111e+00
8.484598406393617509e-02
-1.166500388561698021e+00
-1.967868515885037084e+00
-9.915847734903990851e-01
1.747074182324209302e+00
3.044011582548144523e-01
1.810546572436560364e+00
-1.249282108058868968e-02
1.229372128451944324e+00
-8.207891728826236521e-01
1.803731599769755611e+00
9.355934698967518504e-01
2.113610641877686991e+00
-2.799423253180590709e-01
4.908947828952574532e-01
6.768378389854607935e-01
4.302508502383163846e-01
-8.896964485897933539e-01
-1.902880300279277570e+00
-8.796581248139428988e-01
-9.744917735462648167e-01
-2.523220578237525213e+00
-1.614792924528065221e+00
8.568458513342414040e-02
9.187479313088323107e-02
8.284449917733396340e-01
4.138164996542545992e+00
2.980053200962035298e+00
2.804444019163918611e+00
2.926726642863100913e+00
2.111909347974844087e-01
9.207437094833593738e-01
-1.581195876005238254e+00
-2.280218086661429666e+00
-1.822689333193168837e+00
-7.340639806818299862e-01
-2.465943174518826275e+00
3.568580229254878500e-01
-1.016657604873631549e+00
1.473915594050549061e+00
1.414171453681279056e+00
1.571120928072449630e+00
3.694136322715608212e-01
-1.255012013269552806e+00
-1.189656190861951401e+00
-1.692275085589201589e-01
4.819633555804346270e-01
3.998183710065740804e-01
-4.062305568559187452e-01
-4.347913640656285716e-01
1.762217722546893128e+00
4.511254942923939582e-02
8.366419987523494584e-01
-2.501019133478039613e-01
-1.335138971896307813e+00
9.477033816031577018e-02
-1.431259736318651443e+00
-2.196075819007262675e-01
-5.895497933141534697e-01
1.285129505447582421e+00
1.761790100007792459e+00
1.160078931302330751e+00
2.005410074549196509e-01
-2.804446965655965074e-01
-1.049677822596877808e-01
-1.736813540975419734e+00
-3.463299996642482448e+00
-2.263170113173380127e+00
-3.043214573294540592e+00
-5.574735512515226477e-01
-1.209332971647456789e+00
5.900045842927437167e-02
1.256685816212593343e+00
1.698940627801968306e+00
2.093203630128948944e+00
-1.942606160029737739e+00
6.882320891265665264e-01
-9.688466859854868440e-01
5.442994610355877949e-02
-6.316778291420946934e-01
-8.645313402025045502e-01
-8.449040901631683642e-01
-1.997663938122255789e-01
-1.232723178238008366e+00
1.086699018816248419e+00
8.836349589341725430e-01
1.193914567302804652e+00
-5.567119313065344022e-01
-2.454821004193167289e-01
-1.502790810507728558e+00
4.711034066005405641e-01
4.190739856223107407e-01
1.275304380371115709e+00
1.057819858343732378e+00
7.490737942116756365e-01
-1.891947837122538445e-01
4.642870779486509836e-01
-3.487146503965521949e-01
-3.964583905648182416e-01
-1.036750090514700906e+00
7.992854712203492085e-01
-1.509798209153131898e+00
-5.588897465430344713e-01
-1.098825700081527135e+00
-1.780668796231332784e-01
5.069487759417907746e-01
8.318268406761408773e-01
3.012254232885018368e+00
1.662606307180923837e+00
8.204626398864920400e-01
-9.768962094004375318e-01
-1.952787071042662692e+00
-1.278483394270329088e+00
-2.788166874369097048e+00
-1.447133303795599568e+00
-7.060874120033499013e-01
1.224535994651410942e+00
2.308466072186846851e+00
8.081602167008739013e-01
4.586307929798878469e-01
1.494353272761737461e+00
5.360680951770914193e-01
-1.650464771260307661e-01
1.837222178653149518e-01
2.787144173779680933e-01
5.169946628012094259e-01
3.039807740101165834e-01
-1.413716482292652898e-01
-5.725808280160891162e-01
-6.328303476241473602e-01
-9.123118401039188585e-01
-1.024572697553372658e+00
-1.971624471821295632e+00
-2.443577170385381692e+00
-6.644172064162248148e-01
-1.622006604154293097e+00
1.906656228717723778e+00
3.134635831182743804e-01
1.144984365390915970e+00
2.874936395840019365e+00
1.516293934769571194e+00
9.503883233295741251e-01
2.790343510972534968e-01
1.727938894432535788e-01
8.204261806240453758e-02
-3.200566601125152566e+00
-2.919521945748027036e+00
-5.212111268892678506e-01
-8.748687286685559172e-01
1.135448307838326398e+00
-1.844262161873465145e+00
-5.404026357257911695e-01
1.815581898536274164e+00
1.225398447691091075e+00
1.593625885149109855e+00
1.330075744608281374e+00
-1.137143587482724705e+00
-5.914234242980674905e-01
1.806458116536957537e-02
-3.143607748936693702e-01
-2.624050860837680688e+00
-1.337294395518362489e+00
4.406141462790626462e-01
-9.095693570711153031e-01
-5.469132881607037255e-01
-2.849909562414887354e-01
-2.110530087027944646e+00
9.732956520605907658e-01
-4.860576801075258135e-01
8.075634127778579252e-01
-1.444148727368209428e+00
1.253022766526024068e+00
1.088775814531557362e+00
-1.645377100079396415e+00
-4.796576175544955967e-01
-1.398824899999628890e+00
-1.909286882123847562e+00
-1.893452914825058953e+00
1.602163890073504904e+00
-2.529951529255110021e-01
1.033539084299728517e+00
2.532169117523608293e-01
-6.320811239147006155e-02
4.560910570102461592e-01
-9.680114921830568209e-02
1.124166709139241827e-02
7.576298334671007773e-01
-4.237945914115071044e-01
-6.164100990988732320e-01
2.886733910021574090e+00
-8.471047661301635279e-02
1.491459749698220261e+00
1.119804520210359255e+00
-1.053807997822093556e+00
9.591851985081962795e-01
4.870178788972425732e-01
-1.171334832800337677e+00
1.473473599030481196e-01
-7.847970545891461702e-01
-5.674493549154374650e-01
6.628739958571699953e-02
4.242918669906356466e-01
1.282581284357126261e+00
-5.956463148373871697e-01
1.565862535537991818e-01
4.068971858478573900e-01
2.177801964151347691e-01
-7.794136158017452853e-01
2.405919753031731181e-02
6.777143151280479172e-01
-1.561127652326819160e-01
6.443761307784626746e-01
-2.688043037809836111e+00
4.188606478938708411e-01
-8.952585257516409989e-02
8.716748855654132822e-01
8.182570486470898130e-01
3.010251661471353701e-01
-8.481882075834774881e-02
3.425928615198640115e-01
-1.577563453654261816e-01
1.268762997244788471e+00
2.993916736077346652e-01
-1.350155192728922926e-01
-1.225438544775401484e+00
-1.045756329677829388e+00
-1.178779202594262943e+00
-6.531983394660531017e-01
-7.828765263044183964e-01
7.569981106795476977e-01
-6.670170772808844406e-01
7.583721320204281358e-02
-9.759275687476209882e-01
3.414491630127444166e-01
3.110660263951537940e-01
-5.623588349567429923e-01
7.995742391937453730e-01
-4.290829895602737282e-02
-1.657531522398663082e+00
1.386579930372999092e+00
9.644792257400619517e-01
-1.678804713334134169e+00
9.510796215533499076e-01
7.179227124268027227e-01
6.282805644552015290e-01
-1.006595227457065977e+00
-1.094489248337887188e+00
4.501715119864000969e-01
9.014940391288703281e-02
3.789862154369781910e-01
-8.118365580660320546e-01
8.449362625901915003e-01
-1.140535579487548912e+00
-1.079449992572418804e+00
5.240804229368181133e-01
6.360517511786095701e-01
7.629472024753056747e-01
-8.937995249556599520e-01
-2.563432424797275289e+00
-8.653420638464891512e-01
-1.568954721708766042e+00
-1.454106467590330631e-01
-6.121793723815075472e-01
5.659047013946471028e-01
3.099892324435906538e-02
1.090858010266332112e+00
-1.632166151027166778e-01
-4.964787673807639079e-01
-2.126551310521430427e+00
-4.024273156939238705e-01
1.471156639281153033e+00
3.036959413304614608e-01
3.549227497322685054e-01
2.992575664702890048e-01
-1.401763164630124070e+00
4.690376793116647347e-01
-1.160657069363648874e+00
-7.752877673569553707e-01
1.583623460636808478e+00
-1.949727781866185783e+00
1.119204073734741733e+00
-1.120736691889141712e+00
-1.920631281962753567e-01
-1.391131032000673562e+00
-7.344977519284238143e-01
-5.738521877516734593e-01
9.130703427086788171e-01
9.687701146396709984e-01
7.669256499802028504e-01
-1.143183096995602499e+00
-3.650399765126126073e-01
-2.286272474981926039e-01
7.216288867884181890e-01
1.666925942111656678e+00
-1.496030875464287313e-01
5.800402813151217529e-01
-7.856898715722278048e-01
-3.281560277863077024e-01
4.612570287456119189e-01
-5.323162981450766523e-02
2.600986815029078802e-01
-1.536508246338876005e-01
-1.620171608771884708e+00
-5.965578753959718816e-02
9.247077111570241037e-01
5.711468903081862170e-02
8.607294858432703588e-01
-8.741727484221015754e-01
-7.721982891027403539e-01
7.185201656641843071e-01
-4.257877892877018344e-01
-1.004891663319611661e+00
-3.048467859397226976e-01
-1.242790350245471576e+00
5.183814322148579956e-01
8.237624041122124652e-01
1.224869961809635699e+00
1.007956360462747059e+00
5.230749208155198726e-01
-1.493489068048988733e+00
-1.460439924637231490e+00
-1.666422922465337519e+00
-2.299779660449883245e+00
-1.065085902680669605e+00
-4.341792475255001338e-01
1.395725910523449263e-02
-5.708403386142458791e-01
-3.185225811551220532e-01
-1.721368587867533995e+00
-1.771586173167365885e+00
-1.317824174214633270e+00
1.024849792054163933e+00
-2.428766443188234148e-01
-1.274579516510470967e+00
1.002419233583312419e+00
5.560148790767376337e-01
9.612691857035848830e-01
-1.999936386560005275e+00
-1.949860642641142450e+00
-3.827852416350366327e-02
-4.106002330030744663e-01
2.035066809912577657e-01
-8.359339651733203869e-02
-7.941165421479842168e-01
-1.036848752966249704e-01
-2.597065481848810642e-02
5.149798348168844742e-01
5.712988684126757422e-02
6.287087209197012028e-02
-3.362547720724920475e-01
1.252806010009293036e-01
1.426772975641189545e+00
2.765255057439664488e-01
-1.921494695692278487e-01
1.045310041448621829e+00
3.531358930998343415e-01
1.575032149276716531e+00
-7.208336930898379125e-01
9.541901025366086309e-01
-1.752141066746446985e+00
-7.050525940323925100e-01
-4.636034327107972641e-02
1.339618248496681208e+00
5.050032829673188894e-01
-7.620012522652398479e-01
-2.416040687934369047e-01
1.897141296890732187e+00
1.352107383218983383e+00
-9.322306816995700185e-01
9.636184770327601568e-01
1.780899588244034604e+00
4.556152611736669078e-01
-3.560215553839091718e-01
-1.972410425634991249e+00
-2.625885052141331832e-01
2.079658201197610801e+00
9.855074000109923515e-01
-3.846617813396603913e-01
1.520011499108548270e+00
-1.998460331624902553e+00
1.119301270418215477e+00
-2.056667571000821759e+00
-9.152960566427373879e-01
1.855159763459583444e-01
-1.277698627149234989e+00
-1.061956088061761561e+00
8.688985299939608886e-01
9.599813500827065749e-01
2.930213286361111447e+00
1.507160959544008305e+00
2.832232495790690141e+00
3.768183011091356949e-02
3.860213664459000715e-01
-5.498659955826059598e-01
-1.320818208942965866e+00
4.020053333905773685e-02
1.051314526812652028e+00
-1.739410814884672918e-01
-3.997056153358764519e-01
2.213160460252894257e+00
2.954747661272222325e-01
-3.199664078763774788e-01
-1.302451206156601149e+00
4.604338559215519489e-01
2.407580421063507892e+00
-2.847274869451102974e-01
3.322839710104003585e-01
5.407401148105722699e-01
4.889657821249634440e-01
-1.255166125768219620e+00
-1.231143274020527256e+00
7.541761513005302842e-01
-6.274622643913685405e-01
7.728283961127433432e-01
-8.199412826869968418e-01
-6.166007295878733752e-02
7.219146531018314494e-01
-8.537354219081476625e-01
-6.659014461765360160e-01
1.375647184878529661e+00
-4.404041427677199416e-01
-1.226438672948695907e-01
1.098540133569224198e+00
1.691166355290182777e+00
-2.289180835844258077e-02
-4.191301631979184594e-01
-5.847966598800033999e-01
-4.596795696012825894e-01
9.385704033224827603e-01
-1.251963917956950167e+00
1.327220632717007742e-01
-1.430562812848604537e+00
2.882982952301595403e-01
-4.182561123162132355e-01
8.340941117318255715e-01
-2.683951234358868287e+00
-1.181309521482171387e+00
-8.651427613002454775e-02
2.244618440225867526e-02
1.026228510012805906e+00
1.215577351832500375e+00
3.846074056356484916e-01
3.070426045819463656e+00
-1.231176167954838752e+00
-5.956021954370036564e-01
1.171844046560653885e-01
9.852020025542760351e-01
-1.497618400382643378e+00
-1.841528040739646155e-01
-5.373039700249561124e-01
8.631495466367259395e-01
-2.419986926055935239e+00
-2.229059233812129004e-01
2.533998662998998563e-01
-1.387644368743376488e-01
-9.032804457740561954e-01
1.690639319215937186e-01
-1.423395316958520285e+00
1.140827384615921147e-01
1.276412604814195495e+00
-1.024932733631506582e-01
-9.707042607133907763e-01
6.820490411327466695e-01
5.188011313091014931e-02
1.572341456847396735e-01
-4.771572155187043807e-01
5.515335406584263023e-01
1.068361506314454923e+00
-1.672914047199279899e-02
4.216069309123762765e-01
1.155926026379336946e-01
1.327010590444320570e+00
-6.821110142422422973e-01
5.623783255304306561e-01
-3.766932869781511872e-01
7.841730277882452693e-02
1.152464726740832779e+00
-5.756398135680373951e-01
8.133506763182780652e-01
-9.483091416288612630e-01
-1.314371786251314900e+00
-6.182973302318200970e-01
-7.774756106069460326e-01
-5.513347335039715524e-01
9.049565723770438552e-01
1.461372196255385836e+00
1.058594424889791386e+00
-1.815870110621044642e+00
-1.564482439642223666e+00
2.788075437845005111e-01
7.316697624884398454e-01
5.009373246386733536e-01
1.920106446461153915e-01
-7.436028435847752416e-01
1.194211524252002388e-01
-3.748825653088708743e-01
-1.077821705365564764e+00
-9.144054789520546581e-03
-5.980014164287504874e-01
2.016302017301458083e+00
-6.720857391223045152e-02
-4.809642298760327117e-01
7.599827271149702801e-01
6.783293677464241611e-01
2.095422396887631322e+00
-1.563438166939194129e+00
-1.113720294210695516e-01
9.889751151376516836e-01
1.669016898211162614e+00
3.056895103399060787e+00
5.706286959778780199e-01
1.133353012473515387e+00
-5.255701805330201815e-01
5.508066746963549143e-01
6.903709881894386224e-02
8.366913701771087064e-01
9.139693929120968480e-03
-5.574956410144622510e-01
1.588565456326209435e-01
-9.371181519260207704e-01
-4.240071350302880293e-01
1.149515557759369200e+00
1.514498514103289839e+00
-1.240680066738544474e+00
3.014031870808998037e-01
-1.925124699141316509e-01
-1.611026977471425869e+00
-1.453328349085690752e+00
-7.368790990661120421e-01
-1.297723225060918084e+00
-2.389285292574322705e-01
4.948074397444361949e-01
6.504925191869666001e-01
-5.524570525779481933e-01
-6.453968485892834783e-01
1.441560063414365836e-02
-8.885046555657631906e-01
4.514178787035111884e-01
-1.741878157589379805e+00
-7.017507241309201005e-01
-3.293463347042062672e-01
-9.788045067155211054e-01
-3.451988422745392304e-01
1.322856028226842839e-01
-6.498045375962879788e-02
-1.556057539538973078e+00
-1.293919881195690680e+00
8.471038854030434884e-01
-2.837573327969850734e+00
3.986102714014692072e-01
3.129571946618924239e-01
5.509205367711261792e-01
5.932992438886941500e-01
-8.595481382690559613e-01
9.863651685240264477e-01
2.194976299054030022e+00
-2.431931514680382378e+00
-1.856948370692066141e-01
1.302080427519470618e+00
5.067589880014040649e-01
-6.740279247598724988e-01
1.758187413196665716e+00
-2.156204491563383785e-01
2.003141137079886391e+00
7.738108081276844352e-01
-9.661109795214743723e-02
-1.792397576509959567e+00
-6.821223699218040837e-01
-9.635889583772384581e-01
3.047401644808553911e-01
-1.103895770380475955e-01
-2.730170531450583638e-01
-4.011311899417164262e-01
5.879640921853861446e-01
4.496391531578417533e-01
-3.908837974202569732e-01
-1.576053738632379186e+00
1.309313713748919417e-01
9.401100217996595232e-01
-1.234628619529695159e+00
-7.007259743569708155e-01
2.600004415872297359e-01
-1.070654669088721533e+00
-1.279270647245379644e+00
-3.589289293025880101e-05
2.764473567893144593e-02
6.041475711961107053e-02
8.415421605161487184e-01
-4.239181744620713621e-01
-8.991808261963462057e-01
1.482022368598960027e-01
1.384733443209497317e+00
-1.986958806292000723e+00
-1.160780114176782396e+00
-9.304616826030394083e-01
-2.500015507564407047e-01
1.348672342516263667e+00
-6.751172559698044306e-01
3.910534611694372470e-02
-1.218613866364362641e+00
5.515934183484576536e-01
-7.651869425339151709e-01
6.731058073249008844e-01
-5.360439390113925584e-04
8.518336843497744670e-01
7.903952570947279099e-01
5.475434972554090729e-01
-4.724774095054741219e-01
-3.960117654625688877e-01
1.354913338380298704e+00
-5.828348124427981669e-02
1.453182774503027075e-01
1.145449341091506090e+00
6.204763697438039904e-02
-3.778682811964549915e-01
3.444320696624262323e-01
2.577022381146181207e-01
3.214527566498801003e-01
-1.571488587315792662e+00
-2.396032361319006265e-01
-2.892835472373866956e-01
5.361437683042808988e-01
2.361916760787090563e+00
-1.826717539738035856e-01
-1.816318618357262826e+00
-1.427398840288189641e+00
-9.330821854681784489e-01
-1.590227659705927277e+00
-1.084801631447303905e+00
9.455264934728788706e-01
-1.300788970052917159e+00
-1.229899725657130238e+00
-5.939478948972262140e-01
-1.427220679654363167e+00
-1.621200095219055282e+00
1.671510086439282672e+00
-2.315271480442521845e+00
-3.672802338432621938e-01
2.724708223376272720e+00
7.728507093867951205e-01
-1.841065906579198996e-01
-5.544496504864468989e-01
-3.152347675474406752e-01
-8.326595472259294972e-01
2.696591408869318807e-01
1.366987010816550718e+00
-2.289990596536307099e-01
-2.951192538397100051e+00
1.324106638792573731e-01
-1.165298207933987085e+00
1.550598872739588741e+00
6.968321312129051037e-01
1.816309947665840363e-01
1.913744537919618016e-01
-8.942133820600532967e-01
-2.499516169123267850e-01
-1.578862824592242919e+00
1.702645590241483209e+00
-6.067889775410915121e-01
-8.048035159763532453e-01
4.330634145944240593e-02
4.927438410622705378e-01
-3.984094557040972484e-01
-1.585228745794702743e+00
1.921300669959815632e-01
-4.185159547435746141e-01
2.186463966850876961e+00
-1.389775001341244431e+00
1.523458722389867903e+00
1.974850412181242687e-01
-2.122375295659892358e-02
-3.686725014383538945e-01
1.288414928118380542e+00
-1.018336457904840620e+00
6.444308232855724405e-01
1.174541544731330545e+00
7.084694441674778131e-01
-3.008563294346200956e-01
1.263810715362883252e+00
2.396583455768124538e-01
-8.305864841895717332e-02
-4.980308603015303759e-01
-6.099764120884312302e-01
1.485976284126896196e+00
9.963743103369089582e-02
5.387648439788956800e-01
3.014315242220931834e-01
1.915755250145907418e+00
-4.522476210597222157e-01
-1.501172364685722682e+00
1.904188858650258387e-01
1.189640090884266588e+00
-5.595356169583288325e-02
1.030782308162994321e+00
-1.399219798471161402e+00
-9.329682423746785691e-01
-4.699412754126928715e-01
5.385665226859499138e-02
-6.583035945975738157e-01
-6.448268967019965547e-01
-3.805122334419772101e-01
7.332878554602274834e-02
-5.719825739842281376e-01
-1.555314870325966048e+00
5.848430938105684262e-01
2.852300479352373186e-01
-5.724886076074250374e-01
1.963536848909167298e-01
1.290398370107546766e+00
-3.877638703500512207e-01
2.324347592114707428e+00
-8.297636580403409123e-01
-1.099992068379689325e+00
7.606809297903301958e-01
8.230590963007801131e-01
1.077318310321937256e+00
-1.302748890166518514e+00
-1.227025885223739232e+00
-7.945817468728845201e-01
4.273465989900213646e-01
-1.224424768958931375e+00
1.035506947373554532e+00
3.931062758067888074e-02
5.257887345990777117e-01
1.786091769913041194e+00
1.033523257629678671e+00
-7.293542438554510010e-01
-2.190118444665510200e+00
-1.270383706688364311e+00
3.105186121551663514e-01
-1.162336332799476901e+00
6.258463741007981307e-01
-1.399099059181284910e-01
5.558298562719945490e-01
1.017848101344126954e+00
7.064153517652208558e-01
-1.944920429196816070e+00
2.694269541567697601e-01
1.059699506532657542e+00
-6.701758499799755908e-01
-4.703390850977380855e-01
2.635241919950900069e+00
-1.600860308249439035e+00
2.727494088200399860e-02
1.785841959018595881e-01
2.340844246225922964e-01
8.366483998590428239e-01
-7.136259812526896118e-01
7.291986871597598840e-01
-1.048997797379843222e+00
-1.820227676189615895e+00
-1.396974116932433896e+00
-3.168518609372721895e-01
2.421472847363146386e-01
8.830200235149162635e-01
-9.664016531975981872e-01
-9.213675356939989847e-01
6.142880297250274957e-01
3.945379068440467429e-02
-6.018952483839165035e-01
1.343513199404689828e+00
1.153257844835267054e+00
-5.279353234685193463e-01
-1.625322334746270858e-01
-4.880090389172487275e-01
-7.221268771131982289e-01
-6.860017192910538020e-01
-1.874928956526375479e-01
-2.434469614441312935e+00
3.220164604676961084e-01
1.545684253746681391e-01
-1.026119907429048128e+00
-7.088762669448933629e-02
1.684388005528910659e-01
1.735365793260762457e+00
2.154810733976404435e+00
2.585564839085003008e+00
2.941666757563802248e-01
2.396383190601835800e+00
-5.672016270558823958e-01
1.772516068842078019e+00
1.057806427082146339e+00
-1.544290211722431749e+00
1.470287921399086040e-01
4.209623829569701936e-01
5.268528086155421786e-01
-1.308794059609660332e+00
-1.371471007757109728e+00
-1.782971318732431643e+00
-1.602200531171595221e+00
-8.081600871330729685e-01
-3.691619238287375815e-01
-4.734927229172103957e-01
1.103849638568714653e+00
2.054437083671327269e+00
1.914859937989546124e+00
1.437865304416631629e+00
2.538284045045385184e+00
1.264934172823305447e+00
-4.958018667760905052e-01
-1.223367325427141328e+00
-1.870005261075827541e+00
-9.638243321994555135e-01
-1.538290302906225149e+00
-1.910352444764484847e+00
-5.442784561992278780e-01
-2.910371691798080418e-01
-1.093441098153768554e+00
-1.790330530473995818e-01
-1.450562319465809047e-02
-8.199564608043947711e-01
5.286929049452366858e-01
2.010008899186295495e-02
4.511727931577880768e-01
2.393181891123328686e+00
2.729173443261544652e+00
2.911186385149183931e+00
5.641593665353816789e-01
3.028726460970050383e-01
-1.257665481063138468e+00
-9.252227905252832230e-01
1.059664263642110527e-01
-7.974453839502058106e-01
-3.362865338702383244e-01
-4.413599689879565413e-01
7.789665885783098043e-01
-1.524339974432345479e-01
-8.176449755387995566e-01
-2.086794589058885929e+00
-1.056225886260660607e+00
-3.433829498799089386e+00
-2.504761086964429673e+00
1.167367897767690454e+00
-8.594146196782840308e-01
1.707636171657215041e+00
2.436279820684361219e+00
1.812366214491104799e+00
1.636313907329060680e+00
5.445540115492980560e-01
-2.346162451417740158e+00
-1.039677217048801339e+00
-1.734334908513873952e+00
-3.299963514849238999e-01
1.144303275295878164e-01
8.127583430087215177e-02
5.070799420239657795e-01
1.486364734251405695e+00
-1.377917034450542866e-01
-1.457064361500805871e+00
-9.263288660293304000e-01
5.696579531669427876e-01
-2.327755125916828316e+00
-1.076687946235765914e+00
1.177527605558830404e+00
2.335514792584846511e+00
-1.056910012618905270e+00
2.021709339189658117e+00
-2.999591993918093724e-01
2.064209701466304558e+00
-3.803673706719689074e-01
-2.036733371579100726e+00
-1.468783145540086599e+00
2.340128375445031939e-01
-1.804486359559430486e+00
-5.033200803129768142e-01
1.275264927511888580e+00
-2.313797889352554593e-01
-2.522614470220656546e-01
1.594225072752083250e+00
-1.479252926506184673e+00
-6.237581638174987120e-01
2.495747184340830760e-01
1.933600632604365099e+00
1.999855376176447042e+00
1.287436065182028688e+00
2.989917779630093975e+00
1.267895671571529714e+00
1.254192335299155525e+00
2.623186908192551847e-01
2.412911079824034688e-01
-1.958768229617462886e+00
-2.009050044228611664e+00
-3.810542424739812084e+00
-1.804710088304647408e+00
-2.273779026898526734e+00
-1.293009455357125415e+00
6.875843176427758330e-01
1.248594344105916354e-01
1.196167609354494843e+00
-8.694825629747504614e-01
1.563570930585218788e+00
-1.105395984130400855e+00
-1.380837476661357921e-01
1.002004135877198721e+00
1.374887214193055707e+00
-8.532913741024228393e-02
2.020847710106385975e+00
2.332121076664469772e+00
1.171294352955388085e+00
-1.450755778894805115e+00
-1.483928337100928641e+00
-3.175049846165845402e+00
-1.897730343725820612e+00
-2.127258120330051572e+00
-2.475019779570499345e+00
-2.054800842981642006e+00
-6.014597698016600491e-01
1.066719416078959259e+00
8.865224913360358894e-01
-7.757958013199978131e-01
8.061974046804279981e-01
-2.294718212223805509e-01
-7.700216982617553718e-01
-2.643274115881224517e-01
7.891855249858450438e-01
3.574544299052382357e-01
1.340112141342021612e+00
1.075970888829260952e+00
-3.273440935998226387e-01
2.868919779965570793e-01
-8.882484878330174638e-01
-1.732422444311396470e+00
-2.842406988067444296e+00
-1.132212334201159631e+00
-8.745118094191055569e-01
-6.428962580812265237e-01
1.052567246795803879e-01
4.604129895828953378e-01
1.116217733240505439e+00
1.386576028199096200e+00
-4.394258941285107967e-01
1.338933390921626110e+00
-2.506355786152870690e-01
2.243066328498387052e-01
3.476672699776814923e+00
7.896660823913755900e-01
1.997498731134155214e-01
1.738811392400216205e+00
9.025167662580988459e-01
3.244629703937970122e-01
-1.016835219117964373e+00
-4.019087319846395001e-01
-1.699169515913893092e+00
-9.642391056596649745e-01
-8.115275675117827880e-01
4.556609617240326426e-01
-3.770997684721476562e-01
4.711114556837954215e-01
1.198593460604135963e+00
1.075980695815269783e+00
1.862300448236425821e+00
2.756978645925669547e+00
-1.308510168123664386e+00
3.796241264791548886e-01
1.579337032258373963e+00
2.372192293375582128e+00
1.411329127803982786e+00
2.667117145453254512e+00
1.858463938371058610e+00
2.329799080350301588e-01
-3.635449960905293043e+00
-6.633361930741843437e-01
-1.319112551740993622e+00
-2.670555032441657595e+00
-8.192928335133834450e-01
1.610003005006215293e-01
1.149080256887837104e+00
3.225155358179104814e-01
-4.389506342233873148e-02
3.046431118439860253e+00
8.257140978811519094e-01
1.779632847290282038e+00
-2.257512915375140317e+00
7.874306340634250612e-01
7.195544307095923520e-01
-3.856360234104779794e-01
1.663453819773230702e-01
6.869432820834642239e-01
8.814086195868635620e-01
6.439602851630215063e-01
-2.714209469927115315e+00
1.821230290683095721e-01
-2.953392069450737623e-01
-1.634337868718031661e+00
-2.676110684451093569e+00
-1.045564225406270698e+00
2.329864353483572792e-01
1.286609915012270067e+00
1.020590299117327904e+00
1.748309026057028870e+00
2.436377468125767720e+00
1.204659983779059695e+00
9.641582502774007635e-01
5.721048097130757570e-01
9.827885063400091381e-01
1.446485785462865881e+00
1.777795950298048044e+00
5.057651427634198837e-01
-1.622185102161062265e-01
-9.324599693971535874e-01
-1.440359439358966931e+00
-1.184338104885521270e+00
-8.274692429923646841e-02
-4.014216952574166442e+00
-2.948197649990017766e+00
-3.670245344843242608e-01
7.070740755296589519e-02
2.274528744610360143e+00
6.663504613796655818e-02
2.106405151928308239e+00
4.699552582207758844e-01
2.038352906114981877e-02
7.266115844345018004e-01
6.787818050122912394e-01
-2.119559771949559135e+00
-1.457148279306548222e+00
-1.207582424806253329e-01
-1.415649415689045343e+00
7.821550185003007805e-01
9.196862652163159679e-02
7.264721719812060607e-01
-1.501448685967891938e+00
-9.777825202237622193e-01
-1.818369798089298328e+00
-1.711519532110979513e+00
-7.234362160323342117e-01
-1.426080352184846856e+00
1.403390896575176905e+00
1.465559079005775978e+00
4.529053957087469939e-03
2.882563528804764630e-01
9.451868140663221007e-01
-1.322045226169709542e+00
-1.101196689189142264e+00
-1.208924813278440702e+00
-8.483999747963039129e-01
2.579332074493380089e-01
2.090605502962918916e-01
1.264967026069739209e+00
-8.063800009799554358e-01
-6.866451605154049176e-01
-2.235296039707434179e+00
-3.778357098822537452e+00
-2.211469324809745451e+00
-7.048509429119814707e-01
2.314116668150404399e-01
1.330869453738160901e+00
7.222938279846926601e-01
2.900442952420538845e+00
1.621667953587336397e+00
1.297751463418389095e+00
-6.446025064999028054e-02
-1.203458413366250257e+00
-4.282019767702537338e-01
-4.842951981149206664e-01
-2.645638073139876312e+00
6.398384160353458583e-01
-1.270987868880605776e+00
-4.184023815123386753e-02
-1.593370672855385362e-01
-6.845753505414742257e-01
-1.799014888515323651e+00
-1.102908632181962112e+00
2.625072200705309555e-01
-8.646543913624744615e-01
-8.563088210946485646e-01
7.902284941652222283e-01
1.847592912524000486e+00
8.373620131836982949e-01
2.834473277822517012e+00
6.756840911568890995e-01
1.802620416538825987e-01
1.227890223380920576e+00
9.021551468913042715e-01
-2.308513186662679573e+00
-3.354143255948176527e-01
2.423109770126730123e-01
-4.002008118019918514e-01
-1.163768592221439580e+00
1.150853693347197559e+00
5.324196757935073521e-01
-7.815101498367911237e-01
-6.343981226851811428e-01
5.024484674014378927e-01
8.234215755942461135e-01
3.960242112328712927e-01
6.651920275742966293e-01
1.492724999132172048e+00
1.357685539585386181e+00
1.786561766593968148e+00
-3.717762452711008692e-01
1.207730946222883794e+00
2.081150667291358225e+00
1.376922146422603799e+00
-1.368501139472408257e+00
-1.826706794628371711e+00
-1.035391562768008811e-01
-2.436194583677925074e+00
1.176597190752186606e-01
1.313761691149477606e-01
-3.043874299188384369e-01
-2.242843151870789420e+00
-4.773114054067276180e-01
-2.405386670460234910e+00
-1.189131586707322885e+00
-7.166796399833502695e-02
-1.208933083488427762e+00
-1.453881552676960620e+00
1.797157147365435526e+00
1.941705278969813264e+00
2.403028273553379890e+00
1.098102273254196737e+00
2.699152840059667047e-01
-2.120309362914759577e-01
-2.138479221025850308e+00
-1.518109157057871084e+00
-2.008427646911860265e+00
-1.065196255484525345e+00
-5.332517658371886959e-01
-1.505760297823959704e+00
2.233058662966543595e-01
7.455137778373197577e-01
1.518916155509459243e+00
-4.403811167191181708e-01
-8.452222636690337465e-01
6.637093512768741377e-01
-7.946852719136175969e-01
8.782140040020640637e-01
1.778030277347200983e+00
1.264901920915456612e+00
2.467221075078690262e+00
4.280516622154122430e-01
2.432672537600875540e+00
-7.103269570255426046e-01
-1.657584174946663991e+00
-2.499922492189725620e-01
-3.333224762723246748e+00
-1.376920697774837166e+00
-3.008491939709474483e-01
-4.081527584850692114e-01
8.290984553786590050e-01
-2.986184612328827148e-01
1.682771967811447000e+00
1.962503729510653994e-01
1.960362086845078178e+00
-1.826452028217820267e+00
3.403160248198859872e-01
2.197906599353280921e-01
9.741692822569097965e-01
1.481200059321556406e+00
1.142683542990627688e+00
6.023871452721034636e-01
-8.735693238767737734e-01
5.773183538203557896e-02
-1.873654181813759756e+00
-2.784914137468604611e+00
-1.688903653381707892e+00
-1.121584691775548537e+00
5.291739641381859593e-01
5.042526810440506324e-01
9.494870142027873605e-01
-1.274431931053320532e+00
-9.363615216806134844e-01
-5.538046300923525900e-01
-7.955225091099841217e-01
3.869505919419852780e-01
-8.718454427644006799e-01
-3.991489746669613092e-01
1.773138291908180175e+00
2.712736938846730395e-01
3.952490328517894724e-01
1.750586497975441969e+00
2.207721521914630003e+00
5.876071363257229230e-01
-8.531973598927241609e-01
-2.689055406876653009e+00
-1.148162536578957393e+00
-1.448394704249913456e+00
-8.641886114201554614e-01
1.128147076367826407e-01
1.297968063690145835e+00
7.150509116397296694e-01
3.838447577000875022e+00
1.708045464954378367e+00
9.964328991590487572e-01
-1.022357541704637385e-01
2.840721672686604915e+00
-4.234544018706191126e-01
-7.720822699428186997e-01
6.667404650701330704e-01
1.006207727688717357e+00
9.596928102759226809e-01
1.248584422463354660e+00
1.821994965038069569e+00
-1.269887493677117840e+00
-1.258325897187570153e+00
-2.072108415220190736e+00
-2.366264407754105292e+00
-1.710050172421033299e+00
-8.544126561499942873e-01
-1.486899175792157912e-01
1.119039784130171356e+00
2.760476968000547870e+00
2.355038276401398178e+00
4.804790051566929510e-01
-5.246919899124523612e-01
1.665138924778595708e+00
1.458303409014062746e+00
5.126906342586190490e-01
7.461287483853712432e-01
-6.253058543384748535e-01
4.070471934985897544e-02
-2.178861751347345166e-01
-4.973728427792177831e-01
6.252434997708866682e-02
-6.006679104125074442e-01
-2.381901228202996101e-01
-1.211899053194773757e-01
-2.932744841025253901e+00
-1.978621829346628447e+00
2.252641010328778393e+00
6.514996952827216692e-01
1.738922082224675592e+00
1.286248295265427943e+00
2.230597898102880450e+00
-2.478244063718521017e-02
-4.648303755654760727e-01
1.596476870163232809e+00
-9.980495107945317468e-01
1.445362036796117300e+00
7.666405887886020842e-01
6.787981476559437066e-01
3.571447524263733353e-01
1.022951787158079995e+00
-5.317262017945574293e-01
-3.060098623141271901e-02
-1.792270034448784743e+00
-1.719462178510569927e+00
-8.686264642061614083e-02
9.385694427205748536e-01
-1.084691138428941271e+00
1.311049695486659727e+00
3.709901719464800074e+00
9.148697049233941447e-01
1.615094811150934895e+00
3.748628689180585338e-01
5.176100891684032312e-01
-1.838651254473912644e+00
8.176655804871260091e-01
-7.009177811482760756e-01
1.116896635019189565e+00
-1.853128140107806132e+00
1.794243811801368382e+00
4.880824610120494400e-01
-1.181291681627840484e+00
-2.213426829707987764e+00
-1.676179298291635922e+00
-2.609397738092520846e+00
-2.076064924862039085e+00
-1.494905377787040246e+00
1.110016450925039866e-01
7.189382534504556999e-01
4.599168907265861250e+00
1.354776535698645423e+00
1.271724210350959616e+00
1.578220752204063659e-01
-1.784162490882131857e-01
-6.630465872454497367e-01
-1.112966376470100549e+00
-5.128565014472280525e-01
-2.061144039045560206e+00
1.555523475461520144e+00
1.173038074737228431e+00
-2.411869237072560290e-01
-7.459972198122222231e-01
-3.259443167391407492e+00
-2.010348760656230915e+00
-1.623739837767822047e+00
-1.605252724982143331e+00
-2.342051587356866360e+00
8.532154263841968955e-01
2.668366895301657049e-01
1.572794891404093898e+00
1.915881262339822699e+00
9.379241969495168973e-01
1.096923795452995343e+00
4.419480195936137945e-01
1.124725406835992647e+00
2.646056985177692722e-01
4.802823070419227625e-01
-1.927724018449112897e+00
1.363119055070796559e+00
1.636225151742380479e+00
-4.633786117834990392e-01
3.013554907164502916e-01
-1.682821431136892310e+00
-7.224098112500412228e-01
-1.514597444336527321e+00
4.750274668756366836e-01
1.376836316349572265e+00
-8.858020998142701607e-02
1.576279181835542165e+00
9.567711184515783618e-01
2.419076868915839285e+00
7.009358987273877073e-01
-3.523146453696389679e-01
1.061402006306002566e+00
-1.199425095917487027e+00
1.127175080518116879e-01
-1.191987268978447201e+00
-3.855815789496460644e-01
-3.558148063545228390e-01
-8.953714204910522279e-01
6.033336498632795308e-01
-9.951151020977549999e-01
6.462248517147068938e-01
-8.929017414964575128e-01
-2.854317089447949485e+00
-4.521170745688288251e-01
-9.781009280921992843e-01
7.016093753128791466e-01
2.570676582861515236e+00
6.835440415617761722e-01
1.858246607296903719e+00
3.423304445196148293e+00
1.015109196468520381e+00
-1.616721105059877761e+00
-8.087836881676409018e-01
-9.846162952097750054e-01
-1.240245772972516924e+00
-1.005238454531501180e+00
3.753281445845013664e-02
1.112455431408281292e+00
-8.390214710653087771e-01
-5.495711896834669374e-03
-8.712068956068541592e-01
2.682305191953039403e-01
-1.041846939547240058e+00
-9.578294770305253447e-01
2.020377074600947509e-01
1.242486926528904245e+00
5.864070024534092651e-01
1.122090992277366750e+00
2.080349351038987216e+00
2.628663612762283108e-01
1.387748403017351695e+00
1.742566113861010457e-01
-3.277360479169959984e+00
1.330044772293063948e+00
-2.631958761326846918e+00
-1.061518750796101251e+00
-5.568183025200229563e-01
-5.109896666647790742e-01
-4.801256210692365078e-01
7.524907219771419520e-01
7.549288642226413826e-01
-4.769603950553025773e-01
-1.075795815231579633e+00
-1.995143742256780262e-01
9.584855655871934443e-01
-3.169215278115100620e-01
1.511541377796516761e+00
7.675088907761251633e-02
5.945278650809011634e-01
-1.077153299036604395e+00
8.101857627409692064e-01
1.459059345596969148e-01
2.755364664402429886e-01
-1.196137922911101326e+00
-1.797645545889423380e+00
-1.909322287648838934e+00
-1.097397918900460123e+00
-4.802729007276332895e-01
2.208497983966474010e+00
-8.773679806369505396e-01
2.356292180889472399e-01
-6.735880507014420093e-01
-3.395810303434083910e-02
-5.318455891851683326e-01
1.288160666587939929e+00
5.161825362500405134e-01
1.708483682533133985e-01
1.729878268279188891e+00
2.298774779793776979e+00
1.156614756772535113e+00
2.657250849255505809e+00
-5.473945903812107439e-01
-2.181663241214002902e+00
-9.907437044406226523e-01
-1.923920031402718278e+00
-2.034668674922546661e+00
-1.441325158475629253e+00
-9.817531931361385134e-01
3.638529954384585319e-02
1.471365586821208549e+00
1.106947194657275091e+00
-2.452689188833730993e-01
-6.206632913188082634e-01
2.578431472706333438e-01
4.983149519348063494e-01
2.221039765460254833e-01
1.716909124001104514e+00
9.591172848623480407e-01
5.176012314733302588e-01
2.447269320569393614e+00
1.801925104714999115e+00
1.854611463619534328e-01
-1.812557490039763852e+00
-3.149512478982564367e+00
-3.907112733081303801e-01
-1.316719040811850761e+00
-1.546131479676609244e+00
-6.083805484607517355e-01
4.094036823087451316e-01
1.043689755720830892e+00
-3.980887605715783817e-01
6.967045296527234477e-01
3.587233316569837793e-01
-2.980328497675347466e-01
-6.127202318638882428e-01
6.610828054030343237e-02
-1.000486341853156769e-01
1.192791522556470474e+00
2.043976021311741942e+00
4.798104377814539356e-01
-3.525072167859759631e-01
-1.354051817227192034e-02
5.959288482630271666e-01
-3.502404732692949274e+00
-2.562774393553502783e+00
-8.623051469468598906e-01
6.054877188220113560e-01
-2.144811662273945707e+00
-3.302372213425530667e-02
2.163252749545712117e+00
9.362594180614844941e-01
2.609126302335100789e+00
1.721931907969188380e+00
3.894095503544409143e-02
-2.710917570245595654e-01
-3.550765116968767621e-01
-1.245242241477740319e-01
1.443103439494041851e+00
3.114621037314904695e-01
1.508201120332802070e+00
1.920803489407898246e+00
7.505064505076546322e-01
-2.041944795408217050e+00
8.026039684516527162e-01
8.986490394848426488e-01
2.987618069935690096e-02
2.160028595808576868e-01
2.112091191167455306e-01
-1.624848533361566760e+00
-2.068397683731672210e+00
8.527354075475154227e-01
-1.676512113461075648e+00
-3.793040025844522378e-01
-4.014253704750795348e-01
-1.818298625193778828e-01
-1.655631440996868875e+00
-6.611777293632074004e-01
-5.585487148942017699e-01
1.758617557387463171e+00
7.576673850641314489e-01
-1.250310058690961457e+00
-1.071013592741896447e+00
-1.550926181049921970e+00
1.349157854037900395e-01
-1.295327603787420401e+00
2.045788159411691121e-01
6.962442358890118532e-01
1.382699938266275019e+00
4.284380354876872743e-01
-4.905189531998582764e-01
-4.112906717702861925e-03
-1.130369862849043727e+00
-9.360852388499903143e-02
-1.063232355224642323e+00
-5.994297257829424019e-01
-9.721507721218276554e-01
9.830966542375002559e-01
-9.355241166763540450e-01
-4.019946616371843917e-01
-2.615116429875735671e-01
1.203366925735037229e+00
-1.160676594442790144e+00
-3.335578668917713041e-01
5.699718145734420371e-01
2.236519834155018316e+00
8.160191236519003244e-01
-6.083074147752222105e-01
-1.302393174350076066e+00
-3.794537546283110463e-01
6.301696291896492497e-01
3.334631655918772197e-01
1.486840181344452283e+00
-9.917074491310864381e-01
5.756706975765173845e-02
3.542378820222419344e-01
-9.044742955293546549e-01
3.404089454110964530e-02
6.212279941248017856e-01
-1.186586892420324224e+00
-7.251680414700760746e-01
-5.315379987033036491e-01
-3.351406015598196175e-01
-4.308981468961310957e-01
-2.072259565284524818e+00
2.308004782847715486e+00
-3.878530328895143930e-01
8.720575146020828061e-01
-5.467404865585925311e-01
2.356966960602789873e-01
-5.101887838314392853e-01
5.619727487837409274e-01
-1.645279740423813530e+00
-6.261742157051877200e-01
3.116963408745813124e-01
-5.642232482352886880e-01
-2.019197397334477007e+00
1.722711683121828985e+00
-6.758369756597777389e-01
-4.946402118090641453e-01
2.719898178497754948e-01
3.761001774966129529e-01
1.513265125213351381e-01
-1.036688136094471746e+00
2.060370078604857325e-01
-2.004144092326786364e+00
-1.504190950881376887e+00
-1.371598146228352855e+00
-7.333869542623751014e-01
-3.548815639294380930e-01
1.838545873368192751e+00
-4.347569637316573976e-01
1.095153522564565662e+00
3.376691119165304428e-02
8.683551422220396609e-02
-3.359444854121060864e-01
2.586954316746156168e-01
-3.407483019637707611e-01
1.781302318462622436e+00
1.089265043528598431e+00
-1.048681400428085997e+00
-6.687293081376072257e-01
6.078423989746967182e-02
2.028310739838027565e+00
4.478843499396836236e-01
-6.115160732457965986e-01
1.534776359673840851e+00
-7.639969155486682484e-02
8.106190206366474804e-01
-1.902830655938406501e+00
2.914178312991069775e-01
-8.466995850044827243e-01
-1.287638778480417745e+00
1.323090421379798043e+00
-4.054384021837882934e-01
-2.820083885663287049e-01
1.185000635381846745e+00
9.479502620351734077e-01
1.197380998452902467e+00
-6.390437617171091933e-01
-2.207271811113299953e-01
-1.158657279687954844e+00
-2.142534442400391814e+00
1.359400152982587207e+00
3.307091705334052056e-01
-1.272358141230917061e+00
-2.149095375817026143e-01
9.932490031533618424e-01
1.280257644923971982e+00
-3.503114170134217775e-01
3.667028841638808045e-01
-6.536905669750393555e-01
-1.521064776233996829e+00
-1.792150186227820241e-01
6.199596782555898411e-01
2.899000380913601682e-01
1.859855740355365272e+00
-1.007181991770576657e+00
1.508945201940627312e+00
-6.539739433159713622e-01
-5.649413258327462550e-01
-2.146523433369128542e-01
1.635596019485470842e+00
-1.029362894424426855e+00
1.473900688691826666e+00
4.357979462694387962e-01
-3.121598829904655426e-01
1.400071982843744123e-01
1.978690795449735917e+00
-1.863435747148972421e+00
9.415650620528449172e-03
8.420398748302643233e-01
-1.861707213806835792e+00
1.968334092691136572e+00
6.071615422973605236e-01
9.896939385268274103e-01
-1.289954929148694474e+00
-1.017949193627438520e+00
-5.334545047869960754e-01
3.377091064660040498e-01
8.303939685613057065e-02
-1.457019838225152020e-01
-9.517344797187748950e-01
1.137071052380621117e+00
-1.144396219682107807e+00
-8.025368120961527962e-01
7.394385497297581988e-01
2.360009065352527136e-01
-1.232501092831835177e+00
4.879853856266145318e-01
-1.202333647307327169e+00
1.903172017800177362e-01
-9.076485133341906097e-01
-5.540545840936467181e-01
-6.819604761882965827e-01
8.392675646106068088e-01
-3.754140653833732966e-01
4.973053124898926258e-01
-6.599398166217639305e-01
-4.596169696626442036e-01
-1.008546648982558747e+00
1.347864090875766918e-01
4.068953317700563233e-01
1.700404866776714652e+00
-3.567192954963295248e-01
5.396205543225499612e-01
6.336156365791578704e-01
-2.671030872805733088e-03
-6.233544428145388894e-01
-6.914241990328606757e-01
3.357284733006193345e-01
5.684764324603235330e-01
7.123323134679038215e-01
-4.346162500419600283e-01
8.114169165252672900e-02
-1.945810622114003963e-01
-1.587850820787596040e-01
-3.434738218560944856e-01
3.416065910712956510e-01
-1.771506568069298293e+00
1.141091724868420476e+00
1.316303069076350862e+00
-1.555284322599473357e-01
9.796945751984748041e-01
1.548339432830403872e+00
1.773888071893724883e+00
1.403089016294926383e-01
6.906840301273389215e-01
1.984235071566014197e+00
1.295228387150583860e+00
-1.281121497738598292e+00
8.743080315619730092e-01
1.063158193709319965e+00
-9.752266251033737954e-02
1.850470268983684108e-01
-1.212347278881343637e+00
7.568921168049447257e-01
1.528254608771785872e+00
-7.355787533426538793e-01
3.217935235375624092e-02
1.044198335452994231e+00
-1.374313711194522725e+00
-5.349163056557899587e-01
1.411028171052208346e+00
-8.378294837879850521e-01
7.212767736327393431e-01
-1.168737484091175172e-01
-4.721680302655842376e-02
-8.707464230988737341e-02
-1.582455038313360096e-01
1.439671778277103797e+00
2.159519491508903322e+00
-5.531538911039191042e-01
-2.576116092069791641e+00
-1.085952597306721001e+00
1.689409655453722570e+00
4.270093484127380212e-01
2.120648534089570880e-01
-7.756361983527669535e-02
1.706106819289036292e+00
1.075970484737985705e-01
2.113734128055720696e+00
-2.107564861819665847e+00
-8.693277053386178066e-01
-2.467258019880786413e-01
-2.915308762018860300e-02
-1.848133452666164134e+00
-9.792252217316205209e-01
-1.100542295059280945e-01
-7.088116580624554963e-01
1.173822732004246028e+00
-3.482809166101947795e-01
-1.047063032817509898e+00
1.662775614491302845e+00
8.986087314596306053e-01
-7.520475691435760113e-02
8.263907541117120337e-01
4.149139453030318281e-01
1.247198981710890608e+00
1.511978786638304428e-01
9.165423774875035567e-01
-1.041067865559410555e+00
2.599969779780912302e-02
-2.028183243421425974e+00
1.753126836437381764e+00
1.152424519560557026e-01
-7.958198266411312671e-01
-2.202528124672953058e-01
-3.668381738672712999e-01
-1.961376037602454436e-01
-6.380491948772946120e-01
-2.072973047707979077e+00
-2.505379670569298778e-01
-4.636944983164302814e-01
-4.340716472589979946e-01
8.856866056079535365e-01
-4.848447076040933168e-01
-1.601440072898160594e+00
9.960529393547384869e-02
-8.332921946865112783e-01
2.655474527072051449e-01
2.859383681726898052e-01
5.308685625264197849e-01
-1.361301048806899394e-01
1.624783944603173769e+00
5.882023194846823788e-01
2.734602432398516303e-01
-3.529824549842878745e-01
-5.556303296869142816e-01
-9.291009936015783843e-01
5.990275975695441568e-01
-1.200824372299374332e+00
-1.208412562919167765e+00
9.503511520754996944e-01
-2.120904832236313563e-03
-4.460808313273377235e-01
-5.757276480109764227e-01
-4.096458831481814000e-01
-1.109996961854699205e+00
-5.977471538843189824e-01
-8.032258587194649468e-01
-1.571551816209376951e-01
-4.233617467196638257e-02
2.550753751304774553e-01
-1.963212271298538925e+00
8.468542170307900019e-01
-1.347536996964792344e+00
-1.381229061561515925e+00
3.234509959354076591e-01
2.182965479030075651e-01
-4.454675493060461511e-01
1.104886407547326144e+00
5.181138491915183719e-01
-6.558107748505916622e-03
-1.258362516668276143e+00
1.565009723420111576e-01
-2.094817039206255505e+00
1.509010901792112909e-04
-1.023537146778313867e+00
2.446154140612144812e-01
3.999175943142654899e-01
-1.958560634960152536e+00
7.071059565193743568e-01
6.188513780692794092e-02
-5.444291281257788162e-01
6.455466951846781098e-01
-1.287741181782109390e+00
-8.653945135666105681e-01
-7.019722317877437057e-01
3.125178655187892840e+00
1.687611672126434481e+00
-6.531632698175402485e-01
-7.640685441291978908e-01
-1.280244764895666076e+00
1.067038793669674801e+00
-9.223142457667825589e-01
-3.306742904205169920e-01
-7.537633567584336447e-01
-2.467836746468181075e-01
1.374569253386118683e+00
-1.293389139212440808e+00
8.520350842798800617e-01
3.154833119536691877e-01
7.439806503812702587e-01
1.967790862101264082e+00
1.109679609992707539e+00
9.359601626771528460e-02
-8.587800497416497869e-01
-1.531664376479120737e-01
8.991238294028374156e-01
1.050458428139279254e+00
7.642300361336775705e-01
1.260509992611070995e+00
2.066595281569984233e-01
1.060311291967310637e-01
-1.966327898553072107e+00
-2.543534440510109018e-01
-3.331162651317592371e-01
3.517983580394445364e-01
5.582671514685975112e-01
1.307835138586938561e-01
-5.763409865727233683e-01
-1.310424743249679613e+00
-5.180306310081473908e-01
-2.323149643332592662e-01
7.375227874241413462e-02
-8.089776834142068385e-01
-1.166096879133776687e+00
3.399696580133541035e-01
2.233135724546712331e-01
-1.029753316705746435e+00
-1.084185107230144274e+00
3.739587514583644218e-02
-8.788590953876201928e-01
-7.446574903617636521e-01
-1.452649962076408174e+00
1.321752416617371306e+00
-2.044506188376355560e+00
2.902675317485925444e-01
-1.231210039123100231e+00
2.739040183838820086e-01
1.200675981040228713e-01
-6.110381677445103632e-01
-1.640245244358015109e+00
5.326709051257891847e-01
9.145778518167770876e-01
1.067763374420767075e+00
5.014688094270917107e-01
1.001114660409895052e+00
-1.990928111226628827e+00
2.176942143204999569e-01
-2.735657553354746696e-01
-5.419413149489699100e-01
-9.642288144663254679e-01
-2.516070226670584775e-01
2.376543233678508393e+00
2.096031237189758922e+00
-9.343668936458672525e-02
-1.209254298532955518e+00
-1.767355151516403211e+00
6.416623412756408129e-01
-5.911227992401286296e-02
-1.032557042097442368e+00
1.466723735536575035e-01
2.673298632472350667e-01
1.802193196287761312e+00
-2.309539312613515971e+00
6.116794667883727055e-01
-2.922041039246490723e-01
8.515700696331015562e-01
1.720887871050916507e-01
3.976799317359214214e-01
1.022034542209256491e+00
-1.047367059996665350e+00
7.079219099038891461e-02
-4.557942630265738870e-01
2.042881095607592012e+00
2.259527199380644558e-01
-2.153286252655924216e+00
-1.157449319097110685e+00
4.333105240773336142e-01
4.291508839566743339e-01
-6.053168213951244381e-01
-1.079679978202254809e+00
6.268622414772043738e-01
1.178792951929635624e+00
1.020655170158069280e+00
1.731059496278473331e+00
1.095110411703347664e+00
-3.110099444278647263e-01
-2.069559475207812138e+00
2.193054877876306208e-01
-1.672512535760696695e+00
-3.958880899371462481e-01
9.518123918763965810e-03
-3.629708227150586775e-02
-2.236858555459471543e+00
-1.221088392252922983e+00
1.149089343446459521e+00
-7.827615851645537415e-01
9.599904100218706882e-01
6.004795424086674105e-01
1.538228322637710255e+00
-8.125675416968295428e-01
4.197176995916765962e-01
-2.707824806356589065e-01
2.482890702948616912e+00
-9.597167228866990696e-01
7.432170703293632386e-01
-5.049679155785840035e-01
8.325341108802842838e-01
-7.867911233396774895e-01
-1.137262306830390118e-01
-5.833829403756632948e-01
-2.137344475007564082e+00
4.348098749524261231e-01
2.064718428465909028e+00
-1.586681029848630853e-01
-1.716659498765934044e+00
-5.092939411294095803e-02
1.446762784721058182e-01
-6.028993662165611500e-01
1.004468040279959062e+00
6.050706899552670270e-01
3.871017982523816126e-01
-4.691558163192522390e-01
1.511554439353433921e+00
-2.342378846613696552e+00
-7.329807368534969614e-01
7.934040225557048576e-01
-1.559753471833423388e+00
-1.468443705641448105e+00
1.387598173929506906e+00
-3.961383773391884966e-01
1.181326095498432815e-01
6.534802059720144773e-02
-1.267319699561896718e+00
3.080536839550678252e-01
-6.500379829902344087e-01
2.469458804203907842e-01
1.815079744900125025e+00
5.207799771261605315e-01
-1.436002067632647039e+00
1.386273416535435565e+00
-1.109277431758213472e+00
1.318567181951921130e+00
-1.750936886676061621e-01
-1.112520867223764087e+00
-4.427459716535737250e-02
1.475111551324790549e+00
-9.096700399499145773e-01
3.807786017744158730e-02
-1.686411253190145176e+00
-6.656296244754342784e-01
1.083512650390922261e+00
-4.151278125478802816e-01
-1.485584134681951385e+00
8.526594761929227051e-01
-3.245781454980189440e-01
-2.223500805279720605e-01
5.268025327270507985e-01
1.263153963008261327e+00
1.208483862681788867e+00
2.893339350669879573e-01
1.228112786421874159e+00
1.302085227860461769e+00
5.243397534907136975e-02
-1.116184642379078218e+00
4.897692045739072131e-01
-1.348999969871057303e+00
-1.038925012243159696e+00
-7.591945835057314351e-01
-1.131213805903049791e-01
-1.598089277503519368e+00
-5.955226502440353897e-01
-2.138363406987382476e+00
3.187030523550308025e+00
-3.644105576780151678e-01
-3.151401994551845942e-02
3.932405807004835108e-01
1.312964149544933345e+00
3.186558957655420965e-01
-1.714946371509649348e+00
-9.012935714235642548e-01
2.024596302698200845e-01
-5.870194404865036741e-02
-1.814937613940782235e+00
-7.015440898690461502e-01
-3.498612261475216867e-01
1.706733623706215841e-01
-2.858343284925423666e-01
-9.075056102037747374e-01
1.000726497243752844e+00
-1.351026569764436136e+00
-4.804252811135454881e-01
7.452883898959840325e-02
4.784201915060933286e-01
-1.462035589499162125e+00
1.552419251968092107e-01
4.675433395978821904e-01
-6.208467938282334897e-01
-5.617377581506458606e-01
8.884786832586070160e-01
-4.061001014460636771e-01
-7.464302276575503214e-02
5.621864987441251849e-01
-6.320719179377805030e-01
1.758644172722101606e+00
-8.944471739367026997e-02
-1.116453901183058345e-01
1.780807100350743077e-01
-8.618589335297875964e-01
1.351548096202469518e+00
-1.627433626964148949e+00
8.786665509301241350e-01
-2.007917696965840992e+00
-2.554166101247603571e-01
-7.080961863052270822e-01
2.103344982452408363e-01
-1.624720538084061472e+00
2.264131001448858593e-01
1.401121264283744158e-02
1.597161882166386659e+00
-1.504100216625256781e-01
2.771389129131571205e-01
1.440736924271742270e+00
-7.932664869321612855e-01
1.068329045591530857e+00
7.410833312124122385e-02
-1.402674079625423897e-01
3.117952324479804083e-01
2.501395742323019311e-01
-7.822791663937326279e-01
1.668763542254710019e+00
-5.800870322360177633e-01
-2.098140472359877606e-01
-2.248627412521973096e-02
1.769290982622543584e+00
-1.095756729177369104e+00
1.884511347770410516e+00
-6.217141423095546848e-01
-9.731177809830627856e-01
6.446474405284301490e-01
1.332969915425994550e-02
3.207019254964605937e-01
-5.763539037218670114e-01
4.226376916606855438e-01
-1.195580215979302086e+00
-4.498811590627715407e-01
7.089209872067568918e-01
-1.711904686725432279e-01
-2.414793762368780128e-01
-1.868229517124218586e-01
-6.488276841997210331e-01
-6.538295709044532611e-01
-3.151144188035026050e-01
4.763727839337157932e-01
-2.971644471323081627e-01
-2.834779641534713179e-01
-9.963147692906390018e-01
-8.361702591169503096e-01
4.918234287130029414e-01
7.481412968722712664e-01
1.137484423701880631e+00
7.115586851794183376e-01
1.790198817835225054e+00
2.727987809289144305e+00
1.821079040821668604e+00
1.054808417335993287e+00
2.013741619438887298e+00
3.078343438873675231e-01
4.263876417991211420e-01
-5.226904982549986922e-01
-2.403878041919019548e+00
-2.505322996196134966e+00
-9.733437745234254646e-01
-1.235660024212847485e+00
-6.259301352656233552e-01
1.944663353958773877e+00
8.087078733150925292e-01
2.331070215629115872e+00
1.239082319516652930e+00
1.167224357085518971e-01
7.705865513632123021e-01
1.273546129742515021e+00
-4.391142358882654806e-02
-1.507975007097155373e-01
-4.351058378802071247e-01
3.675398184383968925e-01
6.382266802725178323e-01
-4.219134360634543834e-01
-8.607298661279302321e-01
-4.562321964282003983e-01
-3.431791003209648805e-01
-2.052710770917724470e-01
2.532016714511739153e+00
3.729431533533976162e-01
8.320463029191454973e-02
3.310070155894129784e-01
-4.410997673990407764e-01
-1.276638042910072102e-02
1.319752091208327593e+00
2.111782377206215866e+00
6.924407602863271727e-01
1.159670419585544066e+00
8.986189781371731744e-01
-3.059012187757356838e+00
-2.443533077301959011e+00
-2.314871459811041809e+00
-1.722449824235467775e+00
-1.614614217899815740e+00
3.385093215186074644e-02
4.658703302672080881e-01
2.718735042277699021e-01
1.370953379893589785e+00
9.417876779339106053e-01
2.666557513998887963e+00
7.322580010547261598e-01
1.659924255951575889e-01
-1.624664868149253927e+00
-4.914937454401272499e-01
-2.027119955071356117e+00
-2.616041341421423638e+00
-1.691139054573442158e+00
-1.745638470836331724e+00
-3.503350778967745938e-01
-7.235612003486259214e-01
6.151231094572573443e-01
2.008344385622344852e+00
2.453980648944941834e+00
1.970307885566049411e-01
-2.713468272709529394e-02
3.912809445994754332e-01
-1.349274788475276265e+00
-2.096653043922499737e+00
-1.541857284732153444e+00
4.300887281642888915e-01
-5.827790120992581979e-01
-1.646127057619704903e+00
3.429696711132070863e-01
4.930330189564113286e-01
-5.387677449968605314e-01
8.384271699881906681e-01
-1.661122876388184677e-01
-1.046160272862677543e+00
2.120160202503937441e+00
-5.873006686239410357e-01
-1.182281352770473276e-01
-1.173006923693882708e+00
-1.257798002263058823e+00
-3.989303651272105844e-01
9.554124292832484322e-01
2.168183844502679647e-01
1.105915229818138945e+00
-2.200741448024245983e-01
-1.399464378995990965e-01
-1.200017192148733924e+00
-5.483055552272360078e-01
-8.387137075277075748e-01
-1.558784688314966527e+00
-2.202855584240390296e+00
1.002922509185739663e+00
9.166696649556600462e-01
1.604615950350160469e+00
2.286707647155052925e+00
1.492295828298188187e+00
1.251230952381990447e+00
3.803755438034051028e-01
4.523353066992996663e-02
-1.704950843758511247e+00
-1.628506059189392063e+00
-1.839071072043662491e+00
-1.329211438219321417e+00
-2.717614193912996523e+00
-7.551956433750355302e-01
-5.138265780382622605e-01
2.380788068518468581e+00
2.881569613808289354e+00
1.200024521723473292e+00
1.095725519434913142e+00
3.684530305247811777e-01
-4.366673064174169117e-01
-9.457916379598672041e-01
-1.498029725084647490e+00
-1.890797209789611300e+00
-3.251133143960499794e+00
-1.220951750424873694e+00
-3.936123898798785659e-01
4.209996826628592537e-03
-2.507230446067298946e-01
-3.223061641282012335e-01
4.283065157413004087e-01
-2.890229992324426789e-01
5.112339226072626364e-01
-1.376225049135096024e+00
-4.123115210188266211e-02
3.372274209946224399e-02
3.974069750097051212e-01
2.664416369775784998e-01
-4.154181679543297312e-01
4.128243693496245204e-01
-9.164795447706577947e-02
3.943817382175693331e-02
1.749800573649281099e-01
1.913239892388542973e+00
-1.002667419430098295e-01
1.837440518705583337e+00
-2.113430742689224318e-01
-7.822723047247055472e-01
-1.077646645181660645e+00
5.971917707048848278e-01
1.827796682573170628e+00
6.598021421329303138e-01
9.219676671031458159e-01
6.565330489999073871e-01
1.121471975797266651e+00
6.451446704149327305e-01
2.576578181352230379e-01
-4.863229817917493758e-01
-4.450370994688789272e-01
-1.608327298755889645e+00
-4.109445857605109609e-01
-1.863955730175776537e+00
-1.650448330667719121e+00
1.220468957083742811e+00
1.469724420713629520e-01
2.632930324169566738e-01
2.141889975764903475e+00
9.965216988115828123e-01
1.824369096975794635e+00
-1.281669332214584012e+00
-4.969312731869124367e-01
-2.437130564265571397e+00
-1.723298180612340857e+00
-1.748274349581688147e+00
-3.796225551744272231e-01
-1.022159756887244253e+00
-1.708623039257199938e+00
-1.291331589242090239e+00
8.145000998092255529e-02
1.410770673341227743e+00
2.162029646574473496e+00
-2.301831863637526787e-02
-1.515750675146969595e-01
-1.274965064139250703e+00
-9.738538648680447052e-01
-1.304117497069231968e+00
-1.787330408048356745e+00
-2.133109677045355923e+00
-1.480592753241841031e+00
-6.315648741942587741e-01
-9.839739771299871318e-02
6.336376503517979764e-01
1.826252389241723728e-01
-1.075464921902830717e+00
1.427663351313667839e+00
-1.023296315468149587e-01
-1.286532433258858354e+00
7.275830171952000214e-01
-1.047029737297383134e+00
1.230787819651456783e+00
4.244750619250974299e-01
1.755390848674948101e-02
-2.761234642606553158e-01
-1.229205492656567866e+00
-2.025798382122777852e+00
-1.021808738455871168e+00
-5.302556659902002423e-01
-1.455474606331454757e+00
-1.184345550779079659e+00
-1.990010581840454762e+00
-2.203488746378305940e+00
4.666017555247525816e-02
7.585112357930289262e-01
1.891742613102394888e+00
1.594753634010640742e+00
2.663484525561405913e+00
6.576743651245586797e-01
1.852851515935075133e+00
-7.181825525367785401e-02
-1.285050189184928637e+00
-1.064145522321875648e+00
-2.470401427588345911e+00
-2.268208833907817024e+00
-1.498810797035314391e+00
-2.360730456939713395e+00
-1.616610796093248759e+00
8.639275756946549478e-01
1.565087126056562639e+00
1.252464959428318370e+00
3.304456796854037925e+00
2.522186025546215848e+00
3.363022877406681710e-01
1.312873624280097129e+00
3.358431468371277928e-01
-3.200114832744804350e+00
-3.124356913084277210e+00
-2.730773090226849220e+00
-2.230103471882529220e+00
-8.292384541416611965e-01
-6.049336636521490673e-01
1.137167693801527157e+00
1.766940473526938060e+00
8.562700536654406225e-01
-2.405830405220656942e-01
1.204143053983798284e-01
3.277983527993225676e-01
5.832068779874963749e-01
6.489885114362210494e-01
-5.391151641450736554e-02
-2.375237964199065743e+00
-4.902303743258101809e-01
2.728938000994780566e-01
-1.701769912111072536e+00
-1.144195103478134801e+00
1.180753871926806031e+00
-1.060587400722285967e+00
-2.787925294935867937e-01
-2.917603436661020400e-02
-1.042096890909975704e+00
-1.908334654203314162e-02
6.520074174374712594e-02
-1.029913511554558569e+00
1.282386256937485758e+00
1.925031382881357001e+00
-2.761543086125370916e-01
1.223025731343764244e+00
-6.341326695102009747e-01
-1.454860244007543657e-01
-1.728740267627230764e+00
-1.424759659984206950e+00
-2.154588458447246779e+00
-9.318457509710469377e-01
-1.820690196125366977e+00
-6.873022689771723925e-02
-1.628487754818522371e+00
1.086080288977848696e+00
1.391899397389076531e+00
8.774375058899305246e-01
3.665040852131421723e+00
2.565879483706873465e+00
1.373196442284534191e+00
1.997856064422217082e-01
-2.683171552258687864e+00
-3.462720028220014346e-01
-1.718054465845480383e+00
-2.452850035038224519e+00
-2.627505161324829697e+00
-1.320996356966819940e+00
-1.405875944470102112e+00
8.990060541838681418e-01
2.359604375282878586e+00
2.450603735751783141e+00
1.006227358738222222e+00
-1.224471239787688015e+00
8.080745636292283596e-01
1.434931737369281590e-01
-1.628086370618809786e+00
-2.152495080195484967e+00
-2.260353274240860522e+00
-2.661891553526245957e+00
-8.083979222572977852e-01
-1.209364906634702308e-05
-4.394485250980008084e-01
-8.478449123007784083e-01
-6.502386823088488477e-01
1.182246212341316216e+00
1.103760760947108954e+00
1.077201499662612250e+00
-1.114303924897557696e+00
-7.794051661996276303e-01
7.991560307689645759e-01
-1.767279946754362063e-01
-7.499585518730819134e-01
-1.076849461191500268e+00
-1.341295874945612310e+00
-4.494632588880604906e-01
-3.985844615551198400e-01
-5.238009215276359098e-01
-2.486059857314940058e-01
-2.500123803357895191e+00
-1.750469774218476271e+00
-1.844942685483592637e-01
-2.505513282665779440e-01
3.769223592305386838e-01
6.826750857236266734e-01
7.259684119930305268e-01
1.683295243584104206e-02
2.100456993192297617e+00
2.971486918972993330e+00
-1.235368587697251774e+00
-3.802295835894766718e-01
5.370569146427894847e-02
-2.713737241531277711e+00
3.824619547209628934e-01
-2.012183575992757767e+00
-3.769907047922060883e-01
-4.584657792591483871e-01
6.598861280853069999e-01
1.641889283990075832e+00
2.534603088963379491e+00
2.843734314271299191e+00
1.192023958054504895e+00
3.225285348928725426e+00
1.394715349164494356e+00
-3.608211609496648764e-01
4.173914291591543924e-01
-3.258982998545540966e+00
-2.346224275276286075e+00
-1.376982734076341641e+00
-9.377845626711903693e-01
-2.086961160732697884e+00
3.392538355745279843e-01
6.038663284030459932e-01
5.657815117581193043e-01
1.925961915575349348e+00
-7.324721949013366373e-01
2.234538142379101089e-01
4.675590659762860479e-01
5.893121342863402168e-01
-6.979543822707776624e-01
-2.500004977676587803e+00
7.359334070217734558e-01
3.136278058955502268e-01
7.651263946647448577e-01
-2.508874864714885078e-01
-5.289579697662368796e-01
1.001623106512023353e+00
-6.012941091379920833e-01
-1.730340018338367036e+00
9.730502506349136826e-02
-1.221635809870285083e+00
8.506352093755524812e-01
-1.010551599462874872e+00
9.904072181389519391e-01
1.507922384732438781e+00
1.165638909022214564e+00
5.788045504802143970e-01
1.042398227132722122e+00
-2.036956619592549256e-01
-1.180464635852349620e+00
6.412788558050259713e-01
-1.823442983367125070e+00
-1.335974575556609256e+00
-2.077866948187887530e+00
-1.642639313113825938e+00
8.932610550301403052e-01
1.105542710055630096e+00
1.331155851272939339e-01
1.311946273985037381e+00
3.446677415105738440e+00
5.189708229003195950e-01
-3.597777330635278936e-01
-8.048888128164888300e-02
-1.102079426705154575e+00
-1.662662567221194987e+00
3.362981773842346200e-01
-4.379341881308704387e+00
-1.143950999082232745e-01
-3.405899631164956531e+00
-1.575434769885687203e+00
6.969252401059526925e-01
7.833359437777838163e-01
3.499774189521929202e+00
2.800119985964530045e+00
1.615826588240705908e+00
3.234720091174582812e+00
1.794639517546264607e+00
-7.765251906544043958e-01
-9.900013458763493590e-01
2.572041681589127826e-01
-1.943427750170048540e+00
-1.829313187391241602e+00
-1.633506254879013131e+00
1.187997739394513808e+00
-1.432285068776329440e-01
1.209536197703270366e-01
1.390963731934218295e+00
-2.747102908228932217e-01
1.640523645245977713e+00
-2.048512344238852201e+00
2.460027107689269632e-01
1.546728036122773098e+00
-5.672647341271511712e-01
-3.347350647855063532e-01
2.201150235228398255e+00
1.490879906520096387e+00
-4.550003377985978315e-01
-1.000170167267532051e+00
1.728810926748204579e+00
-1.390014239489755887e+00
-7.828393027240436730e-01
-2.135214689594748805e+00
6.928836574394361403e-01
-5.935029239304268067e-01
-8.104931576331985132e-01
-4.531480292884312311e-01
1.634845795186401496e-02
3.221826632027527726e+00
2.109690568477205819e+00
1.774486973348947894e+00
2.060283156664344695e+00
1.303724000669623573e+00
-5.684908332272680109e-01
-1.341488305612694498e+00
-2.590820698419692647e+00
-2.229508070023973776e+00
-1.840715626316671738e+00
-1.838954851285208747e+00
-5.028942805702776297e-01
3.619478594612308142e-01
8.673358704282463361e-01
2.017380367340459113e+00
2.670893677051489057e+00
2.103726043850144389e+00
2.229906199253555599e+00
1.380831974893197645e+00
1.070736290821815873e+00
3.167224727358777248e-01
-1.829366833129052017e+00
-2.052789263218087967e+00
-2.048514534217168226e+00
-5.883475523888577197e-01
-2.793966483477683393e-03
4.201032136846691301e-01
-8.735524395129128372e-01
1.167266024508711197e+00
1.893730419883032035e+00
1.549793773951049225e+00
2.261766105708653107e+00
-1.082961223154057739e+00
4.570232943443227613e-01
1.672205711260456473e+00
-4.733029001483134435e-01
-4.410577737634870932e-01
-6.581391146218504851e-01
-1.344239036018097355e+00
1.026518341532936640e+00
3.831182247426476173e-01
-4.772260860447646857e-01
-4.195413329023406912e-01
-4.680692293696910866e-01
-8.681020006577329085e-01
1.700085545382016283e+00
9.543653297991575024e-03
1.764547647231949679e+00
-3.756121120463884466e-01
1.225358293932690135e+00
1.664764119191920688e+00
4.549994358778169934e-01
2.038980606328979484e+00
4.516699757880202615e-01
-1.853268002561519801e+00
-2.036736935346793453e-01
-9.005638307771777207e-01
-1.102644494122006602e+00
-4.196929546581600334e+00
-6.868374759878158597e-01
1.471422652936672959e+00
-2.193929631534172753e+00
1.876050203436177899e+00
8.174542216751816692e-01
2.138205909623816403e+00
1.852033797135203885e+00
2.621513079015754144e+00
1.463024721420769447e+00
-2.795500016813452504e+00
3.947638524245029590e-01
-1.649046909057090282e-01
-3.371264840775492821e+00
-5.831755885704144049e-01
-5.486993080331680206e-01
-6.082040394096788205e-02
3.953681202586308840e-01
3.584885115408514622e+00
5.172021098810675177e-01
1.524664758783187635e+00
2.489561284392620699e+00
-5.185499963373195742e-01
1.170590640737844690e-01
-3.914755276367593573e-01
-2.400930055148268849e+00
5.181465522368600141e-02
2.721245633266251573e-01
-6.690368001242488205e-01
-7.051542516554359930e-01
-5.782986590625569523e-01
-1.468729828478780641e+00
-1.451531779752328610e+00
2.291728308653744328e-01
2.950510928817149381e-01
5.343738420416099810e-02
6.674411822570901487e-01
-7.269703776289059283e-01
-8.605445552006795173e-01
-7.636870587015772704e-01
1.203042362491824502e+00
-1.714812382852266004e-01
-1.746483272306117218e+00
7.528308490477447767e-01
-1.123022006212727852e+00
-1.193311558721998455e+00
-1.493412603329766775e+00
-6.607020973975318290e-01
-1.050132315980032427e+00
-2.194879112235582852e+00
2.291801039834131970e+00
-2.885315928150356868e+00
-6.202778651844484958e-01
1.254183471305636566e+00
2.573340682114765521e+00
3.093241128971209619e+00
1.141521106796532514e+00
2.690850214238916793e-01
-2.543678966591613189e-01
-2.863427424502154595e-01
-2.412349539036578783e+00
-2.968948037930799089e+00
-2.955336661406106291e+00
-1.243006516364198344e+00
-2.542084665318142811e+00
-1.367739533690508935e+00
1.552892778170916754e+00
2.025324506170186556e+00
4.872525735272250635e-01
2.087422333006714315e-01
2.442458453296634691e+00
2.484689213606521285e+00
2.698620571521864742e-01
-1.388993988715773176e-01
-1.650615249197842971e+00
-2.876576324380786254e+00
-2.824536705752434429e+00
-2.240827515121015079e+00
-1.258357538313259916e+00
1.279759732587584686e+00
8.790912919192380715e-01
3.201589429512561757e+00
1.355294912395151652e+00
6.539553577187628974e-01
-1.673660637439824406e-01
5.845278908211728464e-01
2.510620804061986178e+00
-1.191489130473538438e+00
-1.094762121051002568e+00
-6.563780815891068210e-01
5.309003077804328452e-01
-2.048738281893447866e+00
4.316409416834846580e-01
6.215914363601143799e-01
1.196720422807135975e+00
-3.412714974479977292e-01
-2.694160619612837593e+00
-1.439454741275381977e+00
5.580398246938994555e-02
-1.023065163749733025e-01
2.334319452827526287e-01
5.706201347652897216e-01
1.366774731193134196e+00
2.229142396276524885e+00
1.135454482415742206e+00
7.640331168123329908e-01
-8.970756157692914012e-01
2.175051402328401551e+00
2.026879214904464543e-01
5.954882899130116147e-01
-1.588579618619988310e+00
-3.137704147129658505e+00
-1.553733870277083096e+00
-1.789987358735052769e+00
3.446378662117483560e-01
1.599199393348314402e+00
2.536879249002702785e+00
9.017062339534084314e-01
2.277541347705086316e+00
3.064266718881562213e+00
1.852414187393731648e+00
-5.696557704517615228e-01
-6.909553208490568643e-01
-2.890174802794335474e+00
-2.782376010032008296e+00
-3.047090672834204650e+00
-1.470343398084867914e+00
-1.410650194796690737e+00
9.997240507981840496e-01
1.453014607418668946e+00
1.799636051589543317e+00
3.171735253415488565e+00
1.712490677376120374e+00
2.904525618676294663e+00
-3.407418379896486327e-01
3.364509611248713838e-01
-7.246572655862661971e-01
-8.321437962963007529e-01
2.908313312608519219e-01
-1.889986398571476212e+00
-8.018678508797361104e-02
-7.169110791296435803e-01
-1.039709239951660091e+00
-1.957424462602368020e+00
-5.332656119814677131e-01
-5.021008536571562875e-01
-5.471585719047815655e-01
-8.666079357405654937e-01
-5.632313649223426033e-01
1.512340285553801511e-01
-5.411521489212047648e-02
-2.562386146185997582e-01
5.535031606811747773e-01
-1.469087500668328494e-01
3.385838652682158223e-01
1.360471775237378722e+00
-1.469232239660946959e+00
-5.266803234173446091e-01
-1.435207207155094089e+00
-1.403801713530473894e+00
-5.257736791585698732e-02
-2.822657321411108367e-01
1.283170811408783862e+00
2.723585713974893130e-01
1.763759231297397978e+00
2.614461141450687975e+00
3.244663079492188018e+00
1.897764994965583041e+00
8.587690361317731336e-01
3.394694625633732699e+00
-5.948534848793607388e-01
-5.205202628435079415e-01
1.094341975089980767e-01
-6.309791550591710152e-01
-9.632945659766151136e-01
-4.629075210755765335e-01
-1.711015805734919848e+00
-1.109845062206326061e+00
-2.100585282184237457e-01
2.656966559942449901e+00
1.999672704397662537e+00
1.822893538422834192e+00
-1.648117056026164318e-01
-5.676639796538492932e-01
-6.308952534229583797e-01
-1.045129315037306883e+00
-1.094685038707102542e+00
5.125401648813504574e-01
2.105207800825676101e-01
5.349955674105811854e-01
-5.746260319294066443e-01
-4.408094176248920637e-01
-4.867588553370473803e-01
1.960869443972444781e+00
-9.143456442169745069e-01
-5.276315451372188825e-01
7.282167300378978858e-01
-7.688322282868470525e-02
-8.624749575427091974e-01
5.660546414809310978e-01
5.846890899953894882e-01
-1.198006394936890207e+00
-1.486397297398261097e+00
5.136677617781719718e-01
3.161480238820767452e-01
-4.012240534059252628e-01
8.289291530259550456e-01
-7.444649206031594968e-01
-8.966283172331181162e-02
-1.686643117377623902e-01
1.096970897798259736e+00
-3.018098697817969356e+00
-5.472712054386987823e-01
-1.913216465204751415e+00
-1.641960595261221512e+00
2.954598293994445957e-01
9.137735327511412597e-01
5.895354779681746260e-01
1.927182900361450180e-01
-9.538751995019228991e-01
-6.343112908745787148e-01
-1.415666012221858727e+00
-1.857030770546278242e-01
-1.372277768219771321e+00
-1.905611590523883292e+00
1.647779082021375796e+00
-4.262188666782548013e-02
7.624923418895399596e-01
2.878462558990357301e-01
3.934294309473143625e-01
-8.824133267194547159e-01
-4.052288224726913191e-01
-2.851303265714948965e-01
1.556229383380349773e-01
-9.961035816478571725e-01
-3.426500350310929810e-01
-1.942980265357320935e+00
-6.525246110047782100e-01
-4.490453900515386509e-01
4.052800331832937530e-01
1.960202233461839194e+00
-5.448385974921540198e-01
-6.989995680284197821e-01
-1.294998158328093840e+00
-2.314813079515065930e-01
-2.626924850457839078e+00
-4.788250857812216821e-01
-6.201513911693017356e-01
9.172809717535652940e-02
1.506103018204706795e-03
-8.174620154098839464e-01
-9.572038682800589893e-01
-1.539235467724255013e+00
6.922698446989758447e-02
-4.284568751584893476e-01
-1.085337146249371720e+00
1.151981361489353484e+00
7.814192179549861450e-01
-1.969002881924960535e-01
-3.284956576731485334e-01
-2.572446423645393110e-01
-3.181385733710683228e-01
5.045964424344480115e-01
5.318825029256681880e-01
-1.009184900628158799e+00
-4.998396003785191555e-01
-1.553652028238295957e+00
-8.543932710165865752e-01
-1.807379201567487437e+00
5.727166294932308777e-01
-8.218303012797663065e-01
-3.410345829202536816e-01
1.332938248838004602e+00
-1.733069903176309712e+00
5.121606627201120698e-01
2.502948427737041945e-02
1.054784016039150396e+00
-2.160882035016808533e+00
-1.933716938243216887e+00
-6.661278551378447821e-01
-1.184138646710636011e-01
6.972234480173595816e-01
1.355585033022313368e+00
-1.239290479766215897e-01
1.156579635184586397e-01
-6.359659667497791213e-01
2.488187833290427253e+00
-1.791470950162191045e+00
-3.504267264562009321e-01
2.168075683083786065e-01
7.421810089092242824e-02
-3.083282086430337854e-01
-5.170065605280815824e-01
-3.774206020106411485e-01
1.065688297738471180e+00
1.869836183570415256e-01
-1.417475516652465517e+00
6.563552049371577102e-01
2.679359849303991070e-01
-9.865321283913255357e-01
6.386574112780465384e-01
4.667290064062715182e-02
-1.599382141570206139e-01
5.942033948675153748e-02
-1.245967230448490115e+00
-2.736695047185400131e-01
1.898386811702826305e-01
7.725251342770078633e-02
-9.950331419228057861e-01
9.287575500060492317e-02
-1.110877789979797026e+00
-5.500148687422889981e-01
-2.592391791045698390e-01
7.939918178794613812e-01
2.185596142802499919e+00
-6.264296208784057018e-01
2.455328106346783112e+00
-6.794823026608018401e-02
-1.075489812163248349e+00
1.386914312940050464e-01
-1.088659623106017937e+00
1.180005324456285670e-01
-4.966332044138546675e-01
5.972200205159150510e-01
5.802324348454008796e-01
5.709602740218698846e-01
-1.252331554931566338e+00
2.206725962910506045e+00
1.073579127358624374e+00
5.296681529983625625e-01
-5.879450803509759238e-01
6.423124167885690960e-01
-1.687113183201149669e+00
1.318250724939385776e+00
-2.770786809666317962e-01
-8.028252395011092890e-03
1.770965315533523210e+00
-2.124351912604159232e+00
-2.524626807322580380e+00
1.961696940151160140e+00
-1.818547489988189714e+00
7.999665642501910812e-01
2.358239951799984829e-02
-5.716940351430598311e-01
2.027307270693670394e-01
1.338495830535278985e+00
-3.295373237275951439e-01
1.110784112790905998e-01
-6.129573543974125016e-01
5.641121985367155700e-01
9.724218223006856343e-01
-1.878608221384448773e-01
1.230326732377696741e+00
1.509485548426314327e+00
-2.651777926906343286e+00
-4.388277297834890511e-01
8.860696719468655891e-01
1.404317270311028709e+00
-2.324750326209202439e-02
1.038880622498671080e+00
-1.005991805904413505e+00
4.466246954539729863e-01
-9.198711335600526784e-01
1.442579054077740563e-01
-1.331680679704959624e+00
-4.463227721498992384e-01
-5.238125931787730449e-01
-6.299235347062795976e-01
1.913787598652066935e-01
4.988265490318832818e-01
1.186967062423910924e-01
1.182819776709391757e-01
-1.158880263820635248e+00
-7.351829432192217295e-01
7.544976972925930836e-01
-9.475380608182265574e-01
-1.008360558433430976e-01
-8.253590755085210562e-01
-3.757577135567325977e-01
1.930756254984463460e+00
-4.349909571478338677e-01
-2.694447368718765889e-01
6.756664767073039535e-01
-2.621133353273276678e-01
2.157913846295153593e-01
-1.226594718171178489e+00
-3.962456079062011138e-01
1.857368314615948313e+00
5.083440040482500866e-01
-2.000617691133466103e+00
-5.503883775401772205e-01
8.957434159020664921e-02
1.900315938274919292e+00
-3.654635427890714494e-01
4.836445023488639139e-01
-6.249090997759612076e-01
8.086873517298471814e-01
5.512530027323049309e-01
2.215615126349453345e-01
8.809527296595283863e-04
-1.635564314710329370e-01
1.134366210994961210e-01
5.509406662616324335e-02
-5.539187709333723841e-01
-5.965206171487621445e-01
-9.424491470783713520e-02
-1.301938247749283128e+00
-7.063905495433810966e-01
-4.477383111976561136e-01
-1.267449830483232120e-01
-6.398545914223715547e-01
-1.550471364354954473e-01
-8.683971250354814986e-01
6.955047609977051959e-01
3.751400975452367365e-02
-3.841490041927901888e-01
7.705444869259331364e-02
2.416267687379741458e-01
-8.172920675408019697e-01
-4.343889213325011767e-01
2.762068495830391490e-01
1.895057912709116610e-01
1.194493787914638755e-01
-1.596378207628021961e-01
-1.884729442848428693e+00
-4.795992517277188338e-01
-1.067749921530751323e+00
9.199333190042976449e-01
-8.624297035109652620e-01
-8.844724240371200086e-01
1.404841771607521883e+00
7.712001936143905167e-01
-1.404326167380635315e+00
-3.590406720169947441e-01
-8.124826781738700987e-01
2.760854068023342878e-01
1.625077567780961463e-01
-9.039537276016950118e-01
-3.123412528068277710e-02
7.789723283161811285e-01
-1.775291232018315846e+00
-1.830905167780831233e+00
1.143870891295869274e+00
5.411254992423601973e-01
1.787182348399389553e-01
2.296663676035769763e-01
1.312744822528407296e+00
1.661364620830623418e+00
4.934453003293650664e-01
3.179511273586915543e+00
-2.513428194254479359e-02
3.762880911309970933e-01
-1.582333047239548263e+00
1.817633571131094805e-01
2.533684590830035943e-01
5.202440974948470132e-01
2.590930442067875261e-01
2.231916344437255617e+00
-2.954152020792933930e-01
2.412551163776176788e-01
7.492062606054462615e-01
-7.069796711583674516e-03
-7.243116449722161176e-01
2.291713321573674855e-01
8.003152429559685643e-01
-3.890751225059280866e-02
3.894770072006509265e-01
7.464226209564920334e-01
-4.218712430161591920e-01
-9.392529711380251944e-01
-3.028190233005346177e-01
-7.069850177376031386e-01
5.580766229464508843e-01
1.701785761123341567e+00
-8.915201685216497252e-01
-4.717549105543623056e-01
2.714423680184913312e+00
4.491160724599658760e-01
-1.039497817353967068e+00
-2.138199632078209567e-01
8.785763447542349613e-01
-1.727036373873113595e+00
-1.309938649170200031e-01
-2.320056108956692342e-01
-4.244246326417567272e-01
-1.163905841809176778e+00
-4.122859618739465604e-01
-6.329947018261955494e-01
8.592566388744457551e-02
6.587877533682375830e-01
-3.107973135710294654e-01
7.890384902146114765e-01
-1.283570517219949358e-01
3.078112519539129899e+00
3.116403025520702030e-01
6.926978189879046122e-01
-2.998802170772381981e+00
-1.537167345233440008e+00
1.118916976706087141e+00
6.137692167682291533e-01
-3.521154064667341710e-01
-2.640506595026804737e-01
1.082880527011698790e+00
5.871834844138882348e-01
-7.785902249740017655e-01
-1.066485906187286892e+00
-1.005986502286207118e+00
8.594864787850352572e-01
-1.469911600570714405e-01
3.506048699751256742e-02
-1.480782978152618279e+00
1.015603897296230296e-01
-9.981362442895843623e-01
-1.806427417135352931e+00
-2.199065788227796414e+00
1.343348623603256575e+00
1.449137248580835424e-01
6.414566812538852192e-02
2.684486104190037525e-01
-9.222242834448185489e-01
1.532454160211458583e-01
-2.934447113077928160e-01
-1.971863025059498453e-01
-9.293018372640885483e-01
8.076352100283572255e-02
1.754832625454435802e-01
4.796461852390360159e-02
-6.984038850714295865e-01
4.873526226930046112e-01
-1.259976941763173874e+00
-5.926346532603078421e-01
5.585593534456030351e-01
8.556866599135941609e-01
-3.709794551821810754e-02
9.939211577416441346e-01
1.557386691460545432e-02
6.863539578279924669e-01
-5.000527565115316930e-01
1.372038307062388995e-01
-9.816829383861805924e-01
-1.317975614480518365e+00
5.182976895234601145e-01
-6.639537190043683923e-01
1.352568459753568320e+00
4.349382573966262266e-01
1.056021449948004287e+00
1.803182575720591929e+00
-6.790579710552834269e-01
-6.125249261755135732e-01
1.163773678052071325e-01
-1.282344994455922316e-01
9.803059852677705743e-01
5.193153454000565272e-01
-5.849273268185583019e-01
8.230758868950482920e-02
-1.512483405582980278e-02
5.044711526171754556e-01
2.943819858775746923e-01
4.336828638816672132e-01
-5.941801091947244151e-01
8.503076563549153422e-01
-6.756192780234019368e-01
1.609917881371171644e+00
-2.241904836622657660e-01
-1.143660962523787156e-01
1.023423108124481840e-01
1.646369962193150807e-02
1.783110727263015560e+00
-8.011433795926828916e-01
-5.790653576344056974e-01
5.285347385076164528e-01
-6.021800544188350424e-01
-2.027952189779373526e+00
1.293421377651974957e+00
1.081213593708072684e+00
-2.469874695270001530e-01
8.730979276638477504e-01
1.348116186217465540e+00
1.558899197980481155e+00
1.038617004773892821e-01
-4.622634016898398146e-01
-9.294937514736549833e-01
4.273474243031608055e-01
-1.662902859734396652e-02
-1.438608264330767418e-02
9.878533368604033305e-01
-1.640894652299929701e+00
-2.766156961422613358e-01
1.586622292469832995e+00
-7.302219403378303886e-01
2.699181052356632859e-01
-1.119734622806844770e+00
-3.496774036623330195e-01
-6.616740260522799844e-01
5.496322227760146450e-01
9.987416728243057040e-01
1.613114512462996863e+00
-3.287453944765953429e-01
-8.800032533765876908e-01
2.996557858985651190e-01
1.491399231709356288e+00
-4.620603052713406766e-01
3.459166324997652309e-01
2.474374162566626567e-01
-2.319080639264639865e-01
-3.934821161245431742e-02
-1.566278803354375748e+00
6.715199868029863017e-01
1.160309428667136489e+00
5.839831065908404062e-01
-3.137385821971863109e-01
-7.048930257748468042e-01
-5.826629890098470321e-01
1.831308571975186261e+00
4.544228983485237294e-01
-4.195418417251559617e-01
-6.975297300864262695e-01
-4.473719742887843354e-01
-1.571968674518523790e-01
-5.597401754093731530e-01
8.916646069968693356e-01
1.034356057980061694e+00
-6.723732554265352546e-01
-6.459906854800996356e-01
-1.849438775905376309e+00
-2.180971587501009168e+00
-4.449920457227168891e-01
1.602645220048793118e-01
-2.848528874552807566e-01
2.804134531396197949e-01
-1.076922405914665815e+00
2.081902626758622254e+00
-1.030041944834548140e+00
-2.217642306104666616e+00
1.058410981723890254e+00
-6.442031872079343469e-01
2.262509364383819666e+00
8.324388384571489441e-01
-5.440837995530031779e-02
-2.652498334797753210e-01
1.507048515777640096e+00
-2.569344225677798743e-01
3.668236707026343857e-01
-9.070866295922134226e-01
9.272732610443619461e-02
2.775461799407550334e+00
2.048795953628803623e+00
-5.709121259051860298e-01
-5.573172572266196223e-01
-1.082655138574939002e+00
-8.386288858481220077e-01
5.317659693401812770e-01
4.956150124554944414e-01
7.194492185468152057e-01
-3.151084268719431813e-01
-3.678259322788678398e-01
-1.837746142985297704e+00
-1.011282080342227330e+00
-4.016173218832871927e-01
3.769388158296783642e-01
-1.527102262447636249e+00
1.448533340535631986e+00
-1.270052831253065451e+00
1.195575577510335386e+00
-1.458853240799019568e+00
-2.437367341927510478e-01
2.310917239606700591e+00
-2.494521896332690947e+00
-8.376235237813374479e-02
1.903766235039025423e+00
-5.603019790586045712e-01
-2.725804770437622593e-01
9.849993680837665355e-01
-7.818105727073429989e-01
-1.471143407613312970e+00
-1.626274207209355283e-01
-2.146794990203691189e-01
-2.227469199315347537e-01
2.045674025104120108e+00
1.049461928126259741e-01
-5.089132306862348409e-01
8.778230798510039401e-01
1.521940115152254757e-03
-2.135040921122543622e+00
-1.677345654604708969e+00
7.981326512908967219e-01
1.755317663257274452e+00
-1.529152156258206441e+00
-7.507977715202899249e-01
-1.440693963868629801e+00
9.892549798813145001e-01
1.683818451799177884e+00
7.333359626826440048e-01
-1.120029217864580318e+00
9.068863281790597031e-02
1.095850285268882285e+00
1.274891977193217674e+00
-8.883672588808548543e-02
8.265286850858779566e-01
-8.210230175730599822e-02
-2.599747564421759916e-01
1.898845718863878318e+00
-1.341685859613590992e+00
-8.278005607519172138e-01
2.773414426214122042e+00
9.972237996682793426e-01
-1.308760150851022985e-01
2.033846910893782667e+00
3.967914026443015163e-01
-2.263113731121217054e+00
-1.593592524380978981e+00
1.216610647227702735e+00
1.862616875348323653e+00
-7.629815156027449641e-01
-8.751429871642455449e-01
-3.321371439958736294e-01
8.129059215631331270e-01
9.966153260406362957e-01
6.427395183378820098e-01
8.796656454738149833e-01
-1.257452470522771870e+00
-1.167208830344804049e+00
1.869781793550658211e+00
1.383441776697035941e+00
-3.571143864259006540e-01
-4.096677987534478316e-01
-1.068965668209453268e+00
-1.914806743105456066e+00
-1.000961628756421140e+00
1.116705955932779243e-01
4.741671363738100275e-01
2.492192512076570332e-01
-1.021461958928270963e+00
4.054915112535421584e-01
-5.196917994537424423e-01
1.831469465357186618e-02
-2.844772407175012452e-01
1.207619857854779877e+00
-4.947482125041496315e-01
-1.063486517407663534e+00
-1.805231826400604644e+00
-1.388752788729154641e+00
-1.073236205016208755e+00
-1.080346644790458832e+00
-1.350788230363888232e-01
-7.195650479442697867e-01
4.108607956364225267e-01
6.610938641892413203e-01
5.757567455826174685e-01
-1.282876638715723772e+00
5.744059451290166596e-01
-5.283319908656969321e-01
-2.985828897562082043e-02
2.659748842839000371e-01
4.514610523110192952e-01
-7.645192122187337569e-01
3.318425433614673459e-01
4.560797270066758169e-01
-1.764608315794847337e+00
7.307004393696805433e-01
6.878133784142121954e-01
7.237782224267370890e-02
1.351005056231713020e-01
1.393688621268500016e+00
1.007016031870619832e+00
3.832787090977281541e-01
9.845656578533386050e-01
-1.782862553221987445e-01
-6.977280482539659490e-01
5.053337082858730053e-03
1.410815639294681345e+00
-3.175411596661481539e-01
-4.536847288632003816e-01
-5.681020401810168430e-01
7.384345106672754455e-02
3.540887744302598783e-01
-5.492995422020208185e-01
8.922258974595344005e-01
7.124903901800310191e-01
1.106035481405734489e+00
-5.758147613184778912e-02
-2.935879911324009162e-01
-1.266258571912764808e+00
1.627395460795388438e+00
-2.496589678431793136e-01
3.699514066286685221e+00
1.931479317111900240e+00
4.852797233978328739e-01
1.094806459290983192e+00
1.007653553922427836e+00
-1.563135794848290239e+00
-2.911609929540348141e+00
1.727352179913828056e-01
-1.927342752967193595e+00
3.158539934785180581e-01
5.418128588702256221e-02
-5.386903112461972620e-01
8.432024797273557359e-02
-6.251305631723582668e-01
1.192554283069749088e+00
-9.062021013307743900e-01
-1.185717964641463118e-01
7.693943223149026789e-01
-5.461374441359291287e-01
1.530614121889154466e+00
1.153026213708931103e+00
2.016008412631102420e+00
-1.079031808063862785e-01
-7.283046854910240064e-01
3.133845778470610854e-01
-1.253632774681966655e+00
-1.344251528390457473e+00
-1.608640602915492268e+00
-1.611752471805865339e+00
1.433383000348402714e-01
1.317666509879465986e+00
1.862507533136014137e-01
4.937552151515967047e-01
2.649270743197984945e+00
3.058239238769680846e+00
5.450815354719473760e-03
-4.729502436448477232e-01
-1.697044584868098838e+00
-1.176882868186411635e+00
-2.997516347954210403e+00
-1.776788981774980902e+00
-1.538081525072701350e+00
-1.196797272923542543e+00
1.134891780551830820e+00
1.341337336495012522e+00
2.241596986740485242e+00
1.787678925299801325e+00
3.046850957601279664e+00
2.808877332975419527e+00
-7.528076770361676884e-01
-2.021220540825313106e-01
-3.922832698041507804e+00
3.847520490928224568e-02
8.123782901477007989e-01
5.775691235989330874e-01
-2.441889961195389702e+00
-3.642990037826291938e-01
-7.699175047141348927e-01
-1.182672545396533659e-01
-1.300179646407261247e-01
-1.525201429990753255e+00
3.740431472902184806e-01
-1.872177439259852028e+00
6.273448730429638243e-01
7.346053159264890331e-01
1.391825044988656224e+00
6.340122938577243961e-01
1.835362100956331233e+00
2.709013586117718475e+00
-4.461033488373365996e-01
-2.082686901553163494e+00
-2.497210881209085187e+00
-9.492025946010644866e-01
-2.748849951078247589e+00
-1.243776305757930523e+00
-1.817400516714280823e+00
2.249971547299908781e-02
-7.028183884711359797e-01
3.486480514715800005e+00
-1.271205796492044460e+00
1.154665234010535224e+00
9.885592537920403489e-01
2.012521764117400913e+00
-5.393441835912540783e-02
-2.083670769520110433e+00
-1.952660122032164436e+00
-2.437403530424279374e+00
-2.120675311210345360e+00
-1.116474197528863899e+00
2.957386176703324931e-01
-1.319482075692675060e+00
-5.578912247348896680e-02
1.205071519526331736e+00
-3.843453382626183523e-01
1.733172345712780116e-02
1.658788624620830987e+00
4.859809282868246538e-01
-2.657156907087774300e-01
3.236030649593188979e-01
8.329682235479187735e-01
-2.567507709990590747e-02
3.455448494858015529e-02
5.010058248783855195e-01
-2.340802218344536723e+00
-6.784667292195530885e-01
-1.458397530674929499e+00
-1.845764027386850747e+00
-1.097849005428340075e+00
-9.855893387620809909e-01
-6.400314933760137270e-01
5.452872827856869442e-01
1.192826182213461594e+00
2.217155968817102085e+00
2.401210322603994030e+00
6.479648404308810949e-01
4.670575962646794643e-02
1.594772722520748642e-01
-2.644230741595298362e+00
-1.754739226981890665e+00
-1.960421722517745824e+00
-4.382317216535718707e+00
-4.537186036350195906e-01
1.289464482255248123e-01
-6.792990963462056664e-01
9.864025524147357338e-01
1.275607010381859086e+00
-1.779723279215952303e-01
8.701902686453242275e-01
-5.518339010523690691e-01
-4.403745925043973247e-02
1.413781830966263975e+00
1.782690274804634933e+00
-6.148689575016305087e-01
1.885630494302334315e+00
7.505133960052685627e-01
-3.925053184629081482e-01
-2.542417180675923261e-01
2.573068664630302482e-01
-4.186879452017997494e-01
-3.501709094644358533e-01
7.714414580945263555e-01
-1.956571369332291477e+00
4.034321535480830945e-01
1.243225756658904446e+00
2.121982989918780760e+00
2.937744798321601181e+00
1.936520682793785753e+00
2.693713615674075079e+00
1.587674307985244893e+00
-7.528137090111874929e-01
1.891347316152784952e-01
-2.585603745646145590e+00
-1.189587373023897943e+00
-1.319129147197680485e+00
-2.023084725411087526e+00
-5.770224596633579672e-01
1.051225689746265513e+00
1.922934614757641825e+00
7.528036790452441451e-01
9.167568859040731155e-01
8.591815818711248109e-01
3.544751923246227676e-01
-1.075283451503206145e-03
-1.704526590609446224e+00
-1.100826478519492557e+00
-1.869044546390801864e+00
-7.503670113400118247e-01
-6.629800629670000722e-01
8.981621568639404085e-01
2.042867145739700518e+00
9.167920374844849007e-01
1.509383893028730106e-01
-7.357073366864748110e-01
-1.701926316134243056e+00
4.022117923279573404e-01
1.868853854588674146e+00
1.249640818860302094e+00
2.157151979333028713e+00
2.321029766707664699e+00
2.196354695552601655e+00
-3.182770895523328036e-01
1.822148752764693125e+00
-6.777997258355340504e-01
-2.289117720138047041e+00
-1.737253251851172298e+00
-2.563510138129086346e+00
-2.716689532511662453e-01
-1.033247486698349427e+00
-1.148849516202277821e+00
1.093280376899221196e+00
1.233419949220591949e+00
-2.453110249220358252e-01
-1.014587934428632376e-01
7.428086361996486531e-01
4.826676753735729686e-01
3.970218646355945791e-01
-5.466769730774114766e-01
-8.419335858714117604e-01
-3.198186882762506400e+00
-1.140181702558979548e+00
1.127937643449372640e-01
1.053965400167695243e+00
-1.322131933348871025e+00
-1.160879476616123451e+00
-8.504992266412576551e-01
1.291106815495229210e+00
2.979425463846675781e-02
-1.030274524665096170e+00
7.042099428349423151e-01
5.445366234865574029e-01
1.148272059070698514e+00
1.246199074198480305e+00
2.637665832519420217e-01
1.065943119406537853e+00
1.160707297619838485e+00
-1.768029757113311895e-01
-7.078793720181497662e-01
-1.308642781122579812e+00
-1.410932715924664071e+00
-2.806996711348531015e+00
3.431984888476009576e-01
-9.344451896407637292e-01
4.706231983277993636e-01
1.020967542265327488e+00
2.036562948808005036e+00
3.705784335040188004e+00
2.276334474312275979e-01
1.174002079016811528e+00
-1.769043230737537442e+00
-2.745252948440793261e+00
-2.584323585113500688e+00
-1.881539358376040472e+00
-1.476756337122100637e+00
-2.838790908135675473e+00
-3.197981285413002972e-01
1.393395051662193129e+00
7.003138209894227417e-01
9.610480155832946680e-01
1.325158599335262144e+00
5.038972027957376865e-01
-1.029651276402392179e+00
-1.380137477937918522e+00
-8.086189326979944525e-01
-1.900355268973110690e+00
2.550684425681278289e-01
1.406530362236420917e+00
6.299598507841491779e-02
1.546657405883012926e+00
-1.458875263171898862e+00
1.246237321640934370e+00
-1.162093416212158115e+00
-7.057683662426821325e-01
-1.160447177597426549e+00
-4.840079847854150685e-02
-1.453563534805562885e+00
1.387028214077215882e+00
9.312221127702919876e-01
3.374746917191389528e+00
8.207955362405026101e-01
1.595071476903203056e+00
-6.866557045865380182e-01
-8.195203156766872610e-01
-1.859191857773153433e+00
-1.815786711579623347e+00
-3.568668572203034905e+00
-4.221451031717549096e-01
6.733327360771818038e-01
9.831835925595042713e-01
-1.825456321992883879e+00
3.625446364224271356e+00
2.284631735201263503e+00
1.984564944497906325e+00
2.028267839753217672e+00
-1.108996391631260847e+00
1.639222196015482691e+00
-1.687563743930847959e+00
2.411401107362479701e-01
-1.301978442258794555e+00
-1.914469449950249924e+00
-1.037509022302988360e+00
7.808145841585868718e-02
-3.553876663859005802e-01
2.444303788806087230e+00
-8.024877600403260147e-02
-5.942781609189767833e-01
-1.535370179187113271e+00
2.908173055793893402e-01
6.808081461499050357e-01
3.173161637550313552e-01
4.844945721998555332e-01
9.983849381874292384e-01
1.041439524308235942e+00
1.751138995788219743e+00
1.074381604726300621e+00
-5.352942122757986532e-01
-1.325874705541537635e+00
-7.945266632732755907e-01
-9.614646885500908180e-01
-4.095550224045807930e+00
1.148672504944281414e-02
6.525692299688188314e-01
1.007818316603674491e+00
1.375103863321154307e-01
1.322342549138931123e+00
2.280753531542283774e+00
2.261095455877185856e+00
8.980030424754463780e-01
1.070730151326743096e-01
-2.667795835834876783e+00
-2.503808177774184962e+00
-1.098979209636687715e+00
1.076275138664498421e+00
5.666471793272989110e-01
-3.020088846584984554e-01
1.154622043216892990e+00
-4.176104677217982175e-01
9.971859458843146395e-01
1.189118915847527491e+00
-1.237672006885546683e+00
-1.602271462467276475e+00
5.544026352855023765e-01
-3.300394854225898733e-01
2.012042916522385205e-01
1.837397062089913269e-01
1.129400417294800008e+00
1.164908177182917504e+00
4.864868293309069225e-01
-3.906674501723846893e-01
-1.848399258610161855e+00
-1.233717252438740974e+00
-1.384283044489862613e+00
-1.231579048967426537e+00
-1.812294181430525786e+00
-1.643950048221011873e+00
2.293665960342785581e-01
6.189001213960486636e-01
1.195103758011623718e+00
2.005550613126070303e-01
1.291195393411278980e+00
-3.798794286242680451e-01
-1.560140862551300023e+00
-1.499903442442990231e+00
-1.133068604250722089e+00
-1.504513329525525966e+00
2.184866682939130555e-01
-4.770741954613959002e-01
-9.969329576274830185e-01
-1.540051158156950706e+00
4.157128673703029964e-01
1.617917325258849903e+00
1.672591757130266199e+00
1.882912042514157891e+00
-2.193872572274420563e+00
-5.394305985289764571e-01
-1.245745089247848991e+00
4.563985219367190371e-01
1.839481038635272681e+00
7.672925737700793114e-01
-7.215635793834311862e-01
-6.609804751032176684e-01
-7.710419833752485408e-02
-1.486844338503389817e+00
-1.924865546119760573e+00
-1.123842269926361492e+00
-1.215071100589269815e+00
1.461617804825570133e-01
5.292391835230791930e-01
2.128363647570829187e+00
-8.023810979610268568e-02
7.456463261464955083e-01
3.426545490965442475e-01
4.080231000564554789e-01
7.448341598167376176e-01
-1.285784466626140876e+00
-5.848425851559787558e-01
-2.064806689196827083e+00
-2.101942536765128544e+00
-6.171726490548465893e-01
-1.392546843004319523e+00
-1.421051436366063125e-01
1.063846104385872682e+00
4.198688251701283569e-01
2.097573978798438876e+00
2.674079983795539128e+00
3.920603534355142639e-01
1.605741459952164663e-02
3.197475307436103975e-01
-3.989820945573903654e-01
-1.714971805139126726e+00
-2.535866254700810174e+00
-1.027626962851545978e+00
-6.200694529557381207e-01
-6.365081393531679677e-02
1.261704385237444548e+00
7.040995739896979688e-02
-1.443584239765298927e+00
4.706169216791111221e-01
-4.826569467673020863e-01
1.161871526101674768e+00
-7.980591437465480720e-01
4.502029970814039883e-01
2.184859161210716216e+00
8.388381336899886076e-01
1.142217404251344659e+00
8.427990625696675231e-01
-9.476805187393920749e-01
-1.168040158052443545e+00
-1.489336327056588249e+00
-6.943925573568177079e-01
-2.110070532527988707e+00
-1.387481529267316160e+00
-3.422571568589835023e-01
9.491777231540443616e-01
2.157799865121988070e+00
1.817569920259814342e+00
1.451192750837589696e+00
4.761825664621932575e-01
4.119501177049496032e-01
1.242769704150008536e+00
-9.064046542062593748e-01
6.956893134348418606e-02
-1.296306857962903347e+00
-2.416327404021963776e+00
-8.574604012799422748e-01
5.951102356195520082e-01
6.201278949306079369e-01
-1.374991605564631847e+00
1.689192880118196793e+00
3.245200558215022291e-02
-2.659452047931702978e-01
-1.718023340255941389e-01
1.459467725068922750e+00
-1.104470391296529685e+00
-9.071793338116639349e-01
1.008529485783515423e+00
-1.780283643503663971e+00
4.077927276290467251e-01
-2.956599542096032263e-01
7.072903049143275389e-01
4.048954542249343369e-01
-1.648104822410180192e+00
-4.249806194508082058e+00
-1.294469070408555078e+00
-8.970427282255568624e-01
-4.879411679156250292e-01
-9.969207062405827102e-01
2.077767766815639572e+00
1.685734021872151489e+00
1.668404097083123094e+00
7.419134717820889957e-01
1.695316893283041360e+00
2.124734605869698090e+00
9.037155817997497564e-01
-6.228056147093057326e-01
-2.221130911657428708e+00
-1.289272050394820290e+00
-2.185483103525317716e+00
-2.004543217600800009e+00
1.402435844102488227e+00
1.355025835629263931e+00
1.043286463219205151e+00
2.249795900539195870e+00
1.366743399614293253e+00
1.811658161821025015e+00
1.037731786052270344e+00
-1.889520669907196193e-01
-2.545730563538158187e+00
-2.068448866462022639e+00
1.823321713240294573e-01
-1.718185302003607973e+00
-2.643928323826424176e+00
1.163887842685360940e+00
-9.995974134762360963e-01
1.326570218661082157e+00
-6.608423062440726969e-01
1.198546077961651690e+00
-3.254014672879833592e-01
1.813395046362111795e-01
9.401781322424234144e-01
-3.577588871106959223e-01
-2.305591107025972697e-02
1.697639790674492666e+00
6.459660003337684975e-01
3.112042917563533795e+00
3.650245318044065823e-01
-9.225847072679188576e-01
-5.045038366894268878e-01
4.934688102536766152e-02
-1.422958288746241973e+00
-2.143293132526516764e+00
-1.035981536127134062e-01
-1.500225514677211880e+00
4.657939302368622747e-01
1.156395947601981611e+00
1.954212634473957877e+00
2.052976015708524393e+00
1.597803527816850533e+00
1.802467512995279630e+00
-8.993046701807683174e-01
8.832592012126938563e-03
-9.417591182691801288e-01
-2.770393287736123256e+00
-5.171895612106189866e-01
-3.418165772312886652e-02
-1.709631243524718791e-02
-8.556440033770685849e-01
-1.057907017250175885e-01
-1.810114102134882108e-01
9.721578714165219903e-01
1.371726644606502177e+00
7.335028938329429815e-02
-3.770191128083996701e-01
5.289499816078095940e-01
-3.811980557116558810e-01
2.209882511438856056e+00
1.090294001590100814e-01
1.211747334192733838e+00
1.679981484841525097e+00
-7.490176690923189273e-01
-2.316571004500977082e+00
-1.449133253658290377e+00
-1.970745459428924651e+00
-1.186848338967560590e+00
-1.788359326634500368e+00
2.450189949921312005e-01
1.502264433539277189e+00
-2.068328709558593381e-01
1.957989654278504688e+00
2.362963806798346944e+00
1.809281960508477338e+00
9.501359570746679140e-01
-3.878639035656692435e-01
-8.356171004288261983e-01
-1.944491565754697948e+00
-1.851019683736435439e+00
-3.498333382333041364e+00
-2.170631503511566418e-01
5.427731981160323071e-01
-2.144449018756525049e+00
9.071788496447578121e-01
1.231087994329931767e+00
-1.572160688187178579e-01
1.425825686904724776e+00
4.910587919524349587e-01
2.137116321616565617e-01
-1.049508400901377314e+00
-7.982883172713092779e-02
1.125192625527684065e+00
-9.698552287669151006e-01
1.243810558637020031e-01
-5.767971380209957477e-01
-2.587660483093216612e+00
-8.328599552257089922e-01
-4.434903889013274703e-01
-4.185386852191682605e-01
-2.225523892526684477e+00
6.524168459351594729e-01
-2.735607457426483813e-02
5.670448488538391008e-01
8.661862990385756911e-01
1.140797787277450848e+00
1.515471997345802180e+00
1.865106599322312597e+00
-1.118391567844286616e+00
6.140762625793116936e-02
-1.869368363232185359e+00
-3.957944924287277733e-01
-2.462810211023613416e+00
-1.971764817660906166e+00
-3.642702476198746986e-01
-2.508669164469504165e-02
2.151655689852514985e+00
9.524471212430496436e-02
2.347898183693517549e+00
1.156879036695302121e+00
1.893660594200294867e+00
1.859383261876203175e+00
2.306629909265160427e-01
-2.316378605472829477e+00
-1.151483457767139784e+00
-2.043541950012490283e+00
-9.961855665796441883e-01
-1.546575257227492450e+00
-1.247772907949687315e+00
1.445547267465585595e+00
-5.217885971873971185e-01
2.291122351926457024e-01
-9.403653851710411793e-01
5.339191388562305463e-01
5.906566796125501950e-01
-6.432693274931999827e-01
-1.484865801706347632e-01
1.632627156885157582e+00
-6.798388903723329157e-01
1.044345432800016571e+00
2.804314932242850666e-01
1.309304650718141172e+00
-7.011684676296758845e-03
-2.676332254546577083e+00
-3.525746367491896738e+00
-9.611055021546347499e-01
-2.464357171929731471e+00
-1.939995740546302638e+00
-2.766804769400025288e-01
1.338835435545244090e+00
2.170040588641141355e+00
1.048189534344017737e+00
3.737317236398394638e+00
1.580983462345872947e+00
1.821974627708876859e+00
-5.206267274367789577e-01
-2.454250165574827225e+00
-2.065976348807005980e-01
-7.602553294521176008e-01
-1.885305491342193163e+00
-1.233579467804160057e-01
5.543394559774498243e-01
6.723427239700194846e-01
3.176323745612045224e-01
1.379206227310050714e+00
8.530839940885708295e-01
1.660198404856384480e-01
-2.318987795265353702e-01
1.651691022795292563e+00
7.046563438546123992e-01
4.441822395922945255e-01
-6.944192220696399076e-01
-1.015026135181546607e+00
1.024859934293443242e+00
8.838416628946975662e-01
-1.481606253959755204e+00
-5.193146157236043781e-01
-3.802466223216089514e+00
-1.375626247555856496e+00
-2.304475680252975778e+00
7.775642358075247618e-01
-2.142666505452434311e+00
9.994463964680988521e-01
-1.528624216923657464e-02
3.150593282958063845e+00
2.926328546316657064e+00
1.647976687782002347e+00
1.069868359150804693e+00
3.457653489606219432e-01
-1.417712043852890957e+00
-2.664278327409176139e+00
-2.220861637406132516e+00
-2.039789850638265012e+00
-1.209321559925505385e+00
7.080627320402615998e-02
-3.820870435582608415e-01
4.145640110504207332e-01
1.438829557672590242e+00
1.905504730084129905e+00
1.588116562828912892e+00
1.393478321967702438e-01
-7.709775191949813644e-01
7.474664736873807280e-01
-1.539905174907090446e+00
-1.058656053248617557e+00
-5.934122933971600622e-01
-2.590931724178237694e+00
1.627050652982068080e+00
-4.638866184859655739e-01
-1.053300424916365774e+00
-1.532587796030387750e+00
-1.034921951066896328e+00
-1.363648858100952488e+00
1.462117440828458736e+00
-8.090340339682193793e-01
-5.525619768764286066e-01
4.230469896620698833e+00
1.486115337509331946e-01
7.188683851632451383e-01
5.110475321059861076e-02
1.353664270568644801e+00
-6.987017685120060217e-02
-3.015171862155378024e-01
-5.608447416966471089e-01
2.369790658953193407e+00
7.953844108755644959e-03
5.371563384992966705e-02
2.468346555868864645e+00
-5.106865436663655666e-01
-9.805456660554703330e-01
4.646353250901589377e-02
8.550868765354414647e-01
-3.306507115104123651e-01
-2.197619540175184127e+00
2.363606573468023164e+00
-3.955959020489871469e-01
2.079257492275933483e+00
-2.653441796485858095e-01
4.857483089525256870e-01
6.471447879379678136e-01
-2.774683725013658564e-01
2.873090189141718764e-01
-1.032034720793872484e+00
1.176429235336752921e+00
8.750236559811974679e-01
1.107118420125979691e-01
5.988212985470513505e-01
9.543248057279219987e-01
5.931522400118797167e-01
3.841579552550550836e-01
6.275553822415058658e-02
5.698878622402063776e-01
-1.178914481775106132e-01
6.419752226165075237e-01
9.599768333373503992e-01
-3.760494723904377057e-02
2.615715711780749686e+00
-3.875099851721224842e-01
1.424375868789396149e+00
-9.836966873276054013e-01
-1.768900488642362712e+00
1.360483860933668465e+00
-4.985970260542879617e-01
1.367526931547126123e-01
9.225246143613958782e-01
7.512898574743278601e-01
5.099863677774572057e-01
1.418001252753150199e-01
-6.836783951476748111e-01
-2.729635465465524713e-01
2.474692255000212615e-01
1.810947786163532136e+00
-1.291664757677466246e+00
1.515189488453989819e+00
-9.220965892941603848e-01
5.534136488096134121e-01
6.520020714484608959e-01
3.094096141201972960e-01
9.736966761045325880e-01
1.616545121090496195e+00
-1.327013907581259478e+00
7.787093136883853628e-01
-3.148179639934705620e-01
4.558393308673912014e-01
-1.633185382487612580e+00
-9.008198054988989512e-01
-7.223049026160306418e-01
2.820370175079002228e-01
-1.212958351929931844e+00
-1.574251265253981957e-01
-4.964366909995005656e-02
-5.163272034764039287e-01
-7.217380738641676619e-01
9.318334334432856192e-01
-1.230108211000779717e+00
-2.416413182941518634e-01
5.381011646060284148e-01
-1.150273743353840361e+00
-1.380575319036131676e-01
1.138269578531053927e+00
4.085234832353933920e-01
-4.190696720684166099e-01
1.702575324648226474e+00
7.435756536934876593e-01
7.846930854223270746e-01
1.785075922798421644e+00
-9.678171728838280696e-01
1.488381558863298981e-01
-5.019771053861258325e-01
-9.281265297747917087e-01
2.508356820245827290e-01
1.677385050386503762e+00
2.199175631072589343e-01
-3.618641776444783686e-01
1.153963995059198000e+00
1.033631809874806295e+00
1.182966839746379728e+00
7.169565905352237589e-01
-1.303610087422929276e+00
-1.087402260639759310e+00
-1.796632982614034368e+00
-2.164302508227896604e-01
-6.002218709613410530e-01
-3.223231758346286613e-01
-1.654373303607872270e+00
1.133354910263487225e+00
7.724762456486962137e-01
-2.072282261627735322e-01
-5.266369058906651690e-02
3.396665867643378633e-01
1.716560820986300140e+00
1.743646063685105443e-05
-4.856527853760634339e-01
1.332767141771640462e+00
9.813368384929568311e-01
1.082535101660701882e+00
6.622706083236162833e-01
-1.541575269662355696e+00
8.469221060438679727e-01
-2.173759114665704484e+00
-8.016071074823611919e-01
-6.342698536223007055e-01
-8.249999882911376314e-01
7.186383176647814786e-01
1.481842906559917239e+00
-2.530110367756006617e+00
1.886199799159854695e+00
1.342466863137494526e+00
4.883369582959508071e-01
5.537006498748351518e-02
-4.760094236797359213e-01
-2.618836620880095611e-01
5.353577757467925524e-01
6.795899358559706060e-01
1.088797648946958185e+00
-4.697195661300750114e-02
1.264947813706066015e-01
4.015468430740503081e-01
1.864904074039296089e-01
1.153574261556830072e+00
7.767532442905931145e-01
7.029212001567419765e-02
-1.483345160167900412e-01
2.683800397475306077e-01
-1.084435505465451977e+00
-8.259001927310510860e-01
5.840473028538595290e-01
-5.063704598816841651e-01
5.785023946827891894e-01
-8.387082518470767578e-01
1.809287308298778707e-01
3.242755651854048349e+00
9.239590705597613418e-01
-7.729170569095471510e-01
3.863536944998101075e-01
8.843579218630479577e-01
-9.101773345134307469e-01
-4.739736465577643054e-01
1.676065650613592473e+00
-4.065875044739413746e-01
5.800552451932335790e-02
4.163089848559388684e-01
1.365759368448292266e+00
8.876135961031780264e-01
3.872718175270382646e-01
-8.411582321737595125e-01
-3.738049324561387166e-01
8.951728880822492629e-01
-6.380869187984711255e-01
2.313362986351472639e+00
7.897033960462362945e-01
-5.297247421838273684e-01
-6.141690384984239692e-01
-2.325616862823211561e-01
4.439692222891531426e-01
-4.939957592043713874e-01
1.140415528793440547e+00
1.650534513967332195e+00
-5.838943156667705248e-01
-6.971732591051649219e-01
4.558951422209688298e-01
9.342243137343613224e-01
-1.233473672798730991e+00
-8.663332367526555000e-01
-1.345154115084593149e+00
-8.777666978494175209e-01
-5.157128418348649879e-01
1.191535499556102051e+00
-3.488251696410692437e-01
5.402571522277051230e-02
5.484813478518423269e-01
-7.327263673443126235e-01
-8.457290267780617210e-01
-2.075012136913857663e+00
8.989056760078264485e-01
-3.360262698864978637e-01
3.715691081986645661e-01
-5.819954579571200437e-01
-1.525634834389134831e+00
-1.165079512484347019e-01
7.503529956185850391e-01
-1.285512285134753574e+00
1.482719941227255589e+00
8.718128580399431282e-01
-2.847251390782956984e-02
2.614923676147776765e-01
-1.027023178559077987e+00
-7.090120280052205626e-01
-1.953040083871442345e+00
-1.855541060540457199e+00
8.109526908039388360e-01
1.718396876109962446e-01
-6.364949221955076668e-03
-1.293550941295448786e-01
-9.554445658047603374e-01
-1.749361246363540998e-02
3.598543197092512330e-02
5.503134337211154081e-01
1.348304285344621878e+00
-1.039902821220194395e+00
-1.742320516417097953e-01
-2.337730451519528074e+00
-7.454175656464490096e-01
1.553441463516919141e+00
-1.322589927797736653e+00
1.654775343512182362e+00
6.734107724707261156e-01
-1.484127418368949014e-01
-2.126456482228930245e+00
-1.950372673542646540e+00
-9.768553435293624299e-01
-8.205908832228620692e-03
-3.942201917588979976e-01
7.540463328421835865e-01
4.105597964486450979e-01
2.913041476652198369e-01
-1.307790098018496661e+00
5.383802485241825364e-01
1.464729708779338280e+00
1.045486396815082486e+00
-1.419501882933248693e-01
5.089574459068563206e-01
-3.948395951431259987e-01
3.122129526962274526e-01
2.876270017060440498e-01
1.742817403944146193e+00
-3.379182528150542764e-01
2.048991976040078100e+00
-3.656098407083051005e-01
7.283954710210209793e-01
7.475457095702100485e-01
-5.454881486255909184e-01
1.579580517791102645e+00
-3.912260879413867465e-01
-5.009833382044025507e-01
2.409280166973771786e-01
1.101736361285975303e-02
-1.493738223416112954e+00
6.822108235026391743e-01
1.123875475888229669e+00
-1.462113166165224937e-02
9.204710486992593310e-01
-4.224239464144611822e-01
2.429839199546501849e-02
7.174271160446001883e-01
-1.684805321206512274e-01
1.186732353157309072e+00
6.521260451624167898e-01
8.006364459065299366e-01
-1.481210814423093325e+00
1.522504478633294411e+00
6.272381218440235828e-02
7.569387299943484138e-01
-3.647675332668006143e-01
-1.645867679224706670e+00
-1.434800526331890591e+00
7.232880134702603103e-02
-1.922112638518349126e+00
1.399819242741368486e+00
6.748754195347400620e-01
-8.478682301306480484e-01
-1.194866529578157754e+00
2.437515784327462409e+00
-1.449359594033303444e-01
3.723415824893535064e-01
-5.594529869857149951e-01
-8.161930445406169465e-02
8.236397895559630644e-01
-3.286771163626829306e-01
-5.192804740433224486e-01
-3.552373017572000302e-01
-2.052335210197747895e+00
6.029127645425928078e-02
9.724045210201212042e-01
-1.383743926233601318e+00
-9.927422166497600065e-02
2.426323661388804856e-02
1.514830500444268147e+00
4.529993306649853779e-01
-1.979334163477953212e-01
1.126687938444269843e+00
-6.546717972861226809e-01
-5.848999907998004844e-01
6.723111034276083586e-01
-6.312488352351864895e-01
-1.459926528105658650e-01
5.833510817431645235e-01
8.171302540080360721e-01
-2.026727887311062168e-02
-1.025007119385619170e+00
1.023885349311487003e+00
-7.343933443440857356e-02
-9.920879383019104436e-01
2.117065216253558313e-01
8.608636382633793049e-01
1.699437782497986493e+00
-9.494199400407917766e-01
-4.342786069703883367e-01
3.515978278591602169e-01
-5.006613727098557787e-01
-7.382139757432153448e-01
1.107129409593441638e+00
-1.877132308638448932e-01
-1.766413784782736585e+00
4.935725741092556462e-01
-1.039173332054622145e+00
1.081719903366414187e-01
-3.408664127389471887e-01
-1.249211682361619280e+00
4.929506033423363132e-01
1.256728062438673854e+00
5.556913214443698346e-01
-8.295877551944765838e-01
-6.385952975221662609e-01
6.414249491231917011e-01
1.045839141593083443e+00
-4.220201060421259198e-01
-1.179971654458101676e-01
-8.733094025978972441e-01
6.416133547544835558e-01
1.253870766798270253e+00
5.703948944249135344e-01
1.760900288561599858e+00
-5.609625022763428115e-01
9.267309982026645798e-01
-1.544028047851616625e+00
4.839458528048230512e-01
2.050204766600160489e-01
1.889439694093641986e-01
4.669782587543672703e-01
-8.415805135465863618e-01
5.677232964872558352e-01
1.799780870261175503e+00
1.252353619901214410e+00
8.019313961798554824e-02
-1.189917340193679673e-01
-4.759864479415285010e-01
7.746521800788366274e-01
-1.182124356570907864e+00
4.128801171620874455e-01
1.502416652003380482e-01
8.583667025835670650e-01
-3.943419206328979132e-01
3.771710717578316552e-01
8.046648498258276438e-01
1.218545016291540550e+00
-3.939345973964866188e-01
-5.826149068929300512e-01
-1.635081673126645541e+00
-3.660526239765054396e-02
-3.259909307765347930e-01
2.905214624338912643e-01
-6.103566563124255273e-01
1.874729555286125837e+00
1.634479102840958431e+00
-1.664632509866219578e+00
-1.299942377057444309e+00
-1.668249545680439594e+00
-7.805180463858117923e-01
-2.190363510235493472e+00
7.817922924007458807e-03
2.990320119155117085e-01
2.668471178867928839e-01
4.400967302767749834e-01
8.274903996528387706e-01
-3.475098525717791320e-01
-9.182097713452666010e-01
9.970276240759540221e-01
-2.592725111958791850e-01
1.581835045290387320e-01
-8.756719365321459225e-01
1.669995914502805379e+00
-2.094215290696996856e+00
-5.545892044141330357e-02
-1.721946372421943316e-01
-1.735148523730352554e+00
-6.389751872811417766e-01
-2.532793951195426718e-01
-1.100982853077136191e-02
3.090578467764024118e-01
-2.850133458073568216e-01
-6.606312222174387516e-01
-1.597688286066895946e+00
-8.618812456317446191e-01
1.371446456437231953e-01
2.266212228096566417e+00
-2.910042543031849060e+00
1.104700720313075424e+00
9.627539751109015498e-02
2.882977192730532545e-01
-4.953602251727886041e-01
-1.588427399603984380e+00
-2.128870424153303631e+00
9.858179461723054482e-01
4.888953557529610028e-01
7.970297453644834551e-01
6.457827450851570672e-02
9.275217474017966035e-02
4.632105224098390095e-01
2.124290889920294578e+00
-5.960880394980341279e-01
1.023767344705585725e+00
-1.127516920589930027e+00
1.206031261842561264e+00
1.481480201010346442e-01
-1.892469800288599791e+00
7.694797722187508571e-01
-1.158472215328548049e+00
4.065030113162650394e-01
-1.033693559512810778e-01
-9.872999712304386666e-01
-1.687167817511059931e-01
4.331456734398234781e-02
2.945985322135058482e-01
4.397059893437799127e-01
-4.226640344056591947e-01
1.603810308847238020e-01
1.570362560009918473e+00
-8.213702826848596761e-01
-1.825505820772987731e+00
-1.025894605787502911e+00
1.067959869504446102e+00
-1.780033346345097689e+00
1.040975528199715283e+00
-4.165122948578900974e-01
2.810013351462421483e-01
3.223344651833228713e-01
3.589472609192639330e-01
-1.706274370598832024e-01
1.977108234104182904e-01
7.233084127727040791e-01
1.548270977443199525e+00
1.100946026180398968e-01
5.205172675695772001e-03
-6.762875665066244713e-01
-6.933994833176980732e-01
-1.152729974937056756e+00
-1.013944982916178406e+00
-1.580485038655682573e+00
-3.548530273275052882e-01
2.629688210595821363e-01
-1.072386367042408750e+00
9.131541631012883575e-02
-9.186335024968290686e-01
3.618222855685755412e-01
-9.195337013075581822e-01
1.698589321251378348e-01
1.370621814850995435e+00
8.394134986171526425e-01
1.026601401088051008e-01
-1.344077889442066576e-01
5.918341512541985816e-01
4.458341576717606003e-01
-8.094704023446874785e-02
4.889672348591571072e-01
1.326399800589518563e+00
-8.625944252360456810e-01
2.157326421628653623e+00
9.557460532291361943e-01
6.504619915932017271e-01
-6.609023057810091417e-02
4.457557859729334437e-02
-1.461855338497127343e+00
5.843366687970371620e-01
1.674126157805450488e+00
-6.047056076760439630e-02
-8.836689081248340072e-01
4.753138500379213566e-02
-1.047577704139640797e+00
-8.095960872173555423e-01
-7.418168279188870340e-01
9.686595558702416897e-02
-1.285051454612274879e+00
-8.655760141586344991e-01
4.580196665037647441e-01
-2.900960311558181681e-02
-4.077786537749687468e-01
-5.608157726926090714e-01
1.843837964131215257e+00
-5.493429537206745428e-01
9.934408284728665217e-01
1.046074042581249808e+00
-1.323681265939062435e+00
1.051950927882455478e+00
2.336004811682765303e-01
1.111026730233145993e-01
1.020058523781822268e+00
-1.216458482658532569e-01
1.023027165028795649e+00
-4.982481988513914883e-02
3.951140514487248567e-01
1.014654464185653637e+00
-3.619824269864657749e-03
-5.985339761894925559e-01
-1.147703399278747316e+00
7.690218547756647594e-01
-1.511892674650081869e-01
-1.724957802119544636e+00
6.049500770530281679e-01
-1.382921880129039049e+00
-1.549394261148167029e+00
4.515762506272326671e-01
2.002367768408711696e-02
-6.436200189057610377e-01
1.782664222507467144e+00
4.104780886642203086e-01
-6.510221279599809341e-02
9.017430744203013271e-01
-7.981425425799906215e-01
-9.734385880790621393e-01
5.027052263441597613e-02
-9.388104751002887549e-02
1.339242904210256713e+00
-9.379294760032605982e-01
1.248107832566244246e+00
-3.443024957164531608e-01
-9.428031495177654001e-03
-4.245403917979326258e-01
-6.557513918943135289e-01
8.890459964816560534e-01
5.138916871356570271e-01
-8.265028521415388463e-01
8.142451170750245604e-01
-6.273321709847990979e-01
9.511338438523898597e-01
5.087667832009260538e-01
2.598706862922091632e-01
9.734120270973681821e-01
9.957274846100772070e-01
-6.074895245560719692e-01
1.360635763849460833e+00
-3.245315142931552987e-01
-7.931034132906430445e-01
-1.728376218811197573e-01
-4.128438122983826286e-01
9.903875934664279068e-01
-1.813972217588505798e+00
-9.416551686366375629e-01
1.213493324578617250e+00
-5.411094331109690403e-01
1.418405645609739585e+00
-6.112639596582013501e-01
1.423589253405328492e+00
4.568618067768215329e-01
7.242925397849198088e-01
-5.381036021697900573e-02
1.245728656031712678e+00
-8.345142951551300925e-01
9.580119166479130755e-01
-1.949685744857477587e+00
-4.982382091573384075e-01
5.296840729886473920e-01
-3.859297581322367332e-01
1.187803273946218097e+00
-8.938179728824890979e-01
6.067710457378480138e-01
8.939797641124155869e-02
3.125224786321305626e-01
-2.953205543407508848e-01
-1.133346572135815578e+00
6.470927169897295883e-01
2.775803207907079351e-02
-1.286976859341899981e+00
8.559543701849122721e-01
8.223683575708375937e-01
-1.373854769008616250e+00
-7.351198295253147386e-01
-2.138783799400665597e-01
-1.124161202240081314e+00
1.130024274069035162e+00
8.894629063844786687e-01
-2.150681370090365974e-01
-3.534963503634572790e-01
2.756642708872987679e+00
-6.229911681212824126e-01
1.088205942977488183e+00
-1.349701733593847985e-01
7.289531311956340964e-01
1.161120496411177649e-01
9.308819816616388243e-01
6.032626233429880802e-01
1.309882485475572400e+00
3.504881254606465824e+00
1.124306494726913241e+00
1.363848939757121292e-01
-2.400331772689856091e+00
-5.819518284262192864e-02
2.874576995372124522e-02
-1.450973192100663667e+00
-4.881936856652289158e-01
-2.405953278259988171e+00
1.794810460524779661e+00
2.428960322751980150e-01
-2.262214193908703153e-01
1.195493760632624802e+00
-1.525866118543999228e+00
-2.216781629636645157e+00
-3.446080847643643308e-01
4.307391569274482412e-01
1.011346459132956621e+00
8.140696185943077090e-01
-7.670979900824556053e-01
-1.275348728790610675e-01
7.628613518185759501e-01
2.895895668861169225e-01
-6.117664347545200831e-01
7.511693271687569506e-01
-5.866124775027335980e-01
-1.688901668491744834e+00
-2.586288066215258752e-01
-1.258444443048849060e+00
1.443729847641594732e+00
1.794109881994867317e+00
5.083791252757723367e-01
2.357869954972221294e+00
1.405374981835330495e+00
6.032628295208399827e-01
-8.177470917175402310e-01
-1.508337014163477541e+00
-4.485625912217661160e-02
-6.036044152906545612e-01
-1.610247619844264344e+00
7.092385766188171736e-01
1.146964213047960701e+00
3.832541669758142699e-01
1.139907434832095223e+00
1.842613697210721657e+00
2.869926739457224762e+00
6.886413817803669346e-01
3.071141065277890880e-01
-1.808992896165557973e-02
3.874958869792124450e-01
-4.511344751057422275e-01
-2.342809037558729324e-01
3.176425946904344322e-01
1.285307915191391981e+00
5.875628474367173837e-01
-1.116588293671171961e+00
-1.140821341604853822e+00
7.711553212201001095e-01
-1.983788109701974278e+00
-2.396978477171737065e+00
-9.294734789716498913e-01
-8.456403166963050166e-02
3.949809392918348094e-01
8.846188008725934804e-01
6.856754855266581350e-01
2.200171988717783300e+00
-2.718031182721869499e-01
1.942137367804028791e+00
-1.379032049801633741e+00
-1.754507713206715058e+00
-4.424938367218098634e+00
-2.235515670157552037e+00
-1.930175463960727367e+00
-2.001000136128653573e+00
7.443968159896869885e-01
1.052475927324459049e+00
1.993087074865080854e+00
2.533614005999804242e+00
1.046031240701625675e+00
1.911948023710913214e+00
1.816829207631737719e-01
2.796666697934517831e-01
-1.416302889453535885e+00
-2.245241534788589455e+00
-1.742853051404059661e+00
-5.795950781633110171e-01
-6.365055622237392186e-01
6.554344445826300047e-01
-2.029175322557697392e+00
2.618478419270123814e-01
1.021993341528028454e+00
-1.382850217649945757e-01
-9.014139785013420836e-01
1.299446141690493661e+00
3.268006861902706395e-01
7.740243337345898977e-01
2.438396366250808800e+00
1.522185385563170179e+00
-1.010979565933990409e+00
1.016722490146645397e+00
2.799978385459946928e-01
-4.797005873192058401e-01
-1.654068031754119428e+00
-1.181540309683287049e+00
-1.750164653366153011e+00
-1.437381142957287139e+00
-3.580052650288783056e-01
2.847968275813524408e-01
8.867163385650999041e-01
9.604926219975866708e-01
1.874357329471146638e+00
2.045555680656481634e+00
1.125231297630317595e+00
-3.465789760399472508e-01
6.868642058944891549e-01
-3.321139000524454321e+00
-2.093968594824854534e+00
1.880237480807989137e-01
6.479125769626949971e-01
-1.289757995030058391e+00
-2.244250928045834925e+00
4.353114901803111780e-01
-3.934692609432595134e-01
3.752867713474570266e-01
5.496913360805301130e-01
-1.101891339542994119e+00
1.052974894912729553e+00
-1.571536334143663671e+00
5.588915957260468526e-01
1.894238140686659966e+00
1.180240995642164004e+00
1.392288660925570909e+00
-8.796311382489062636e-01
-6.078182873853869017e-01
-8.429495338208548016e-01
-1.957606387326348729e+00
-1.684426261628735100e+00
-2.718678028262637270e+00
-1.205459121415412227e+00
1.895935283361298573e-01
-8.261941790895289683e-01
1.296595567240933278e+00
1.465719986885537729e+00
1.743474867678922235e+00
5.430158718270103879e-01
3.920691700995548867e-01
-2.677530894024060526e-03
-2.038915227352537940e+00
-4.122505924982133862e-01
-2.128745749733547576e+00
-2.221214572612940419e+00
-1.906238191791262970e-01
-6.964611204999566763e-01
-2.569580526051280955e+00
2.284500276967146082e+00
1.624462097207402422e+00
9.546763567986170651e-01
1.061828337533483602e-01
2.753900695340552041e+00
-2.634131462198985307e-03
8.174971874478069722e-01
3.508678818409859401e-01
-6.624253688409343921e-01
1.099467236650200630e-01
1.829737226218926538e-01
-3.399534113840045890e-01
-1.706313709884540231e+00
-1.015357364146007857e+00
2.377634746395848042e-01
-9.666054314855352381e-01
-2.363580728711409229e+00
-1.221559713175714101e+00
-1.741628542462742235e+00
7.186125715043937268e-01
-4.331001680366810547e-01
1.670413039646371001e+00
1.146885419236030046e-01
1.913224115891491550e+00
1.690378115306480744e+00
1.452429781703968581e-01
-1.616841847620337447e+00
-3.623386443203256979e-01
-8.106839402398062777e-01
-3.037301027099549522e+00
-3.473238952663074475e+00
-1.923312965687490994e+00
-1.503791912948478471e+00
5.800966272446000938e-01
2.811798746773398250e+00
2.716683893742063649e+00
2.131018827664886928e+00
1.902559389687191516e+00
6.796958757416867725e-01
-5.568356367511054783e-01
-1.532226612617068273e+00
-2.000350404766968015e+00
-1.383974718037574547e+00
-4.688413249705297159e-01
-5.672925623093058034e-01
5.547965212846432959e-01
2.525523941881817613e-01
9.643908222489452342e-01
-4.287055112882403596e-01
-8.932578904525216856e-01
-3.220251477406624319e-01
-3.426833243182432209e-01
5.183114490674785024e-01
-6.362259196571058428e-01
-1.755719329199582068e-01
1.276773860220311363e+00
1.067792114621110011e-01
1.163009303946013206e+00
5.447515919754479796e-01
-1.527960371644817572e+00
-4.750000011484929452e-01
-1.035176918620453357e+00
-4.276548484896753877e-01
-2.052719170890788813e+00
-8.358726374565175199e-01
8.564789457732788769e-01
1.643726701419961689e+00
7.417824658510419056e-01
1.566604438482922301e+00
3.155141491166218781e+00
1.182535830834195112e+00
4.813302872475808125e-01
1.086661627104125172e-01
-1.396289436790414840e+00
-3.392846722916268210e+00
-1.758031137950078149e+00
-2.214242580032115271e+00
-3.245067826091224461e+00
-4.670082407501643385e-01
-1.381356678433590224e+00
9.131214175537964994e-01
1.676240183613494139e+00
1.320697835020727018e+00
-7.228889345566855695e-01
1.167404415847097532e+00
7.960752287493401136e-01
-8.669106545805925490e-02
-1.193982694212885054e-01
1.207291215253269545e+00
1.850199915379068472e+00
2.127358209742616690e+00
-1.835885233714877884e-01
-5.415251602471089498e-01
2.926025857003744512e-02
-1.470568568499299733e-01
-1.488920531379942513e+00
-8.812439750156386697e-02
-6.841181289021208700e-01
5.656237153430025977e-01
1.784855489669910256e+00
2.239241154513999188e+00
2.022616135082439204e+00
2.377639148239802047e+00
2.664354749786205900e+00
2.101607910147285541e+00
5.161719878159212183e-01
-1.324359706534037562e+00
-9.850583070110524586e-01
-1.471164627914583134e+00
-1.531202485135254365e+00
-2.191396598695920073e+00
-4.192558247784333725e-01
-1.498835311204342879e-01
5.694950373517091435e-01
3.460668614242027097e+00
5.114189161374912418e-01
2.729040922692706594e+00
3.204505590600065790e-01
-5.320942871847469946e-02
4.876402231195117176e-01
-1.353726033721362798e+00
-8.396118433902419742e-01
-9.030849807757068692e-02
-1.603387522942113064e+00
4.782365909180958941e-01
1.608746177078799855e+00
-3.634522002400052409e-01
-1.228632727147956683e+00
-2.894139405911365870e+00
3.375481066217678183e-02
2.841757531991070396e-01
1.479813238307041257e+00
-3.961441781642992543e-01
1.741271123841083401e+00
1.897986347511409377e+00
-1.972427886963761257e-01
2.751022736215371634e-01
3.931438965458574630e-01
-1.107269085060635372e-01
-3.222828026388587119e+00
-8.065713235294690309e-01
-2.065126876047651550e-02
-2.827887637562954914e+00
-1.422482449974537433e+00
8.094279684216818538e-01
1.299641018146513671e+00
2.895217097173657717e+00
1.687688593927256786e-01
2.690470525885070963e+00
1.088150646619784334e+00
1.337300667044964086e+00
-8.483740221023126082e-01
-1.579728668643676226e+00
4.168864959031159945e-01
-1.776527379614873503e+00
-1.574702194621073748e+00
9.920927332996318793e-01
1.488718091595094273e-01
3.569034970464577960e-01
8.428548300730529519e-01
1.028446625783052126e-01
1.698396990981894117e+00
1.985255540670088359e-01
1.774492296609830877e-01
9.350169081784098779e-01
2.484909112950061671e-01
-9.211112333158244514e-02
-5.215483030625821526e-01
8.289920320886490224e-02
2.287164337272898917e-01
6.623462747027544228e-01
1.693617466996722443e-01
-2.145828768448645008e+00
-7.087038263732987620e-01
-1.425796663053898738e+00
-5.510421357835108003e-01
-4.046869317673785216e-01
9.834857458165772170e-01
7.916772285788664654e-02
1.071558287428123535e+00
2.396657995236421979e-01
1.614971126375777111e-01
1.358092428958310283e+00
-1.826119920599046376e-01
1.070557086341201503e+00
-1.335960482548795847e+00
-2.384561860626702057e+00
-1.672868515937323997e+00
3.934196327642003332e-02
-1.264332627480977189e+00
-1.322261547909396318e-01
9.196013710623340831e-02
1.307852507821257282e+00
1.480054891118047777e+00
7.256610973202655135e-01
1.205116944582508731e+00
2.877898419534019037e-01
1.298850564437533883e+00
-1.129039785732435242e+00
1.383332623219096780e-02
-8.653115896054812684e-01
2.216160291757779399e-02
-6.993074430897434912e-02
8.576519437005118984e-01
2.410564631883737596e-01
-1.164167064214546743e+00
4.501753540462343217e-01
-1.956954603402600412e+00
-1.370412194183316723e+00
1.729237014478126611e-01
1.234929421573265573e+00
5.185993205480307067e-01
2.353405379351448889e+00
1.353128568712314017e+00
2.534568405669653135e+00
1.821266528839248888e+00
-5.148789444593619979e-01
1.139521720076677180e+00
-2.333725802457615295e+00
-1.116556899150514814e+00
-1.185373612689192502e+00
-2.746694806019402968e+00
-5.280482679171355498e-01
8.856063221488561510e-01
4.650771141811786968e-01
2.087741348206112679e+00
1.750936634123407609e+00
2.779449506603150155e+00
-1.118890028911884826e+00
1.705060298957070675e+00
1.902035776066749451e-01
7.881212232521985772e-01
-5.434526551082250467e-01
-1.122548113044788298e+00
-8.399126528259182045e-02
-3.755933013135860365e-01
-8.084092190750135076e-01
4.333675772949214799e-01
-9.154815309367997367e-01
1.244678700410813549e-01
-1.089983223298144566e+00
-1.753763358992141086e+00
-3.052970646632637841e-01
1.139091974745140234e+00
1.001407375601972127e+00
6.758711065332787538e-01
9.726394621823758468e-01
2.092575544793669806e+00
1.981845289359881912e+00
-1.099025896622714882e+00
2.377903983759572792e-01
-2.649609032443808854e+00
-1.877331861746015962e+00
-2.478592256552378359e+00
-1.035508059862235264e+00
6.491406091714280180e-04
1.615319428243739974e+00
1.993451878433875279e+00
-7.428272794543455682e-02
1.082669980584598957e+00
2.153530971888812040e+00
7.484928493076908884e-01
4.244823035563500269e-01
2.764977685409616415e-01
-9.460195764009605712e-01
-2.532714572539509046e+00
-1.223185569323899990e+00
-7.482770023323720432e-01
-6.744009820889141915e-01
1.453915114403798725e+00
2.080349746048255177e+00
-7.748312138848865160e-01
1.284640695022611911e+00
2.001545650361058470e-01
1.353497219727025191e+00
-7.732990741619479858e-01
1.076715884115435617e+00
1.446075378889161378e+00
1.477051961640813982e+00
1.666722088707070837e+00
-2.950057917604779756e-01
-1.185572896495266537e+00
4.984275064981080750e-01
1.757405378416783570e+00
-3.266388572910636223e-01
2.423664269152756567e-01
7.219973870611831046e-01
-1.941070248200878146e+00
1.093201345009560121e+00
1.275848765801433027e+00
2.577335021048341002e+00
9.401758038589341782e-01
2.909394163524406274e+00
1.053605832540646770e+00
1.427287504557406272e-01
4.808704288794753978e-01
4.843325954071953099e-02
-1.256507495072633818e+00
-2.924691405826407298e-01
-1.179597053741383128e+00
-2.299544227660134332e+00
-1.858996252526219806e+00
-2.576211366885444720e-01
2.088075512709668402e-01
8.036484993726527026e-01
1.673064901465701526e+00
7.439765048607739351e-01
1.233314971371167523e+00
-1.520492783368515566e-01
-9.383277312839616302e-01
-1.754078946315934528e+00
-1.789749286283794039e+00
6.553386198442496813e-01
8.099064363600388949e-01
4.219757542813324935e-01
4.508214244461900000e-01
9.342074590872696538e-01
-1.180916962969329909e+00
-1.411419978035438616e-02
1.640765210286525555e-01
2.157916338315466476e-01
9.077160838405295973e-01
1.459789986805808404e+00
1.386475144944718796e+00
3.239473677851296696e+00
2.809989876432566369e+00
2.233033134761849947e+00
1.618712182276832667e+00
8.207426379553210971e-01
-1.399123802821675033e+00
-1.331172835953205569e+00
-5.091016830415373562e-01
-1.290967917494762141e+00
-1.858089327048677575e+00
-1.814426339211115291e+00
-3.849870183584573335e-01
1.156151312671333198e+00
2.120515120835419154e+00
3.554824341190906623e+00
2.694855914220101845e+00
1.309828677464359270e+00
1.879203813981768612e+00
-1.513011804984580433e+00
-1.247105043850130546e+00
-4.024528104528065642e-01
-6.468167457502892459e-01
-5.928354444463628248e-01
-1.822028637904186343e+00
8.887274576158563089e-02
1.204301546387144040e+00
-6.531650765010732496e-01
-3.184844241887860861e-01
-8.288679744416587170e-01
1.029840513798563784e+00
-2.085108728843496628e+00
1.418078578683021229e+00
-1.475091022637445848e-01
1.544635702909288089e+00
1.390004247004004156e-01
3.010178668530949508e-02
2.251993582156845530e+00
-1.130021632088498151e+00
-5.477256243067922803e-01
-1.215628119725480794e+00
-3.349588146097135954e+00
-2.306221870244034022e+00
-1.468498057154543623e+00
1.404302218488612697e+00
-1.670263239473857297e-01
6.393100854871615057e-01
-1.579102188190426581e-01
2.309947753522879843e+00
3.201869315701118879e+00
2.807932855043178133e-01
4.312668171851670174e-01
1.488335238307256780e+00
-1.719550642490392356e+00
-2.081106297190178811e+00
-2.744199099884080617e+00
-2.501138140787399600e+00
6.937115794925010626e-01
-1.082056161090535262e+00
9.968938310319578333e-01
1.133001874656392127e+00
2.294217537857567102e+00
9.076688502453134078e-03
3.229108180877783951e+00
1.106451958803630564e+00
-8.452289724594304055e-01
-2.436396199829212517e+00
-7.248665733418391266e-01
-2.115004959433338438e+00
1.089681424315933844e+00
1.078887895490683313e+00
-1.004535642325414813e+00
1.507351871394669640e+00
-5.776890319653862349e-01
-9.545257019510045016e-02
1.727944969659822583e-01
-1.734423379532102905e-01
-1.610542370291345282e+00
-7.105646396920081154e-01
9.764584866991323775e-01
4.869412256449434651e-02
3.337187303827113816e-01
1.176915568746441210e+00
2.553997064785622939e+00
-3.687333442349600143e-01
-3.109200946411264099e-01
-2.467810242177119306e+00
-1.361150362171306583e+00
-1.953990553292871413e+00
-2.519585098697191050e+00
6.949458014673275397e-01
-4.582669019749240347e-01
1.836335026336099130e+00
1.918819167054151009e-01
1.219233711432175848e+00
1.604115738056030471e+00
7.786807677993684562e-01
5.256375083245419244e-01
-2.242551164153076648e+00
-1.068199727150664913e+00
-2.651849756326734919e+00
2.040679123779507442e+00
9.670763338526860986e-01
9.652694464041861044e-01
2.635188008291515227e-01
4.363914449899252146e-01
1.823932568642570251e+00
1.905302112473940435e+00
-9.423737801285118065e-01
-1.392246804352671008e+00
-7.951027060837398408e-02
1.259251271006388784e+00
2.361594033911534052e-01
-2.549946378624718957e-01
5.931922563921936398e-01
3.010482802111142497e+00
1.039204642839950621e+00
-1.165058949045755243e+00
-5.562673055747507922e-01
-3.283925517871845168e-01
-7.658119061786994308e-01
-1.543532886943047355e+00
-2.909253276374106356e+00
-5.507138252655816579e-01
-1.695192840420173486e+00
1.617370604951519741e+00
1.022926922749965772e+00
1.001102727928365299e+00
9.990035162361997623e-01
1.434188894413325865e+00
2.114500384037257597e+00
-3.093653218595087129e-01
-1.744091967931694853e+00
-9.080799999252109345e-02
-1.074207475834378478e+00
-1.604988480795734862e+00
-1.431191716841854866e+00
-1.222277908262694002e+00
6.365186992598310667e-01
9.936266244931002412e-02
4.644594027924127677e-01
2.856289985206597049e-01
1.890680544202258728e+00
-2.721855527695221100e-01
-7.088268458650279769e-01
-7.929737986711815623e-02
-1.316185992525880755e+00
-6.157040248397254167e-01
2.913430569309962137e-01
1.591139726766553908e+00
1.651504840030262544e+00
-8.828740813357675021e-01
-7.223021032229925975e-02
-4.522364460766201688e-01
-7.846407858908601707e-01
2.456024683422712851e-01
3.615383328628982706e-01
-7.923843881691415569e-02
1.020298756391555317e+00
2.965266568732965347e+00
2.815902044824063033e+00
1.361411962406263276e+00
-1.605672318989943115e+00
-3.839136129265089403e-01
-1.645597745142116874e+00
-1.453431862068343960e-02
-1.971599227225819373e+00
-3.036745614271808780e+00
-1.340290902255604211e+00
4.755117195501739058e-01
4.544542839751080643e-01
-6.586868250907844669e-01
3.272681863887564546e+00
-8.135693494995699382e-02
1.478139155812135508e+00
-6.385057009022150343e-01
9.612119424735815487e-02
-1.338623937177550349e+00
7.095249721174442525e-01
5.428576793034090020e-01
2.723419047059151277e-01
1.198841178247535444e+00
4.286899215116417028e-01
-3.411917196206929459e-01
-1.261526970680665105e+00
-7.385825098996470217e-01
-1.736499540941882413e+00
-5.436550428822439773e-02
1.042777791758477068e+00
-1.401683355932142661e+00
4.577618691659835481e-01
3.736497719161824271e-02
-1.088333697418750301e+00
7.393509578639504420e-01
-8.877699848338679312e-01
4.193475729197583268e-01
-9.196284261618403733e-01
7.702609283932744244e-01
2.689207829675412942e-01
5.884445193374101546e-01
4.320179693674869315e-01
5.042416820090308560e-01
1.097976052813760095e+00
-5.697030253316264226e-01
-2.283972305489654908e-01
5.003426859771858970e-01
1.738142577280021861e-01
1.056588425640973217e+00
-1.308223537516631563e+00
7.338076082610103246e-01
3.327216144283270394e-01
3.519195288755281870e-01
-7.875225026859630217e-01
-3.324824167540263442e-02
-6.663099536898311470e-01
1.331301700016218392e+00
1.952083889911540693e+00
-1.212111500057488911e+00
1.775893627535908917e-02
-8.812725649928171423e-02
2.436954894405422567e-01
-9.003049107569094378e-01
1.006553498702577709e+00
1.335002580059460042e+00
6.490793415494320318e-01
4.832974218725051563e-02
-4.786186210557046017e-02
4.253988499569822945e-01
8.819095991336396434e-01
-4.204430454695659569e-01
6.378125667739946714e-01
-9.075708415694543341e-01
5.492806588982410837e-02
3.357057243283582265e-02
8.277290830029336577e-02
1.383282040360181098e+00
-5.321810757572704720e-01
-1.213818248332407812e+00
1.259641463569950659e+00
-3.315941972749624211e-01
1.916645613395970005e-01
8.950326651126868649e-01
9.093508680817310452e-01
4.787674869260267752e-01
-1.149505885610361267e+00
-1.220002854196742481e+00
8.183104214876267823e-01
-2.231431665528506858e-01
1.360114404903588925e+00
1.039676449184965934e+00
-3.919978965716728880e-01
-5.241137891235538859e-01
1.124891353686820583e+00
-5.783260029934779167e-01
4.934319244029223839e-01
-1.372726798978314511e+00
-3.208934084590758795e-01
1.211168113369329946e+00
-5.594513546148956185e-02
1.835407685852769921e+00
-1.243517833501483816e+00
1.320656712195165339e+00
6.770412501284964746e-01
-1.573253260097102979e+00
-1.953648458323166692e-01
1.304816634925612284e+00
7.838840193512530696e-01
1.108339077687405583e+00
-2.471104572770096652e+00
2.603983682062750368e-02
1.113240253427004278e+00
-3.646558676934468640e-02
1.061537919840921385e-01
9.087997641099542223e-01
1.406911855893460350e+00
-3.256206646527137205e-01
-6.163298693408791884e-01
-6.150255905362123077e-01
-1.064647726076735745e+00
-3.423877923963043746e-02
-6.033211296875095053e-01
1.181521279249761580e+00
1.469284597309109763e+00
-1.163571254369800023e+00
-1.134677675102755190e+00
-3.304747315740699243e-01
-9.701546497101533051e-01
-6.014017353605903560e-02
-1.205466432024869666e-01
-3.211436882621301891e-01
-4.720403229370908615e-01
5.558093522015449262e-01
-1.014949305065249607e+00
8.323110608563059065e-01
4.102493460149929660e-01
3.767806133619869824e-01
1.027741679243249440e+00
1.217568735822433856e+00
-1.404424944886270676e+00
2.175657390847879069e-01
3.884872463172639456e-01
1.033919965957981885e-01
7.220572662862073665e-01
1.090414341553458816e-01
2.383328796082746504e-01
1.202928241496759920e+00
3.552781344514428508e-01
-1.302683566443704755e-01
4.653062514413158768e-01
-8.404294740488724713e-01
-1.800201295114848499e+00
-3.606572113201423901e-01
2.509253095955751300e-01
8.926701194077842905e-01
-1.865923177296555796e-02
8.064958600278228085e-01
4.348083112435570108e-01
-7.709365042080738029e-01
-1.489209797009107383e+00
-3.545311509625036911e-02
1.247452477058353493e+00
1.112607316371783783e+00
-7.763415340929192832e-01
2.270593127395909294e-01
-3.910815986130194294e-02
1.509501148188176212e-01
-7.113924931130285456e-01
5.449302235478294815e-02
9.585559860865464077e-02
-1.435531459342440419e+00
-1.805290144002112129e-01
1.026669544364453346e+00
1.628217899767252508e+00
-2.306216698650594837e-02
2.988868410373308193e-01
9.699974043735081208e-01
-1.114207071739529598e+00
-2.398301139623841838e-01
-1.366457591609981925e-01
-4.090655266082724589e-02
7.385402038197993457e-01
-1.254602771230373337e+00
-1.301832318487851081e+00
-6.314896795925087902e-01
-5.588643059286712012e-01
1.112021980061145693e-01
5.314069615541495706e-01
-4.753719657390593212e-01
7.888287588389567562e-01
8.754765089763946184e-01
7.704564295197163792e-01
3.271596892955526137e-01
-1.940895810498481922e-01
-2.214544969348842152e+00
-4.940558042373027203e-01
-1.602095253461333746e+00
7.658768404148844633e-01
-2.938984448120923743e-02
-5.759913572716967023e-01
6.971877249834492751e-01
3.344447622520630992e-01
8.254234288099016048e-01
-5.664729535860785203e-01
8.547041394958425631e-01
2.562047448358161783e-01
7.076626214927909109e-01
9.005323007495602550e-01
1.515057690721714589e+00
-8.137373593626531232e-01
-1.292006723438915428e+00
4.035036329760235407e-01
-6.209654670741436844e-01
3.983383575950366073e-01
4.926362764116244408e-01
9.535638005731518207e-01
4.801881567526934402e-01
6.019926473615532236e-01
-9.159363362516482754e-01
-7.332200629226378608e-01
7.201803075459731751e-01
-1.147402318429604939e+00
-1.635402341907298496e+00
1.779425184032516483e-01
-7.718255973868763664e-02
-3.639695485700178423e-01
-5.400819250209157873e-01
1.189795059775070163e+00
-1.491723890709184819e-01
-1.210342055929451766e+00
2.963514369398062009e-01
-2.671941377517548788e-01
-1.046192832497211261e-01
-1.774232396372929399e+00
5.529389311031617238e-01
2.013831891057943912e-01
8.059734712296987569e-01
4.717290058406278797e-01
1.769637106288680095e-01
2.223852001371037779e-01
-8.689598340200899163e-01
9.047675139157254076e-01
-2.846930218237761601e+00
-7.356926343613973129e-01
1.213700225072331440e+00
7.568939344652178547e-02
-4.063516583054510578e-01
-2.021832139101357395e+00
9.990404340429390739e-01
6.323247911677032373e-01
3.938918754918427356e-01
-9.057485017038158226e-01
6.603710160362709358e-02
-2.339623206357516860e+00
-2.053959350838149844e-01
-1.121404684416549502e+00
-1.211193754953005186e+00
-2.301931802325386300e+00
-9.366761026905875420e-01
-2.097523335927950205e-01
5.498805177147466638e-01
-6.158229709637530469e-01
-7.200487227139517055e-01
-4.574927803603069942e-01
-8.472980852982592292e-01
6.658847942132731790e-01
-1.318569685152668758e-01
-1.004649600774000451e+00
-6.827956895818169114e-01
-1.034792024764014107e+00
-2.025259536380097647e-01
6.200270700256317324e-01
1.079266599271133664e-01
-7.441756382761495203e-01
7.371992137334200390e-02
-1.324107229413814979e+00
-2.122022671327514487e-01
1.203154402532442963e-01
4.300906503415831139e-01
-2.801394601345915877e-02
8.654868541024732798e-01
3.491730036037771767e-01
-3.637247775343338541e-01
7.105174792816205676e-01
1.503088154163805479e+00
1.878725103452746348e+00
-4.688910667004877464e-01
-6.037752336686063037e-01
4.012113895514347606e-01
-4.075602904696231099e-01
-1.814651083446542079e-01
-3.422057907249431152e-01
3.370969222109563290e-01
3.001580754342435542e-01
5.905900076133195897e-01
1.043118205173645396e+00
-9.302736367655418670e-01
-5.813276702752329106e-01
-1.793954415913532607e-01
1.423261654367745654e+00
-4.657306528611038568e-03
-1.352564013482575600e+00
5.571781658264600701e-01
2.876320425802261216e-01
-1.460805059821808305e+00
8.673235030757941999e-01
8.640062447662055778e-01
1.821580309203656878e+00
6.357880375816534757e-01
1.833963829519284772e-01
1.491833587157157526e+00
2.959457333557022340e-01
-2.493866145120144651e-01
1.731064631671098475e+00
-1.907121919494024320e+00
7.305561307002316207e-01
-6.308144772097570296e-01
-9.531785050365664258e-01
-4.065516863054223218e-01
7.445381858430989430e-01
-1.144440527434581023e+00
-5.683596462665878313e-02
-5.949936739284629184e-01
-9.782653805886384335e-01
-7.480357112117068386e-02
1.584515818184098146e+00
-6.671221804043737658e-01
1.449938441393694655e+00
-1.895344268179564029e+00
-3.452387119632203127e-01
1.406467206755146027e+00
1.234771753729261290e+00
5.795396116514116465e-03
-5.555854915608721828e-02
1.110069247478083332e+00
7.094094721468398312e-02
-4.203537894836896771e-01
6.424217540945850180e-01
1.418483645807025184e-01
8.524876147279307481e-02
-3.665008614844845192e-01
-8.562928121922013247e-01
3.802633231236115519e-01
9.585083821318652886e-01
-8.370250453365710719e-01
-3.491000664781597762e-01
1.463614951601276859e+00
-1.050747816536831802e+00
-1.558554555081117510e-01
2.571876716593122225e-01
3.786787917676529558e-01
-5.865628441377190860e-01
7.325332712094915211e-01
-1.134878474953865402e+00
-1.146869974887440913e+00
-3.289001482223020134e-01
-7.548578037633967286e-01
-1.345893830234412114e+00
-9.304469192350632856e-01
-4.608641667126552877e-01
-1.449479906546862429e+00
3.486000617692832648e-01
1.470043305232577868e+00
-5.836312148485447437e-01
3.153276533670423265e-01
-9.829996690051935326e-01
1.553443291780777780e-01
1.354662545054710510e+00
2.541032206020279460e-01
4.064609010318610549e-01
2.190743752433406411e-01
7.405120596814506184e-01
5.045198299597221103e-01
-6.077310955644568136e-01
-6.105303469012911544e-01
1.105869789413583409e-01
5.591922162960503151e-01
1.191352437170080242e-01
-6.444035874647967566e-01
-3.780957508004594292e-01
-3.823272755545791823e-01
-9.794077665238216657e-01
8.002185455984370810e-01
-5.878188171812771534e-01
7.986724687201309791e-01
-4.918939003528162712e-01
-1.482380778560998535e-01
8.142218852813692953e-01
-1.433367677236218940e+00
1.890351688588290946e+00
-2.220412711479141876e+00
-2.043656563096122980e+00
1.359736186305614769e+00
9.480723614862857085e-01
1.475312904053063923e+00
-5.847270117105557441e-01
1.090924226335389546e+00
-4.071199154592667901e-01
-7.740798456214328382e-01
8.015886838494445943e-01
1.102959783774359881e+00
-1.464369552497488236e+00
-3.884983201798968278e-01
-1.085305391426461430e+00
4.540237566486532428e-01
-7.890778722521815114e-01
1.234657456587646251e+00
-5.315437657849805264e-01
5.048153350394276595e-01
1.939674466446809631e-01
-7.000196922098836927e-01
-1.819749189402208644e+00
-1.238249987648394779e+00
-1.929480870910498025e+00
4.480627650650635951e-01
-4.451175332457021905e-01
9.438945399789787638e-01
-7.571572875782164869e-02
1.320148487744973842e+00
2.424143063506278395e+00
5.216511769186482628e-01
8.902587814373147390e-02
-1.907043726484854762e+00
-7.378111113114010911e-01
-7.411235542709147806e-02
-6.220813149488889637e-01
-7.820587383485290145e-01
6.540068715681673917e-01
2.360332924558216638e-01
4.669045217216694077e-01
1.533055936625511706e-01
-1.040687398743823211e+00
1.370608888288171512e+00
1.339425218749127344e-01
1.326387873128114903e+00
-1.731347795041508375e+00
1.165868994678317616e+00
7.018893229655142063e-01
3.219466228969320443e-01
-1.577104472144824410e+00
6.463992831708066378e-01
-8.391081229631267568e-01
1.005299707743563919e+00
-1.312383439334209867e-01
1.813621103785007627e+00
-2.354508689858615667e-02
1.331324295708420147e+00
1.227617918183328660e+00
-2.500554443915117719e+00
-8.625610228139990454e-01
2.377938094262231239e+00
-8.699005413749779647e-01
9.969879521754970719e-01
1.064267614143165952e+00
2.005793969849553271e+00
-5.906824219278911103e-01
-3.168044795678435777e-01
7.094536857717552714e-01
1.185939760577917834e+00
2.962297435205630158e+00
-1.777617585804477929e-01
-1.507059123170818360e+00
-1.726575426579922246e+00
7.697643433269858448e-01
1.883828539158610038e+00
1.031318467545460846e-02
6.705864337581008972e-01
-3.123390578448380084e-01
2.736611547791347743e-01
7.210340741665233200e-01
-1.860986696643361638e-01
-8.140212438224537772e-01
1.223706195300005850e-01
2.589809798087252979e+00
-9.285693441921457625e-01
9.604333171575030192e-01
-1.949850556604982188e+00
1.113697957312349135e-01
6.198057303972642762e-01
-1.106654595240347927e+00
-6.536190421071803591e-01
7.547250488493479903e-01
1.054194597353972140e+00
-1.242914775132223926e-01
1.521277505953186227e+00
6.111698034606379837e-01
-1.109185871115780930e+00
-8.117902161375250003e-01
-5.548684688413786370e-01
-5.961303436602690686e-01
-1.456687713184821487e+00
1.245768998422295271e+00
-6.988597727346565480e-02
-2.020233607443404078e-01
-7.203347945796412244e-01
-5.114536661200117518e-01
1.959234667938891006e+00
-1.331555217295964821e+00
-9.896654812292835501e-01
1.051644726179451261e+00
-3.423936867478225010e-01
-3.908394477999997951e-01
1.765200784267524581e+00
5.987029291084912108e-01
-2.767120781836459043e-01
-7.121407773736750935e-01
4.064796888296366012e-02
-5.658927731872714917e-01
5.304097135146850217e-01
-5.610494400020012984e-01
1.072864197861572721e+00
1.010177449249662018e+00
-2.318618607839422474e-01
4.645487982011466954e-01
1.910563913352134824e+00
-1.208945426255341182e+00
1.939022134403410591e-01
-1.163773905778089812e+00
1.068184792304845310e+00
5.540238256567520114e-01
-1.990772469324022964e+00
-1.277168840484645074e+00
-1.716570016234164830e+00
1.677537572250661080e-01
-2.267716357226622126e+00
-9.472942800323985724e-01
3.183121509848106934e-01
1.761113915598271074e-01
-2.169519523492363433e+00
-5.870157645132639823e-01
-5.861568148357936270e-01
-2.077378486723892997e-02
-4.343928407726946328e-01
1.112372744973583183e+00
-4.578009174451203589e-01
7.256085691220858225e-01
-2.418976067574929723e-01
-2.211839967720171940e-01
-6.910191089290192989e-01
-2.646512718383649543e-01
-2.973606828032867577e-01
7.619906432290812770e-01
6.709864902786423224e-01
2.136629973833414020e+00
8.158313822585687713e-01
-1.065390839203471440e+00
-4.024401878709097935e-01
5.322090641998323823e-01
1.747696365297956911e+00
-9.678295618268668576e-01
-1.707782367941728552e+00
-5.982818815466477425e-01
-1.145826192592914960e+00
1.300339148083615282e+00
5.143908848796695521e-01
-1.334718784888942800e+00
4.109627114356541600e-01
6.673785489681607896e-02
1.568657520471250510e+00
-5.889150480899224549e-01
1.090352505765547875e+00
9.226217014888825618e-01
2.361086812061576057e-01
1.958997089404760139e+00
1.642545657002552062e+00
-1.752567904712456770e-01
6.629422650398747452e-01
-1.572488349049354417e+00
3.793940920635238134e-01
7.223899380333564935e-02
7.808680248151332881e-01
-4.159256878853729439e-02
-8.548612080371884581e-01
-1.215061557979690149e-01
5.386222390881049149e-01
3.180968821342800901e+00
-1.921491436059570568e-01
-1.321992024180139280e+00
-6.247721069396335383e-03
-1.167659330697765618e+00
4.445528298640831211e-01
-1.881527803034204860e+00
-7.528966251240922780e-01
-5.512551187260675833e-01
-7.549509672012099104e-01
-6.271961277560567094e-01
-1.766005776566068053e-02
4.906520821840065771e-01
-1.172245616154984793e+00
5.258932226053154579e-01
4.686169434917012433e-01
-2.020388820256383833e-01
-1.908308142124467199e+00
-6.362396237482876860e-01
1.080598513822202289e+00
2.413380048171827764e-03
-2.769734126292334730e-01
-2.750907053609812913e-01
-4.277697080664763507e-01
-1.697185264200175681e+00
6.272381034039901104e-01
8.708271476573902214e-01
-4.835765984063700729e-01
-3.597377376340333277e-01
-2.388063611907887129e-01
-3.788046224087634473e-01
3.145279912321647942e-01
-7.770259810547517354e-01
2.359659459862753217e-01
-3.427754001300769571e-01
2.388505083016796704e-02
4.164766911990251397e-01
4.000733498706767199e-01
2.460815093175694468e-01
8.993623892259362818e-02
3.075717334603403907e-01
7.918721178686560780e-01
5.903132944787059522e-01
-1.764312908498288091e-01
-1.014061721630254098e+00
1.109081584182541436e+00
1.270785086467040914e+00
2.811300341932945757e-01
5.081442546308501118e-01
-1.976885128635639532e-01
-5.803945965073253194e-02
-5.115244349302924265e-01
1.844640140798790462e+00
6.680936815024891562e-01
-1.034591300735981489e+00
-1.279342858296040220e+00
1.133548831197716433e+00
1.121698771693252938e+00
-1.255824349530208384e+00
-8.681253870079013168e-01
2.374145290294562560e-01
3.471379046647474986e+00
1.239923815634866866e+00
3.109527190759445503e+00
5.258771217958615463e-01
7.889131101887342234e-02
3.958237740112560132e-01
-1.061753818068366773e+00
-1.386355005706768617e+00
-2.310044085654320067e+00
1.918550960372398251e+00
-2.154788865727259584e-01
9.359430098998914316e-01
1.327731769279352769e-01
-7.510670129036987053e-01
-2.487693848708217192e+00
-2.045150582251272997e+00
-1.444111371353300699e+00
-1.293733111719919782e+00
-2.201818619181683534e-02
-9.761760990046617348e-01
3.163275730380692430e-01
1.015142380739795236e-01
1.109167002859147599e+00
1.179253842965793275e+00
-1.332026755949960117e+00
1.575512214162946956e+00
-9.107504321563324456e-01
-9.010124761411559824e-01
-7.767307654165394037e-01
1.926711265837209641e+00
8.787374912748582290e-01
6.353228562461510354e-01
2.085468349375938946e+00
-1.134533984121527395e+00
-1.461835427060198089e+00
-1.124433444807565685e+00
-2.194820253576700519e+00
-1.852568416881468449e+00
-1.476110231504234038e+00
-3.773749035007363251e-01
-3.811575130441338111e-01
1.214449998228048555e+00
7.432238278461336112e-01
8.711637253681351334e-01
2.914103179944007582e-01
1.486724660759374483e+00
-8.334107424421299815e-01
1.552971937275331227e+00
-5.581287571564694794e-01
2.781373944922814756e-01
1.029929587841607930e+00
1.114345274529467966e+00
7.791955431630770423e-01
1.173369162989676084e+00
-8.207472949452883082e-01
-1.496633360172030969e+00
-7.802937919989247906e-01
-1.673007482032478510e+00
-3.077701323464427929e+00
-1.429391836863910914e+00
1.296510672123396768e+00
2.646257802122533587e+00
1.367264287700097558e+00
1.212356853329811468e+00
2.400573195950775340e-01
5.349151741669022631e-01
-5.695570657373250079e-01
8.103118022317536973e-01
2.257643385909803568e-01
1.084276220508150868e+00
1.071246624899118594e+00
1.964478163207994621e+00
1.598074233243649722e+00
1.509146151489737075e+00
-9.846370573203888643e-01
-5.931440537632193255e-01
-2.843658468997622979e+00
-1.727698138511169157e+00
-2.552366386536871090e+00
-1.714204331554869842e+00
-9.093395259377654583e-01
-3.704528043962577177e-01
1.604221063404911884e+00
4.668248656725992873e-02
-5.965282531520091913e-01
-9.647007178376072467e-01
-7.821667739818980447e-01
-9.061823333673217906e-01
5.926240072753703458e-01
1.906680960122254076e+00
1.677775076085235018e+00
2.976583940732321132e+00
4.706676319901132999e-01
1.727128936728950626e+00
4.467676519685772618e-01
-1.857198288572193157e+00
-2.341866402509679368e+00
-1.457039156968628957e+00
-2.515534245966890570e+00
-2.459813524945336560e+00
1.262857766450466990e-01
1.395252228385020388e+00
8.111352237293306677e-01
5.382566919308000575e-01
9.608721715882907466e-01
-2.006091614801584821e+00
-4.768493044274100257e-01
1.374449849554305825e+00
-1.200570216753266140e+00
8.456425964723472966e-01
8.747199690891169777e-01
2.056465742863716528e+00
7.620584327483352904e-01
1.919194215714051577e+00
1.607074641291518446e+00
2.659235758439905117e-01
-1.123858376837957973e+00
1.389247684232770563e-01
-9.869780873341693628e-01
-3.087862082542735642e+00
-5.890857222794876336e-02
4.531100295661499855e-01
5.954423420308677661e-01
-2.780252763640158470e-03
-4.847222393907391069e-01
-9.658300670141490851e-01
-4.576580778117669834e-01
-8.118487085469696662e-01
-1.504676802809445935e+00
1.259252599594223199e+00
-5.502011927765643184e-01
1.775443398823493890e+00
1.808674998584264060e+00
1.369617652759381965e+00
1.912431430007458744e+00
9.880437725988699960e-01
3.778809045481764106e-01
-2.490780451477029089e+00
-8.694192453589731917e-01
2.541059452597351775e-01
-1.407015376842016163e+00
1.306427171504228602e-01
7.539301923257739346e-02
5.803818714042379145e-01
3.522329322722240752e-01
1.136532497717867018e+00
2.352298581539189470e-01
-9.611621291128569222e-01
-3.224108263515514494e+00
-7.084308644874027783e-01
-4.154231392671086098e-01
9.218962093698271909e-01
1.832868870990194132e-01
3.285029615730015617e+00
7.849382614512606660e-01
8.396841502230860677e-01
9.692827331066182772e-01
-4.911146047189476893e-01
-4.556738255345027522e-02
-1.230257295434974196e+00
5.077417313792649267e-01
1.348345798316465394e-01
-3.484024544443839133e+00
-6.753941177775119042e-01
3.770670781584086750e-01
-1.148965121955665136e+00
-2.088601660099013380e+00
-1.619944111346425020e+00
-3.097462381338303761e+00
-1.468263814423343749e+00
-2.332971260762814136e+00
6.373110044174550293e-01
2.213767267354198154e+00
2.208783912786537851e+00
2.669850599257692636e+00
1.146430963971610373e+00
1.329954019118002373e+00
-8.896603907243828546e-01
-4.228374977429919523e-01
1.149625624088415066e-01
2.852313545726158361e-01
-1.863625588132447608e-01
1.006459782360438870e+00
-4.832324424463774193e-01
1.705035032954598240e-01
8.667282056693628167e-01
-1.670340824476568287e-01
-1.105823152493472072e+00
-2.791412839517020128e+00
-1.557998839428880178e+00
-8.675493254526186471e-01
-1.469910422030440200e+00
-2.278164005158298533e-01
2.505237264974701894e+00
7.264237175059813367e-01
3.537704434248265084e+00
1.393931966736555728e+00
1.048244665829071831e+00
-1.557797323996933603e+00
-1.308866889275304368e+00
-1.127297965163327031e+00
5.459769321840032275e-01
-2.006968377180693430e-01
1.689064103936062544e+00
-1.527309689986454888e+00
2.317644641964466068e+00
8.696373812165880679e-02
-1.034546566898849385e+00
-2.976513736627265594e+00
-3.864492784859050012e+00
-3.097775890785872122e+00
-1.404968735099077382e+00
4.486189721726324686e-01
1.315053949130555955e+00
1.065276077365554741e+00
3.825312830342495474e+00
1.548512540167747975e+00
-8.314502355872093187e-01
-7.163321042975259179e-01
-7.438572308861297611e-01
-1.092873713205437247e-01
-5.500949745197059038e-02
-4.081397813832396970e-01
-8.270388318043830900e-02
1.540234584464104550e+00
-2.505776709154680315e+00
-1.262102425902158931e+00
-2.735750564745271340e+00
-1.329035012516670333e+00
-2.193486484941374215e+00
-2.383610406855037223e+00
-1.949811470715518746e+00
2.004510972293732651e-01
-1.618551165381427737e-01
2.221233589245506845e+00
-7.553864158363445824e-01
1.393263677919773125e+00
7.116656801191151294e-02
-1.509731991610030910e+00
-1.140667449644100273e+00
1.292903513885929279e+00
4.189558073580039732e-01
1.175979888533906781e+00
2.025214955448281451e+00
1.885612134224679215e+00
1.425632442852002413e+00
5.973955469152473219e-01
-5.737488217428103887e-01
-9.259036499404253995e-01
-2.469637229598568240e+00
-3.559732744424617401e-01
-1.730052133436249973e+00
-1.173964592959365172e+00
-1.812896010378893141e+00
-1.157703840112916938e-02
1.211517936910844639e+00
2.374535327740317503e-01
3.485690907297642749e-01
-9.655024924167152633e-01
-1.997996017263185542e-01
1.785761817739225377e-01
4.863284226161423973e-02
1.736980158559260135e+00
1.538098736598701333e+00
9.669876765037788147e-02
1.997074141169194350e+00
1.617541575594928727e+00
3.216685891704638700e-01
-5.211488819364544778e-01
-1.474726652950829164e+00
-1.165960432877440667e+00
-2.816944238888821062e+00
-1.555743722861989697e+00
-9.609705828777069803e-01
-9.530519438518415543e-01
2.035968297297447993e-01
-2.415120982543328410e+00
-7.344238998210066427e-01
-1.246498185283923643e+00
9.812326143111491650e-01
-2.986934624613302169e-03
1.507953623499678431e+00
2.388881765917265199e+00
1.136058298347379480e+00
1.818499085812951943e+00
1.924018732645186081e+00
2.482305705971553422e+00
-9.344969631474834282e-01
2.119586124060482413e-01
-1.050235260923452207e-01
-9.941998240853420210e-01
-1.932603876347015026e+00
-1.615323167300459772e-01
-6.976972419302753803e-01
-8.625185874176364287e-01
5.493722944219283644e-01
1.642126848404920736e+00
8.813629223063512708e-02
-2.027645526332207737e+00
-2.356700777775283528e-01
-4.318762129869502253e-01
-1.191667348476547650e+00
6.103424398288660457e-01
2.279138106331512592e+00
1.772603990435231980e+00
2.076898383171125850e+00
2.689787043781776354e+00
1.267431442177660683e+00
1.294147625400485779e+00
9.201773882502997104e-01
-8.332579221859197638e-01
4.227478165609326322e-01
-1.462004517862377506e+00
-9.017699225721287348e-01
-1.314512678065184570e+00
-1.699248382225358178e-01
-1.036703068248254755e+00
1.219664683907380143e+00
-2.942886969484580506e-01
-2.254513974540660826e+00
-1.178107015336433694e+00
-7.927114448119488843e-01
-1.986765756575954445e+00
1.415026758227861725e+00
2.046394539731282158e+00
1.657555164782220869e+00
1.176518953502181164e+00
1.219994671395313590e+00
-5.707907707002789488e-01
-6.381365454978922269e-01
4.556909233135233439e-01
-1.505701351631899554e-01
7.299169893560870648e-01
9.361863279971633922e-01
-6.040953334725757129e-01
-8.034596231584300030e-01
-7.097160772109400995e-01
3.894834769732654634e-01
-1.241311725680270150e+00
-7.906118952787656307e-01
-1.542617289411792880e+00
-1.680700985493695621e+00
-2.055609616104260962e+00
4.727059996623886318e-01
-1.083419873146707513e+00
1.741141443039456060e+00
3.414519147089543516e+00
9.617304155376180663e-01
1.483372645835919768e+00
5.653421028726107744e-01
4.455457547448524736e-01
-1.182555669897361605e+00
-1.146320609129432011e+00
-5.273229572944461152e-01
-7.575562455598023881e-01
5.165583465183575251e-01
-5.923160381097829497e-01
3.799976904686975798e-01
-1.822208623288514406e+00
-7.773051010893190504e-01
-3.305291864760683040e+00
-1.832972275737018819e+00
-1.773657656434273200e+00
2.526239602488924429e+00
1.413368218686190114e-01
1.527185001613378335e+00
1.753295248016793817e+00
4.223640932141435655e+00
-9.696132922059330639e-02
1.254296070153840148e+00
5.329231260539880610e-01
-2.040394403884610242e+00
-3.486820464466990344e-01
1.108304570440037828e+00
1.543651644137460144e+00
1.682596804629330256e+00
-4.180068317460100547e-01
-2.601238384896307210e-01
3.975031328663466423e-01
-1.175877808598234431e+00
-4.937051695372689508e-01
-3.113198380735026749e+00
-1.988338070634807275e+00
-8.848754039009529837e-01
2.692426505762129385e-01
1.041565102144780486e+00
6.138015368670203253e-01
1.356876355789437882e+00
2.439596112883146262e+00
-4.978683441932472142e-01
8.668352032680076702e-01
1.015173411892068778e+00
-8.072532431403689479e-01
4.602287631268212054e-01
6.389402717528747111e-02
1.319017049426931543e+00
3.862195467807483240e-02
1.076874405215999309e+00
1.247989850268363399e-01
-2.263410404495338923e+00
-5.753105068279922296e-01
-1.477861079635732988e+00
-2.150622058057320984e+00
7.519691235298240350e-01
-1.793513068908296537e+00
1.695307572021946541e-01
4.302399894937236624e-02
-1.932683042292369091e-01
2.735637499941477868e-01
2.654354158315089585e+00
9.757614649507235782e-01
-7.043739021494134223e-01
-9.303797685460172273e-01
1.253906325732825899e-01
9.757098502169043730e-01
1.207311342965937229e+00
2.011100738861548720e+00
8.849998158231997536e-02
2.115797563402299186e+00
-9.781545413549159740e-01
-1.130991289187093907e+00
-1.446548104984424654e+00
-1.695916560894950909e+00
-1.372468644066190402e+00
-2.150725232776408813e+00
-1.559378942220838393e+00
7.775230781139503833e-01
1.612539564341089471e-01
-2.000230531272385592e-01
-1.820573296616967429e-01
1.206971211662660970e+00
3.920900884545443499e-01
-5.791349647640349207e-01
7.290145366119119563e-01
-6.374007971459710875e-01
2.463628039376414058e+00
1.291037810964955845e+00
-4.280567703626700915e-01
2.102329182844075994e-01
-1.282255047492538935e+00
2.407406970251285694e-02
-2.943164088456661442e+00
-2.551969304921194226e+00
-3.882754889329396608e+00
-1.481266486576030994e+00
-7.715730130339237824e-01
6.794920760188852826e-01
-3.919915993613445337e-01
8.384175972851718450e-01
8.309093786394367021e-02
1.020219693150764551e+00
5.850287117399035619e-01
-5.782228588242153133e-01
1.538685575176987896e+00
3.415905001568945165e-01
1.070641167929871074e-01
1.175502172540864976e+00
6.004153217646817087e-01
1.037981436573109928e+00
6.807795867015780100e-01
-7.654527468628813391e-01
-2.292167251737584066e-01
-2.780149325375338876e+00
-1.430802640648847213e+00
-2.160524720125075238e+00
-1.099746099287206125e+00
1.512504245401516956e-01
4.121269587007789781e-01
-3.165259875620698438e-01
9.751343629564622750e-01
-7.352185128730102104e-01
-6.265304586515030305e-01
-6.448307204431747985e-01
7.836317464362372309e-01
-2.132695337491901988e+00
1.218136225645200188e+00
1.478285912291265491e+00
3.363963645836421712e+00
1.845725440686332375e+00
2.166095680012372959e+00
1.330925840721334685e+00
-1.582433565773544215e+00
-1.116495050234827424e+00
6.296344451183699675e-02
-1.304281245252730592e+00
5.230925206543231010e-01
3.631242846277671354e-02
-7.820433814622781421e-01
1.301067759317196870e+00
-2.103221088424973018e-01
1.544438187373191051e-01
2.649312746758938353e-01
-1.033814682892479242e+00
1.577921805070946482e+00
-3.753598508114247556e-01
-2.190137212133557165e-01
-1.292564351062797101e-01
1.058772646036417520e+00
2.904754247619121266e+00
1.572913423040835923e-01
6.962286930169990784e-01
3.105002329916541903e-01
-7.456414782721401124e-01
-4.265618022784909980e-01
-1.173738370644466400e+00
-8.153927587346366801e-01
-2.465775800235013193e+00
-5.580455736792883092e-01
9.062316033624328027e-01
1.385196235468672654e+00
5.801835984390474321e-01
4.381294025378175139e-01
1.532161222151759983e-01
-8.387483303880016727e-01
-3.691459470282247413e+00
-2.387474159051506728e+00
1.455600892003961477e-01
4.916269009682882052e-01
1.208381699765239681e+00
2.259246697369014178e+00
4.441909860703343149e+00
1.447195811799762755e+00
-5.526409667013223448e-01
3.940338904996800728e-01
-9.932585918599152741e-01
1.658344522759641615e-01
1.101957146510798458e+00
1.227649006761174499e+00
-2.213823529756040465e-01
7.767516477703925171e-01
-8.390686220585781285e-01
-1.644436075742674586e-01
-4.036014012526059069e-01
-4.568183393128347092e+00
-1.865874366186306199e+00
5.499761138687657702e-01
-5.337860156042012472e-03
6.295044615572256141e-01
2.880311815290200972e+00
2.030941199496143490e+00
1.905295469085891646e+00
1.156619745435645941e+00
-1.089936186546631713e+00
1.109213342737402463e+00
2.766333116343222542e-02
3.806319684492777689e-01
5.137172330288656275e-01
-3.879465156827472394e-01
-5.770817861876397226e-01
1.890387000077110802e+00
1.998220602961258585e+00
1.079366334602700928e+00
-8.511987768382274222e-01
-7.970566586946363774e-01
-1.446798299002671095e+00
-2.921501854516841412e+00
-1.721941383876959275e+00
5.923133417885926288e-01
3.259267231945781607e-01
1.911961150969728074e+00
1.464261997391861803e+00
3.540912471579364507e+00
4.220210228420795406e-02
-1.934450814152414155e+00
-1.224172493217742241e+00
-1.332153469116714728e-01
-5.752241729480112031e-01
1.821543927165597765e+00
1.963076376123243483e+00
-2.445907257327990525e-01
7.053890279853973766e-01
-1.971213938552285549e+00
-2.118413864312918449e+00
-3.058507539651418305e+00
-2.351877466736391309e+00
-1.176474881651235593e+00
-2.252453189467558570e+00
-8.537407783366915970e-01
7.147399663712264983e-01
1.243962119514408382e+00
4.494930012873005198e-01
9.268245309912479524e-01
1.240493026405196320e+00
-5.360570324942748321e-02
-1.526885154447185533e+00
-1.161524085292300057e-01
-2.000006922472582493e-01
-6.086063414333315880e-01
1.912264874609306053e+00
1.614148099214601784e+00
-1.387868196442273883e+00
-1.590023774317671057e+00
4.268603018092625989e-01
-7.373839983339123272e-01
4.004958091639236883e-01
-1.227926794246164022e+00
1.830141139297756236e-01
-1.593489859026719913e+00
-3.554652958779788152e-01
1.856179819539773623e+00
7.281526969090071910e-01
5.676604761809092015e-01
-7.302066092652033102e-01
-1.575937304083016244e+00
-6.635884929466036031e-01
-2.238603985202041624e+00
9.543661001497304452e-01
1.082896725646014469e+00
1.249834136527066875e+00
1.437062700710758589e+00
1.268097592779867222e+00
6.217928239175197769e-01
5.607309835668503606e-01
-1.305887598948997752e+00
-1.623238617371514314e+00
-2.280133867277963411e+00
-1.317165222041041028e+00
-1.775299275685132905e+00
3.527434262600429582e-01
8.011208091693412803e-02
1.329051531846663803e+00
1.771324555164377479e+00
3.266362988758343966e-01
1.525157156927731350e+00
-5.793305651401778888e-01
-1.477604033114805926e+00
1.480393163604836748e-01
5.943094370722162845e-01
2.655653353487431811e+00
2.165513953216215093e+00
3.719078837828797557e-01
1.130920919489589949e+00
-1.154790516045455018e+00
-1.626554708802913307e+00
-6.704999988324668037e-01
-1.685185612582883019e+00
-1.182336603954876608e-01
-8.487290561844511583e-01
-3.071087498788097614e-01
2.324908949807759084e-01
7.324835905034873251e-01
-1.069628928140072155e+00
8.668242747538869308e-02
-9.637905226001451942e-01
-3.094853887491990641e-01
-7.398308273616206465e-01
-1.915522578667682996e-01
-6.242451844469459887e-01
2.003755060826088563e+00
3.423619483798825858e+00
2.019714926802154142e+00
-1.086322817515497086e-01
8.272510507604191599e-01
-1.581755288308342444e-01
-1.450233367715911381e+00
-1.487640909069062101e+00
4.614968536503185614e-01
-1.981082923109281024e+00
-4.726342067765114674e-01
-1.851119644804877673e+00
-3.809927654959314736e-01
-8.340390273699298529e-01
-1.516139777174152492e-01
3.160567303802858108e-01
-1.546735335422265045e+00
-2.476352749621239191e+00
7.927399164642534579e-01
-1.191332012703667509e+00
3.154892731333951428e-01
8.537006456226579054e-01
1.249213579222929749e+00
2.702276128606519112e+00
7.265820821581141509e-01
4.425640506906799998e-01
-1.135728092478783813e+00
-2.628536149355803486e-01
7.111739774941944203e-02
5.316427888362970089e-01
8.833186445749195981e-01
6.851060348747755047e-01
1.799763850774161456e-01
-5.036809060567616347e-01
-9.759029978274516015e-01
-1.693201135341894981e+00
1.212042938843472140e+00
-1.537962020350655656e+00
-1.036453959170713368e+00
-5.633914220121273297e-01
-4.348603680415228379e-01
-9.654750957991344862e-01
8.861752930888505686e-01
-1.882318676118907019e+00
1.105608482583276375e+00
-1.199092933955135498e+00
-2.263075196630249530e-01
-5.685028646791544515e-01
1.695818416719682697e-01
-9.871663569250228587e-01
-4.210764330773887343e-01
-3.896212399201602339e-01
5.224534430188245704e-01
-2.839663757768117747e-01
-5.773743163015854739e-03
-1.153816418160676038e+00
-1.713571429940744961e+00
-1.201417627398315480e+00
-2.453823020427952917e-01
7.118097054530464485e-01
1.365725982023495044e+00
-3.608812321212310215e-01
1.985390986530373714e-01
1.282741934617029900e+00
5.322204923805217563e-02
-1.102598738389407362e+00
-3.620660918905743708e-01
1.613484163958219808e+00
1.586964181493990766e+00
-7.105962522640592027e-01
5.504332449896361945e-01
7.298323364611669639e-01
-6.475419020436162798e-02
-1.674049052879735600e+00
-1.984689427171764331e+00
2.556246742713021991e-01
1.519327961245776404e+00
5.592751858487043926e-01
7.367062843403440198e-01
-2.815608140451604680e+00
-1.635263606438679185e+00
6.172505982394894675e-01
1.976759759310902753e+00
5.073191065375241005e-01
-1.106995483012483517e+00
-6.867462532707970801e-01
4.132020100515420569e-01
-1.767961295227192142e+00
-2.893375586074972000e-02
-1.252609917694538888e+00
-7.223757450880289310e-01
-1.341672276607278613e+00
4.359124098829125771e-01
1.615989012534079672e+00
4.714324774269184060e-01
-3.858670850976028133e-01
1.665320083144025576e+00
-7.602009685125311611e-01
-4.952824520034262434e-01
1.093370577521384890e+00
-1.200049603753673644e+00
1.034572534332983684e+00
-1.037732106365994333e+00
9.588636518697369118e-03
-2.079582211245334378e+00
7.023721369555560590e-02
4.341936146865618684e-01
-7.631547089300176889e-01
-5.046914586253071766e-01
4.551833963184808152e-01
6.219791763317671363e-01
-5.324952270417894207e-01
1.506571383559576649e+00
-2.551801511586160864e-01
-9.880403366562637846e-01
2.461915314600522819e+00
-1.406171376200441969e+00
7.609828704005654199e-02
-3.582420918222232742e-01
4.998642155389624309e-01
-7.812987217734780332e-01
-3.525440962722485305e-01
9.629095380156338368e-01
-8.609996125364415276e-01
1.056990386596894649e-01
6.999322827970492211e-01
-1.041434492152664149e+00
-7.358453010189325294e-01
-5.085572736816059702e-01
3.032058377112308717e-02
2.240687940543365231e-01
-7.968202467153212565e-01
9.452707508129128966e-01
7.669758453377486518e-01
1.147900290341899110e+00
-2.029533818310170212e-01
-1.655512179597248057e+00
5.639146208440910524e-01
-9.052466582686120589e-01
-7.033448162949076377e-01
1.234933100640817516e+00
1.044255930456186698e+00
-1.761398337789161328e+00
5.819037371773786438e-01
-3.586867576634076848e-01
4.559925236286439809e-02
-1.407796880143194151e+00
-5.828452615244207324e-01
-2.239408603571307194e-02
-1.620961395327167098e+00
-1.271051092736081412e+00
-8.898185315016353680e-01
-2.272864353599026999e-01
-4.338036437424542813e-01
-9.804945135325578986e-01
2.421190775159272057e+00
-6.864906510675990170e-02
-4.733601751914547351e-01
-1.973325072662277802e-01
-6.988431634305201090e-01
-9.166762268489540844e-02
6.140587203428415908e-01
-1.115490958169466529e+00
-8.299490728161494912e-01
2.276514539642670309e-01
8.278692962491152052e-01
2.544489815785293541e-01
1.812905818970223182e+00
-6.182404844219743234e-01
-1.396928126356504762e+00
2.599103610163515099e-01
4.831484766667744624e-01
2.068512121423751182e+00
-1.599299508162370653e+00
-2.006551862963177613e-01
-4.411301899955513695e-01
-6.280704104192839088e-01
-6.847367528117288549e-01
1.476089644987195637e+00
-2.884354157709933530e-01
-8.402352938629235046e-01
1.306573967253069624e+00
-7.155398900780259863e-01
-5.248248551593741595e-01
-3.206171568220290702e-01
1.363987835334273535e-01
2.388026250656671290e-01
-1.082330438473149581e+00
-4.731466176554644520e-01
-3.271950831007968685e-01
-4.297939889204294150e-03
2.691414612859256983e-01
7.346960790274176256e-01
5.084983514389970205e-01
-2.306600229326006612e+00
-5.513193279890434700e-02
1.220099361368164548e+00
-6.904552965767438710e-01
-4.553046493896149571e-01
-2.084579102691404007e+00
-8.962621338785163871e-01
-8.330569852636192651e-01
-1.295747117307725516e+00
9.528025880635520029e-01
4.484013150488915800e-01
4.249793204201877672e-01
7.123109767510420465e-01
2.948449525997042797e-01
-2.827358440696040587e-01
-1.229033273171982854e+00
-1.238749334779655875e+00
2.870828811704446704e-01
-1.902400016365212609e+00
8.999846427850385355e-01
3.009145601223868205e-01
6.053312300122563189e-02
1.491834353632700561e+00
1.712367903746622844e+00
1.817828157595197780e+00
1.099214230252373303e+00
-3.186152862523021767e-01
-1.124469733527229787e+00
-3.656049829547315388e-01
1.078482537686075382e+00
1.548820368183989160e+00
1.940073116765221872e-01
1.594610511726397784e+00
-5.046285941844426137e-01
-1.715057156506994307e+00
7.034718289097309230e-01
1.219012256309748077e+00
-2.029124709030921681e-01
6.772487489368620439e-01
1.010494707933294212e+00
2.097305809618877692e+00
-1.427135128573717493e+00
-9.677546153485647729e-01
1.434978701021586645e+00
1.500865454860513148e+00
6.479303631160532317e-02
-4.130760199279914779e-01
1.307510253076187512e+00
-9.740457298862559288e-01
1.049304980500760154e+00
7.421748907293665987e-01
-1.246025948836080866e-01
-9.076811755502905976e-01
-4.582863934844896847e-01
1.804413736424571368e+00
1.770171321528757336e+00
-6.294170538853777197e-01
1.285912654014821577e+00
1.727324873967025498e+00
-1.848304955014307138e+00
2.703699982217019904e-01
-6.961013502235452455e-01
1.207520467314624257e+00
8.128748104011394859e-02
-7.040026556053594065e-02
-5.607520394036279443e-01
1.111454638129236866e-02
2.300810067004401382e+00
-8.829740633701111951e-01
-1.113164956959879159e+00
-2.252631879320754038e+00
-1.975281202237569866e+00
-8.705001135011508628e-01
-1.751561670184226926e+00
1.226667289532095584e+00
-8.548677499758816634e-01
-1.744547690699957743e+00
-4.464514062486445861e-03
4.409954274775081812e-03
-1.000203193045797079e+00
-4.116399740549752106e-01
-1.943965836058112018e+00
9.493213802870242857e-01
-1.169790360684473118e-01
-6.032660180137445760e-01
1.246772624928295103e+00
-6.834966786088965407e-02
1.008938720955374180e+00
5.517914233723781869e-01
2.600395358624981723e-01
-1.423625634642646243e-01
1.344554617123256746e+00
-1.402576991863322853e+00
4.442745067197443332e-01
1.350000839158416843e+00
7.291992209763473176e-02
3.421662637816380026e-01
6.832580945058912558e-01
5.335649683239938046e-01
-1.292589981832663604e+00
-6.782732825098453100e-01
-1.674375690951328544e+00
8.698093520182305083e-01
1.361970888031560856e+00
1.209726972224270947e+00
-1.778242257667642212e+00
-3.537852069840465297e-01
-1.300765589189397664e+00
-6.056823151315080533e-01
-3.331809878462008712e-01
-2.406082782675493248e-01
-2.552868592371055900e-01
-6.795465495590375937e-01
-1.204241519175340391e+00
5.395573519658227735e-01
-1.029994673094710267e+00
1.668014782745919522e+00
-1.732045286339462198e+00
1.502040053953744847e+00
-3.965049099315945402e-02
-4.148465449074952294e-01
8.201967179598231850e-01
6.311220690628887020e-01
1.667056004161581839e+00
3.402788374821888451e-01
-2.842065958638481660e-01
1.265290788303005343e+00
-1.057394718194123007e+00
-8.759177210643008804e-01
1.554721933325322381e+00
1.148306212299329415e-01
1.072949624539523139e+00
-1.234552811181564014e+00
3.129748235878394791e+00
-3.480868512110890656e-01
9.017699215641808985e-01
-5.598426275539603036e-01
6.961214986106438740e-01
-3.562624378265293323e-01
-7.938201909404704049e-01
1.715583289623374252e+00
-5.385820953009085726e-02
-6.821330236648102119e-01
-4.783678186100303598e-01
6.482827175482341886e-02
3.733473442436193168e-01
-3.163075777757233809e-01
2.449997057025365521e+00
2.945179716767396538e-01
-3.255533168887178586e-01
1.720484838608048184e-01
-2.460965111087841037e-03
1.421931249794330387e+00
-2.525142706912080759e-01
-1.059856536697637797e+00
3.646544177774042050e-01
5.739588533520114666e-01
7.129217988041983700e-01
2.452126182552533951e-01
6.110900349352246241e-01
2.487600925542120534e-01
-1.438175553857403255e+00
2.346757732906342708e-01
-8.102693435132356514e-01
-7.925433658021743266e-01
-1.046733419368063522e+00
-4.644850205700563617e-01
-8.506609016526960332e-01
-3.444771967035842875e-01
2.898775931931334426e-01
1.232983790915925582e+00
4.093168661624699278e-01
-9.977977453169994959e-01
2.041822440817269435e-01
2.428403591166082842e-01
-5.439026592942980409e-01
-3.816179538506073721e-01
6.153594168598244263e-01
1.342964599777046519e+00
7.737977491294905086e-01
4.228929329149020422e-01
-6.205914416125445088e-02
4.285558194696182932e-01
-2.452222772572954512e-01
-8.537145203947119065e-02
3.307521587370074179e-01
-5.701244591436508413e-01
-1.791974900691418460e-01
-7.119242351874095487e-01
4.781748723009436874e-01
3.150577816212694060e-01
2.195747607107869162e-02
1.030663869278498179e+00
7.152370225207606291e-02
-4.063121814158006662e-01
-5.405589440645569566e-01
2.287561637512054880e+00
-7.922167812409975918e-01
5.510821246329175027e-01
-1.953561402357217522e-02
-4.298596737704947213e-01
7.991545799081198331e-02
-7.249807955217443256e-01
-4.636364399487287180e-01
-2.696397035016063204e-01
-8.792572888813691145e-01
9.413582040486092595e-01
-4.803031203839915331e-01
9.277505908777134991e-01
-2.260008972910212133e-01
-6.095803888302320228e-01
-2.835568521516987239e+00
-1.256879730789348892e+00
-5.356925381038531997e-01
-7.775932521137834952e-01
-7.446152241476851064e-01
1.131814525662157900e+00
-3.729820656223578612e-02
-1.373181184001178723e+00
-1.399118666754413320e+00
8.526809138745313765e-01
-1.235318150139618210e+00
-2.836297887695784711e-02
7.008032945283400039e-01
6.031278310657013364e-01
-2.187944528804482147e-01
-4.952274011983341939e-01
-1.600045373261319848e-01
1.468900549785377097e+00
2.085693654941785102e-01
-4.899962659946452970e-01
8.816378279182663924e-01
4.617379347901907627e-01
-1.113147892554599561e-01
-1.039399257822098965e+00
1.028016016575158953e-01
1.447065104033141703e+00
7.333222467516668786e-02
-3.182819284432288898e-01
2.311636411836504035e-01
1.244042169490979566e+00
-1.035401636377914603e+00
2.778129783368544214e-01
1.055582852787653181e+00
7.980672546227358666e-01
-1.343619502157053835e+00
-1.418487805635567423e+00
-2.153628991230184919e+00
1.648738411965853468e+00
8.207422540117493837e-01
-1.961366087255067003e-01
-1.454848897156142407e-01
-1.254521598145265093e-01
1.565005832169994726e-01
2.574421176280867751e-01
8.988893436600803311e-01
2.143618895867406504e+00
9.835074836987057756e-01
1.363029551352771818e-01
1.321341945127826323e+00
-5.380591583949961409e-04
1.288283644791541130e-02
-1.160431653925706082e-03
2.899418511932024822e-01
7.334059905916123778e-01
2.292588050168734792e+00
7.146033700027829560e-01
-1.728124740485071476e+00
-1.225569575392021937e+00
2.380742195892734947e-01
-1.615878220496020035e+00
-6.041023326432715113e-01
-2.847330420319457711e-01
-2.410955343531823447e-01
1.346770054568259711e+00
4.611274199729566980e-01
6.068078499484796939e-01
3.014856567977505231e-01
1.264189156059272401e+00
-6.245004567135251650e-01
1.660822049418442914e+00
-1.013693431973064385e+00
-1.609956930597524982e+00
-3.677862318491087468e-01
-2.345611165105968343e+00
6.271234218484557088e-01
-1.377571422470710572e-01
3.086968338281011470e-01
4.642799068781699318e-02
-8.609653103937378038e-01
-8.057488446587424136e-01
1.067097755855471730e+00
-1.084887745010115978e+00
-6.741723880209281317e-02
-2.182469136474186056e-01
3.052894517416083753e-01
-3.457891040627318890e-01
1.812829430443476442e+00
5.260225756132771435e-01
1.057723966394032766e+00
9.003688250566304063e-01
9.097234956896019797e-01
7.339857870629921122e-01
-2.147105097032736831e-01
-2.958637254717312315e-01
8.655380647731762966e-01
-4.800305944641511946e-01
-1.014185110441443660e+00
2.103862395300695631e+00
-3.548256253467595989e-01
-1.641012531811612218e+00
1.414007945844730774e+00
3.127308124024810732e-01
-9.552998116722869471e-01
4.201111048095464429e-01
-1.851932283177686100e+00
5.014060725882780734e-01
9.908966284590989826e-01
-2.431660033601095172e-01
1.469837634958230943e+00
8.341315805680691309e-01
-4.340288252064908314e-01
4.457560528863403482e-01
9.060219066640391450e-01
-1.547907150121357933e+00
7.787971126787097687e-01
-4.544963860877395678e-01
1.678897774329799475e+00
-8.037819640480822203e-01
5.045620936423292902e-01
5.557317656566064246e-01
8.190751376068406975e-01
1.850962764927925219e+00
-3.808035724202178951e-01
-1.203725318801866173e+00
-9.431323227860309855e-01
3.601599991021890435e-01
6.095226920716690922e-01
8.183359180033261682e-01
9.794314864892025296e-01
1.384825377210646691e+00
-2.506306658970923751e-01
1.804227161613304320e+00
1.945368734702921598e+00
-8.847084072303479374e-01
2.695243820883519437e-02
9.619539940215099394e-01
-4.600488940752084366e-01
1.801949770323371558e+00
8.560876039870448651e-01
-1.188964233173592122e+00
1.494512090897766710e+00
1.289461955956371586e+00
-3.821245666995213425e-02
-3.017414492900211687e-01
-1.718371395206407026e+00
-8.506687691585533839e-01
-6.613737393466518899e-01
-2.503896880353924659e-01
1.075359901182843414e+00
7.120857709563189752e-01
1.358677299076300748e-01
-1.425750984237861729e+00
-1.311009516680295972e+00
2.841218893349721775e+00
-1.003582361863543104e+00
-1.562699043361572171e+00
4.742591188445838268e-01
1.023847963601086208e+00
-6.012507095813774960e-01
2.333118451904663271e-01
-1.916941655590738369e+00
-8.596969271428233084e-01
-1.335210019066042308e+00
-9.825212996103366292e-02
-3.424199954459504203e-01
-4.361579234286894202e-01
-6.936424290505763812e-01
-1.233881524246840611e+00
-1.745274702450870574e+00
-2.455682117649043761e+00
3.376771834488859758e-01
-2.329062672115566890e-01
2.912589874211450325e-01
-1.257353610085993473e-02
7.886443625325927353e-01
3.394667260725687252e-01
1.254452881123133912e+00
-1.402447123146913555e+00
-3.529567402010579114e-02
-1.054268270074926406e+00
1.263304925332757178e-01
1.010155718062070607e+00
-9.997925038552352150e-01
-9.954939125441005787e-01
3.843674788575837664e-02
7.129773680277051717e-01
-1.496156973796247014e+00
4.927613386454628430e-01
-7.998839152570409450e-01
6.389972565089037382e-02
-4.578894461983955000e-01
-2.404725302908832796e-01
8.775555239602447211e-01
8.948321934783300124e-02
7.617295406615746112e-01
8.347071369263920904e-01
-7.996439678307897259e-01
-8.985197305713612526e-01
-7.056631645985951273e-01
-6.969805291818507997e-02
7.501923738431151012e-01
-9.871147188215901869e-01
-8.680176000147696858e-01
-4.063818599938659459e-01
1.979693935713803046e-02
1.823993818038852188e+00
2.045527710926312359e+00
-1.166545091713851345e+00
-4.415296824266476405e-01
-1.117806464367571584e+00
-7.498163673288754660e-01
-2.826725011998472703e-01
1.644936118037242823e+00
9.931557580396513929e-01
-3.198294543328537021e-01
8.372901809549559982e-02
-4.058946187115454185e-01
9.268116478446229989e-01
-9.006812881837567009e-01
-2.396712286063862773e+00
1.076610082993002315e+00
8.435897069746399746e-01
1.804741060783479734e+00
1.732050542152136163e+00
3.025575076818974196e+00
1.406218713672183984e+00
4.415814684639473575e-01
1.636118900007653032e+00
-2.815089548208428161e-01
-2.194529056473114359e+00
-2.298283500288773151e+00
-1.697944858156587022e+00
-1.944119456827870795e+00
-7.768899166642942999e-01
-1.955695099257524383e+00
-1.290896965711219702e+00
1.154516712356602026e+00
-8.035676477448787658e-01
8.536985966020440575e-01
9.206717984801561228e-01
-1.489038400165551002e-01
6.093128262126591699e-02
-1.406602422628733529e-01
1.031061113655896144e-01
-2.033380384616780834e+00
9.441335629015693565e-01
-8.952306467037207671e-01
5.027247833971686397e-01
-2.744866980479819876e-02
7.303136304168372783e-01
-1.584247456881854310e-01
-6.421617105349135546e-01
3.191449086514687172e-01
-4.244175764369851889e-01
-3.276366707052305038e-01
1.751640754072558259e+00
-4.183081176295667669e-01
1.582470580081384970e+00
2.462340419868713770e+00
2.620877181542049073e+00
1.019302170174242850e+00
8.734804146647473511e-02
3.701618032741136877e-01
-2.978230987378823746e-01
-2.275955970328954248e+00
-2.142931405832629643e+00
-1.972115501303830509e+00
-1.209993488731568867e-01
-2.686216867429514821e+00
2.058944783674844903e+00
1.769780345509261110e+00
1.200217439355850679e+00
1.370606455281949465e+00
2.568828340263335175e+00
1.874051249683595266e+00
2.436913784810976313e+00
-5.447895303758660823e-01
-7.639979371348486481e-01
-2.216351738731504817e+00
-1.462676259687146541e+00
-2.699279488422755335e+00
-2.018962393640982622e+00
-4.719665546187834515e-02
-6.148353462983222606e-01
1.732108234757082643e+00
2.460158340753707762e+00
5.899676797251278693e-01
2.141171709175938354e+00
-5.331015852167164670e-01
4.671341496673142579e-01
-1.928719276554308748e-01
-1.103979408405658669e-01
-1.521555138193815937e+00
-1.598672739939646315e+00
1.754686206149735916e-01
-9.031147413327634821e-01
9.807869163896467679e-01
6.465108817770479077e-02
7.277692956288028814e-02
2.125632505631578795e+00
6.458039802910244820e-01
1.769714616245431138e+00
1.689165472802398149e+00
-8.392632193039364363e-01
-1.302079943346870668e-02
-6.396020754881193149e-01
2.376878719740146417e-01
-2.734653176344207237e-01
4.045467404504045072e-01
-1.800621962515421282e-01
1.226898792881238487e+00
-7.706023153456458274e-01
-1.286905739513084956e+00
-2.904537690626219915e-01
-1.151375372971262800e+00
-1.418050696952223966e+00
-4.306857289957092827e-01
-2.120298886323204623e+00
-1.463615279820412729e+00
2.335602479143587651e+00
8.112999931666126097e-01
1.992335053501499864e+00
1.673359288076318174e+00
2.062731796508533666e+00
-1.732789996639688912e+00
-1.014398464536314659e+00
-2.272007966407358026e+00
-2.402831670778232454e+00
-1.152774299980684258e+00
-6.384511144978848307e-01
-8.471757083264900290e-01
3.312854879736658598e-01
1.846151986123038879e+00
1.733011383997434818e-01
8.393560921897195160e-01
2.525633924672675334e+00
3.348719341148526318e+00
2.513737143136611785e+00
7.304825792092227710e-01
9.102758413208321686e-01
7.772098613784141907e-01
-3.168664561713672612e+00
1.126226102125427175e-02
-2.503065059714288942e+00
-1.967990406231230782e+00
-4.299708879108719017e-01
1.117764444540815028e+00
1.162268101044819257e+00
-1.702563102595533451e-02
2.069952876714756806e-01
2.456689174671961240e+00
1.567710891695748732e+00
1.332446741597615336e+00
3.221605208149441735e-02
6.249231075425605297e-01
-1.131385946487965199e+00
-5.564715459547342480e-01
-1.071951220161091900e+00
1.010708627031452478e-01
1.144614348428274475e+00
2.367700008705588832e-01
1.303221525013453785e+00
1.387274385095391693e+00
1.247487949083674774e+00
-7.793187092850493158e-01
5.650671093051352623e-01
8.941359930872361250e-01
-2.017595188097544567e-01
-8.103838684679581794e-01
2.653069083885415846e+00
2.620829790376638435e+00
1.911369931073398254e+00
1.122625106307006515e+00
-3.189372770062692819e-02
2.505750862606338503e-01
-1.234216327225778898e+00
-1.069561595579707092e+00
-1.634045594492359976e+00
2.166863982783484577e-01
-4.088390371943702029e-01
-1.965892319442463343e+00
-1.281346368438692207e-01
5.537070775904550102e-01
1.552704331599256360e+00
2.323486409249143847e+00
2.550731581541886950e+00
1.411431238982613134e+00
7.116301173894816756e-01
2.554616832894490708e-02
-1.674815231949817962e+00
-1.261970441016144306e+00
-3.232073162970456881e+00
-1.421819100423916016e+00
-1.610554441703644812e+00
-7.942007455213756506e-01
-1.278977715094656187e+00
1.197688267288069541e+00
2.100426541796183155e-01
1.054468140996895897e+00
1.718959825371512373e+00
1.802135218544921980e+00
5.267451472907113130e-01
-1.816298517824181946e+00
-1.551967820334941628e+00
-7.166491106558667834e-01
-5.441452360264250609e-01
-6.399259113161617218e-01
-1.497217365767706809e+00
-5.355244655987253521e-01
1.142290151398053011e+00
7.169538261697203652e-01
4.931289036456071306e-02
-2.638011831784586869e-02
1.518634659994902103e+00
1.161099741595865265e+00
-2.008101335286588629e+00
2.273876117298356536e-01
4.454088742915914279e-01
1.820872039055535740e+00
6.161825086101025972e-01
4.180943171983441675e-01
2.067958631970638339e-01
-9.275050513542617558e-01
-1.131627483020344771e+00
-1.840801919603685555e+00
-1.017045262297003871e-01
2.327943239109879769e-01
-1.492740813585679893e+00
-4.761009994913897314e-01
-4.438196199003188736e-01
2.688560330088486383e-01
1.037844709200653304e+00
1.739503223120931086e+00
3.759875208903425747e+00
3.106316428512010397e-01
1.025619761556533893e+00
5.478700727387345593e-01
1.245675443335795274e-01
-7.231279741808773753e-01
-2.810900178582601328e+00
-2.507893893513179151e+00
-1.550469427973045766e+00
-2.252772810209358489e+00
2.641823137498676921e+00
2.584106586432723951e+00
3.593630520878568824e+00
1.392346886257790572e+00
1.055467297070618926e+00
8.914420638433451227e-01
5.938561901810036625e-01
-6.105520769794490210e-01
2.383966703509592389e+00
-2.357629127705548555e+00
-1.369852917983378715e+00
-2.525326340682408244e+00
-1.431268018357803706e+00
-4.221688579378427009e-01
-9.708436353533388408e-01
-1.299509321267955930e-01
1.528979675104144009e-01
6.138051693353567817e-01
6.493536036115518106e-01
6.139078770141646046e-01
7.256665316793295961e-01
1.084910832288677129e+00
1.060225268871227033e+00
-2.770992176648151006e-01
-1.424783804238773044e+00
-6.746082955501127021e-01
1.628877022434987554e+00
-1.977631857637506818e-01
-1.642829700297039786e+00
1.009363844484998829e+00
-5.632632345784291950e-01
-1.015790307287071981e+00
-1.315665941504953196e+00
-3.923303983790015770e-01
-1.130024365130284814e+00
4.920937505701499237e-01
-3.619580228587446769e-01
-4.265523923731087130e-01
1.413286733166235543e+00
-3.458421808506593198e-01
-2.133709709707076740e-01
5.839764458946772319e-01
4.926072433312673748e-01
-2.552608726186722521e-02
-1.556845864780026290e+00
-2.356896543110767794e+00
-2.542643899627848647e+00
-2.022292917543405011e+00
-1.889378534373836960e+00
-2.690749775295128710e-01
-1.367635546333474394e+00
1.114450165035796303e-01
9.359771231932425550e-01
1.694982935696346615e+00
2.201115111955586734e+00
-6.865876597040749818e-01
-1.267365249338145539e+00
-1.349937558401500537e+00
6.605401040475573637e-01
-2.325631938252957998e+00
-8.960169094291785541e-01
-9.145807853957478306e-01
-2.004648403419500458e+00
-1.176035589649812696e+00
1.233704560807523887e+00
1.273071643831287902e+00
1.544126233442659979e+00
1.256381924744595757e+00
2.877731294446082888e+00
5.235204797136265853e-01
3.962677258177255135e-01
-1.023770601338615860e+00
-9.378528870364162273e-01
5.240346986177986111e-01
-1.222843062077075382e+00
-8.485768200718435406e-02
-2.325500212938514666e-01
1.566262016159642556e+00
7.442688409449227382e-03
2.039985888144626447e+00
3.140177352725601612e-01
-1.801532917797655231e-01
1.010588330618943154e+00
1.074561098173278051e+00
-1.200925861883510137e+00
-1.894379472890627358e+00
-1.338191316853033719e+00
-1.704746393327024045e-01
1.181438645674492971e+00
1.453845361610907327e-01
-1.116195433816166815e+00
7.460123249340282481e-01
4.392866238790336109e-01
-6.050908357539390714e-01
-9.882941798504879527e-01
-1.167272495964015722e+00
-2.209993039220008892e+00
1.262851984730934518e+00
-6.464888935830236105e-02
5.336105943193867329e-01
1.202904858151379264e+00
1.614932973491809864e+00
1.717402308869361072e+00
1.354777592315519641e+00
1.923232248872879913e+00
-5.521239727478204351e-01
1.362814287292062776e+00
-2.289465280616096887e+00
-3.485360728771217609e+00
-5.461697037516288766e-01
-1.848032936966966133e+00
-8.801754496029019492e-01
-1.101709535675817087e+00
6.226682963464895693e-01
6.477872517574656541e-01
2.369500822550551167e+00
8.385216734787295234e-01
5.346861733280398044e-01
-4.252196825901231048e-01
-1.367697749344566116e+00
1.260720020299690436e+00
-2.357147103807758715e+00
-1.546363143441221499e+00
-3.357580316331731929e-02
-3.750524941231044851e-01
-1.751617651219288030e+00
2.467656453410026207e-02
1.913431748326656079e+00
1.047690562872417130e+00
3.587031495049908258e-03
1.267897439798094661e+00
-8.704274295235431280e-01
6.714991289202909552e-02
-1.908023393381405031e-01
5.756902093915390317e-01
1.479068339230693585e-01
4.702309974690006555e-01
-8.205271560917744011e-01
1.212954897259638232e+00
-2.022861675766732148e+00
-9.138673055148536228e-01
6.200203536260299186e-01
1.039772344401009629e+00
-1.066656142215047787e+00
1.756100780452675370e+00
-6.503864560547913953e-01
-1.421845126913791502e+00
8.176906641572720957e-01
-1.166112125671130428e-01
-2.506449308232908679e-01
1.943080857575022247e+00
1.773798556966242668e+00
2.963815187902110182e-01
-1.353892366839075656e-01
-1.310943086940040914e+00
-1.353410132239486252e+00
-1.267985981281603447e+00
-1.617979639653269297e+00
-2.841517712349770797e+00
-1.648143208111872315e+00
-7.164123596555777018e-02
1.517506424862605230e-01
1.178334530241189171e+00
1.297094753868968997e+00
9.549790319712812003e-01
3.578124603337286658e+00
1.524519175392081038e+00
9.209848348050879707e-01
-8.297322790459420450e-01
-1.028621465882664232e+00
4.106200625559783823e-01
-2.464842136549603602e+00
-2.601003127462124365e+00
-9.026111911453397196e-01
-2.024445840464353275e+00
-8.561540485949942214e-01
1.257580203261587926e-02
4.864667730156937431e-01
-1.400351960967703535e+00
1.790039998325117843e+00
1.942669147319806555e+00
4.806480762325887612e-01
7.439660588395589080e-01
-6.395120200467340199e-01
-9.173038511450499755e-01
9.355834564279041921e-02
-1.871139462586613789e+00
-6.831164143707518788e-01
-4.640971004425799018e-01
-2.165283722148186318e-01
1.580876218303296721e+00
-4.091034857616296927e-01
4.980320926526649039e-02
3.035215552892023272e-02
-4.113321597146450959e-01
8.593237753863804951e-01
9.864793259592204155e-02
2.318557533286409900e+00
-8.221453518481744438e-02
9.166906310714775241e-01
-2.461951108636060592e+00
3.520479092254183429e-01
5.831683653738918283e-01
7.980309915330499049e-01
-4.698509554566946411e-01
-1.414629651739465865e+00
-1.024477012905033124e+00
-1.094369600686582400e+00
-1.062238551078348969e+00
-1.073691742793853265e+00
5.034641801454694532e-01
1.919183063601944905e+00
5.412895849319874220e-01
1.647544092757167622e+00
-3.878649065460439971e-01
8.287593222760496481e-01
1.202857821306709596e+00
-6.670701640599752125e-01
-5.990907021211216987e-01
-1.955025693500316963e+00
-2.691044122212097101e+00
-4.148845779826826341e-01
-1.341857092987755573e+00
-8.046761472249701619e-01
-1.238788272946051094e+00
8.990326699201846017e-01
1.979574573523212422e+00
1.543555172435453926e+00
8.670896705925651426e-01
1.669588261218347025e+00
1.072591827084132143e+00
4.554497278558724549e-01
-2.822261347222004169e+00
-1.744945404060125327e+00
-2.363283441859785228e+00
-2.249437532492199576e+00
-1.341758023459397098e+00
-2.081376916411326050e-01
1.852359287081227324e+00
6.061138049497342140e-01
-7.797217606678752411e-01
1.093797257820630531e+00
1.778872219073161176e+00
-3.972124455333634341e-01
-1.059450075392468715e+00
-4.275123651181607087e-01
-5.776365126114145765e-01
-1.273297468007019706e+00
9.595392062992169624e-02
1.079242935207131548e+00
-1.465374413824386490e+00
8.232852004364816789e-01
1.744220188677445549e+00
-5.256507398703293976e-01
-8.923879763035397206e-02
-9.626386125864674903e-02
9.485448824556407255e-01
5.712685482116074409e-01
9.485758860478967769e-01
8.606819992058829527e-01
8.589845454578621808e-01
-5.759460038009933669e-02
6.665190468820871850e-01
9.484959755362585287e-01
1.224476246278378255e+00
6.534476538268261248e-01
-1.127382117423364916e+00
-4.475054151014549175e-01
-5.531466913078740832e-01
-3.035318169928303611e+00
-2.870150269046431113e+00
-1.315354428490765670e+00
-2.719098328408330878e-01
-2.006674756317708752e+00
1.374772973046499702e+00
1.405888594607695552e+00
2.847179292635732661e+00
1.844658359850125384e+00
1.667444630071893696e-01
-1.092779796609402609e+00
-2.242664168483555986e+00
-1.580240044836888291e+00
-1.848859449858047954e+00
-1.026775418643823379e+00
-1.609656278777896299e+00
-1.410195647159029564e+00
-1.034328544432299823e+00
1.667466168205250510e+00
2.789533347372062710e+00
1.560976580254204160e+00
1.531433940792234605e+00
2.037157328081982577e+00
1.130419048739238930e+00
-1.504459996987124626e+00
-1.370786954322043005e-01
-1.428508060619183784e+00
-8.826251529118498418e-01
-7.779595025062306934e-01
-1.266843413983157696e+00
-1.576498550945233390e+00
-1.425755096658116505e+00
1.730562627189588254e-01
1.918129956497819810e+00
2.443212055751007861e-01
1.129499619073358829e+00
1.681296962236058068e+00
8.533289366394354314e-01
2.189390075173670847e-01
4.865886876075063983e-01
1.563211141654951231e+00
4.491131838250515818e-02
-7.608464496166432722e-01
9.737594986854167800e-01
-1.051380247883090924e+00
-7.754731260678109361e-01
1.522036882149319759e+00
-1.379711797740077017e+00
-9.921025517941093330e-01
-1.222801494152316870e-01
3.159646410443762710e-01
4.807625474158245815e-01
-8.898044111742358098e-01
-6.292623173927489599e-01
1.338148091071940993e+00
2.217874637850759889e+00
-2.489588675195733014e-01
1.689702948824934658e+00
6.713866199101302668e-01
8.466863571159315427e-01
-7.981805131415982135e-01
-1.577478510181678839e+00
-3.221873265749717330e-01
-2.474641530802500267e+00
-6.576517218534403408e-01
-1.055064752208000334e+00
1.297030739655936182e+00
-1.994931556988098542e+00
3.234668417841993993e+00
8.215037806528249220e-01
4.190691524035854432e-01
1.428352407700546944e+00
7.088509958918369769e-01
1.781143196558547803e+00
-8.716331176477453146e-01
-2.710334928079115357e+00
-3.177779025777556665e+00
-1.365486183942175691e+00
-1.379726487094540710e+00
-1.214847554028504861e+00
-5.708757789027353313e-01
2.048555749371411494e+00
7.654042975182056008e-01
2.979325604731299926e-01
1.056706588733055785e+00
8.702448437437816375e-01
2.776541513172801068e-01
-1.379184202229306155e+00
7.178784270133934386e-01
-1.999005407815076740e+00
1.390480463613882112e+00
-2.631569813665251889e+00
-7.471392574328703517e-01
-6.886375809066256348e-01
1.730321601712002666e-01
-1.251657860870974748e+00
1.501742742154231758e-01
1.860541649882048176e-01
-1.933817022145659870e+00
9.479319634969760600e-01
-1.792506946499905052e+00
1.159813024002342097e+00
-8.332260865396429184e-01
1.517795220962279812e+00
1.286735070823666671e+00
1.151813395514825089e+00
1.415307088392047330e+00
-1.391718676077360550e+00
6.600718987311716968e-02
1.100437395576072008e+00
-9.578963331783814095e-01
-1.898380643695269265e+00
1.094296341328333533e-01
-1.601491865872861631e-01
-9.906865670129176848e-01
3.567256864441348818e-01
1.446580235935040815e+00
6.849683931941783488e-01
1.189137825536376258e+00
3.368424780285041997e+00
3.925677097988285347e+00
-1.832978773517806026e-01
-1.773310256178104893e+00
-1.773907740233708896e+00
6.779330759722212996e-01
-2.792996302783464113e+00
-3.712681602369467537e-01
-9.603413964707859796e-01
-1.995910946803000741e+00
4.517496885280742336e-01
3.130127631230534391e+00
1.462246763109157577e+00
1.766078358158852835e+00
2.328119566590653111e+00
1.321429100371858567e+00
1.498248834247716044e+00
1.459293666956671398e+00
-1.604991502064584186e+00
-1.214798589408415452e+00
-1.514463859946248769e+00
-1.610863754364698641e+00
-7.846400836896205711e-01
-1.849691130832838315e+00
-8.737788000960076129e-01
3.178315934668576870e-01
3.184545760452583973e-02
-6.295725122659161510e-01
6.026801060333412119e-01
1.545331165959437314e+00
1.196208099207380915e+00
-9.180876425073145608e-01
-6.935918224530972509e-01
5.567302716355597703e-01
-8.942995409713736521e-01
-5.006849357633493813e-01
2.269493284993230997e+00
9.240732864813639980e-01
5.651696582113927003e-02
-4.548208943977296581e-01
-7.627272917471510372e-01
-1.324006781569437852e+00
-3.679007130870204367e-02
-1.376803509856115548e+00
-1.311863077288125012e+00
-1.577600385435952157e-01
9.513210237896743138e-01
2.744757494770436068e+00
1.740412096320148594e+00
1.225556170985878435e+00
1.730978792962049040e+00
-8.618820140925118611e-01
-4.297458177095360154e-01
-3.066448083063395558e+00
-2.017902772671862799e+00
-7.951170808216028174e-01
-1.572958432440395127e+00
-1.468752280244328912e+00
-1.643485109141488598e+00
-7.209221210110934308e-01
1.811871708851723106e+00
3.078472089187421545e+00
2.099030270385607633e+00
-1.882351848627457080e-01
1.399585123283093313e-01
7.733307696659964536e-01
-3.971645770722510571e-01
1.017118408822269116e+00
2.456965996508644057e-01
2.069494691145483678e-01
6.647424408850673982e-01
-9.232003106905152245e-01
3.358224808168756015e-01
1.647681160550829471e+00
1.456573358404396501e+00
-2.445327743572983936e-01
-2.925680019374477858e+00
-6.486612315733111256e-01
-2.892139494960435653e-01
1.092361192140751447e+00
1.833975262168225040e+00
6.160271752725955396e-01
8.292073358614050482e-01
-5.532514312425500513e-01
7.625204280393744760e-01
7.444195439339996723e-01
-7.227900148914642164e-01
-1.159628114936916976e+00
-9.357038905546822827e-01
1.793749554006651148e-01
-6.744867221733518159e-01
8.785253993271251172e-02
3.632729119178266242e-01
-8.912906302301003558e-01
2.515486143107700800e-01
3.958439236774161651e-01
-1.868688607780646826e+00
-1.186575512349054895e+00
2.564908160815236315e-01
4.338814036082657144e-01
-4.737757703731744208e-01
-9.916352753940776976e-01
-3.364388242658615802e-01
5.531935438990343012e-01
-1.088033957141239405e+00
-7.653491323736932861e-01
-4.424439088500709549e-01
-3.465745223005442521e-01
1.778205443988631895e+00
2.617030996899226761e-02
-1.398327960462115160e-01
1.265786574762146621e-01
2.800633084999091249e-01
-4.567341190404728413e-01
-1.026880890416821623e+00
-1.634810893433528978e-01
-3.300725876095176314e-01
-9.983913634095119560e-01
-1.329342552273451883e+00
-6.046677260834840695e-01
-4.898947468254945953e-02
1.721111919106191435e+00
3.243657449404975801e-01
7.497034742497932225e-01
-2.356637171268034514e-01
1.275832066895445926e+00
-4.268041776825944322e-01
-9.982917342617363410e-01
-4.728269760848059257e-03
4.811960906474455624e-01
3.197933795333830487e-01
1.284499908924389588e+00
8.430224596480879740e-01
-7.774922060181524985e-01
-1.256240834908476378e+00
8.243253655902783583e-01
8.335072723117584736e-01
-6.382091274512129431e-01
-8.224150137281788231e-01
1.609192703039372896e+00
-7.652285628118861149e-01
-5.208171246288159639e-02
4.877563123901883513e-01
4.765270608857132689e-02
3.920024781809105519e-01
-9.369500799310531702e-01
1.765065731611299871e+00
-6.874614793175766181e-01
8.017242512698461443e-01
1.529870182268477374e-01
6.497544872093828916e-01
4.197623109926679752e-01
-1.121724838074009689e+00
-9.053285375043016447e-01
-2.609193161777996206e-01
6.729899920639957900e-01
-1.159569831670467899e+00
-2.854405540062259217e-01
-2.671443985138493016e-01
2.396190765662634947e-01
-3.324912026412218946e-01
9.232977002391415944e-01
3.193415460341074708e-01
-5.997503820818412823e-01
-8.083711439932959042e-01
-1.183333952234414843e+00
-9.566398969990042023e-02
2.924463954584482495e-01
3.813746536965079703e-01
-9.657400490945770855e-02
6.666098995246392267e-01
1.235491486072800571e+00
1.716225983599150462e+00
1.336562814364219642e+00
9.837299768024608815e-01
-2.187637856303074724e+00
2.342752774018104223e-01
2.121762836152105147e-01
8.612798221094228879e-01
-3.946648096501739200e-01
-7.275322289617002225e-01
5.757894575958064608e-03
-1.213464718661707298e-01
-5.194986357275300781e-01
2.796308572595949116e+00
-6.091096742765843564e-01
-4.791994403415407722e-01
-3.730907203721476884e-01
-4.415073138922313012e-01
-1.190407165716839355e+00
-3.670587708693965473e-02
-1.674863230361286925e+00
-2.779137559963221205e-01
1.683120582330887294e-01
-1.389259405748456633e+00
-1.016893118008629582e+00
-2.214454311544739595e-01
6.531457378937648162e-02
-1.121993779938437186e+00
9.394954594970292838e-01
2.035474022075029754e-01
-1.151538379363018949e+00
-1.330865029041759184e+00
-1.161360319721766343e+00
-3.068754160145051868e-01
-3.476627483136685015e-01
9.765612728310402169e-02
3.047570875546167235e-01
1.266321566246480401e+00
-4.851722355944184106e-01
1.027536386246276218e-01
8.250361132689447707e-01
-6.129460222384611745e-01
-5.883805547486641307e-01
-2.660337443479126041e+00
-9.034059852719038552e-01
-1.711908524947735710e+00
1.201281746671047701e+00
-5.408797185070183255e-01
5.760109875884105168e-01
5.448248001427171694e-01
9.777941997625748671e-01
6.020031053133356735e-01
5.633801643519744662e-01
-2.703215951503712966e-01
-5.946973843855788422e-01
6.787746980398855490e-01
-1.093041702443899199e+00
-1.058471587566191863e+00
1.055884828618257831e+00
-2.435819977177910989e-02
-1.169571863036062975e+00
9.743022933313626455e-01
1.186361653794318904e+00
-2.388140377507086964e-01
-1.713488273985944721e-01
9.079815197601481813e-02
3.903181912043680035e-01
4.382626099582133117e-01
-1.957066529639665542e-01
-4.739988860720765196e-01
-4.353644135039388408e-01
4.892697439294682593e-01
3.732586630571192443e-01
3.569868445691881664e-01
-1.754227317342047066e+00
9.698746324237748073e-01
-1.751527891988244878e+00
6.690523454738902531e-01
-1.107198737526026600e+00
-1.069155536362395686e+00
-4.025500946776601752e-01
6.831155096101846347e-01
8.759084417588007543e-02
2.570284713493946049e-01
1.473477720374482214e+00
1.344488243645400427e+00
3.735777792921842755e-01
5.794976774610781645e-01
-7.564272927356056886e-02
1.047992112972737644e+00
-7.107051846387638649e-01
-1.610349354330338142e-02
1.301883362364025576e+00
1.981488640498269838e-01
9.858513208347354784e-01
-1.339496636005817587e+00
1.344494595361177769e+00
-1.347934938702719077e+00
2.181140295253550798e-01
4.710403407080566707e-01
-9.180713017377359897e-01
-5.771407011615461435e-01
-6.390639529314848799e-01
-1.109746767749778762e+00
-1.078754599526264846e+00
-8.769296548242155875e-01
1.735858494944032548e+00
2.724495597879569853e-01
-3.520522908616917634e-01
-1.915867461582824616e+00
2.183624153468456119e-01
5.273826241103078960e-01
-8.442685430189688089e-01
-8.967265089868323158e-02
1.414073125480866666e-01
1.480019315777780564e+00
-1.178217282427194368e+00
3.970510771484960233e-01
-1.504608019430893506e+00
1.252958086943010696e-01
-1.874014784317752924e-01
-2.765524980484985185e-01
-2.118692603788297768e-01
2.075205313479563607e+00
-7.565701795130886920e-01
-9.033601816660256079e-01
4.286894096755669570e-02
-1.622087716005310154e-01
2.013637780604966010e-01
-9.224402690473677557e-01
-1.142321293427638995e+00
-8.969566108264050985e-01
5.265484809668455890e-01
-8.810697694023403859e-01
-6.329801916956220853e-02
3.683785246070799269e-01
-2.146939844773013029e+00
1.604678267823715920e+00
-3.372397594985236946e-01
9.285009826940068822e-02
5.162365525698844326e-01
-1.529809125593595720e+00
8.193969693442859636e-01
-1.679228553105934774e-01
1.337084607857167207e+00
-4.355898857765012205e-02
-5.583036069061177121e-04
5.393332902593035438e-01
-6.569144185990121176e-01
-7.164657197011113920e-01
-1.767470780636118399e-01
-7.932008597601157840e-01
1.301562905956383576e+00
-3.426920312656265288e-01
1.360962022375423186e-01
-1.601582291418697013e+00
-3.095887048998428592e-01
-3.554271865940254044e-02
-9.170422084478517533e-02
5.422773758744152683e-01
1.753897075467407030e+00
1.133611968031968509e+00
5.011980949530031593e-02
3.121200431274884224e-01
1.076745933544742240e+00
2.737147521815198603e-01
-1.795896643885917243e-01
4.051159955996158635e-01
-7.806002893244802232e-01
-8.735946505166708453e-02
-4.377286812728546916e-01
2.705309501701743891e+00
5.545777178882906888e-01
-3.319382394534425851e-01
7.191923168262828181e-01
1.449451832568639853e+00
-3.084452123668731671e-01
2.206711214797790407e-02
-1.295786976471219321e+00
3.437728784412513172e-01
-1.625740694967665323e-01
2.918238630928506327e-01
8.750716944313970957e-01
-7.210163388263685080e-01
-6.091317354644576465e-01
-3.797768435870220727e-01
2.478238779354163590e+00
-9.359184423800405161e-01
-1.501199447313807056e+00
3.540125689737821379e-01
-1.716007445708450874e+00
-6.853653693372765421e-01
-3.067614237473152428e-01
-9.857747790233953866e-01
-7.717620066368108267e-01
1.126283888787867671e+00
6.456151752536304356e-01
-7.094928963276377898e-01
1.872284150354756593e-01
-2.313632583168214185e-01
-5.185431150920993826e-01
1.189921561434169828e+00
8.328541595163315714e-01
-6.606608390191420765e-01
2.073715462811852039e-01
-1.355256039847071214e+00
-1.091376879479186268e+00
4.733809017015488396e-01
-4.290021515425311571e-02
-2.018123267720625946e-01
-6.300966294066590034e-01
6.110008361828968976e-02
-3.832131413513352736e-01
-1.261433153260261397e+00
2.222077024994259797e-01
-1.791527116800397668e+00
2.899510623263393816e-01
1.456375822747105975e+00
-4.674244264683734551e-01
3.126354739914051217e-01
-5.716692905398415014e-01
-6.637052309738606937e-01
1.944166349887013645e+00
1.690139751383719080e-01
-5.574519924676137883e-01
-1.754311946567377767e+00
-1.155400351771485257e+00
1.624620870482074708e-01
5.467199108054017209e-01
-1.756486366770341867e+00
-1.177269584964324212e+00
3.229194346438230556e-01
3.884150812812733333e-01
-8.750521864627376356e-01
1.434849707389898033e-01
-1.096530529859931713e+00
1.177604447883548122e+00
-1.817223029789362343e+00
-8.306501413754235896e-01
5.340187733927329594e-01
1.436142571156274750e+00
3.178916902340599981e-01
-2.564022118077252110e-01
1.927443673785074474e-01
-6.785232603106405858e-02
5.453276600286438569e-02
-3.290589732955954971e-02
5.492300756827377395e-01
1.856110506192276244e+00
-3.116717501413363359e-02
-1.145030936670558663e+00
1.020581488952463811e+00
-8.222104226697429796e-01
-2.547348660345066795e-01
-1.201290977634771329e+00
2.793704535063507577e-01
3.389138665859353083e-01
-1.789394250488572480e+00
4.890365640754545384e-01
-5.463091585545903905e-01
2.204918887026277863e-01
6.955233843451545939e-01
-5.500009643808370097e-01
-4.037105514877678547e-01
1.593498690642856763e+00
8.221144933956968659e-01
-4.971441565960370568e-01
-1.088654060602076923e+00
1.648561298984782875e+00
1.252713647582043510e+00
-1.056592128825156518e+00
-2.261262754174243883e-01
1.457985440068310656e-01
-1.990967742948510644e+00
3.481665894816111662e-01
-1.220781097930152104e+00
1.611869062709260225e+00
-2.466735873666800138e+00
-7.130397038635387374e-02
-9.446406769988254792e-01
-5.603296105771607971e-01
-4.318696879673769584e-01
1.126685555175528236e-01
9.970735800250850600e-01
1.143355816398662794e+00
4.023218400173409481e-01
-4.150856263666762858e-01
-1.110529532330075231e+00
1.902778397513065878e+00
-1.658444616081089507e+00
-1.421311264383141038e-01
-1.607562160849101085e+00
4.708096916649705532e-01
1.626804119463313297e-02
-3.204344442614014965e-01
1.075307564132296778e-01
-6.982939471586364633e-01
8.761957945358285205e-01
4.912407681099126844e-01
-6.424663077718046900e-01
-9.974269241303797273e-02
6.011250307088492617e-01
-9.714162929339521524e-01
-2.462541988522644498e+00
2.892311355923858907e-01
-1.730789447085524735e+00
-2.078608410958786568e+00
2.988467405500851992e-01
1.351512031005720038e+00
1.104000023914000206e-01
1.190192988236743687e+00
-2.458391656008784398e+00
6.646018239189250831e-01
-7.931730467924590355e-01
-3.372864711199617394e-01
8.704787878164341741e-01
-1.180574753817201561e+00
4.383919880804397207e-01
3.620484295366963035e-02
-1.622424358019432189e+00
2.145186219418458773e+00
-8.837131095368133682e-01
8.050673197236603018e-01
6.999426924873707323e-01
-3.520014352118671086e-01
-1.229524197033411703e-01
-3.006628149442414633e-01
2.519442551669010544e-01
-1.027172454009482871e+00
-4.004060807716292025e-01
-8.867985988441843270e-01
8.443103953828804409e-01
9.406099951245104895e-01
1.260897583268099531e+00
-2.977828702878308476e-01
-5.185468090021456700e-01
-8.634200424450771960e-01
6.220448235751866589e-02
-3.595769843622884654e-01
-8.542870423110567879e-01
-1.089621064153111885e+00
-4.141368217186804923e-01
1.355323960717934872e-01
6.773977348297602896e-01
-1.327040971204534570e+00
2.006235212018634140e-01
-1.198387734220351719e+00
1.297376717298216020e+00
-1.286884751665998028e+00
-5.377664315555007180e-02
-5.684181296632047353e-02
2.267674468919041786e+00
1.704258366884650266e+00
-4.066991404564909707e-01
1.050586056680894442e+00
-3.515295510072107832e-01
-1.212642267438891919e+00
1.284891354016978848e+00
-7.057415231375634423e-01
-8.874229258540771229e-03
-8.169141037420649676e-01
1.485062004276367587e+00
-8.655764312719975706e-01
-3.058342313006977564e-01
-6.930977202908800150e-01
-6.163353328920337937e-01
8.915784527446347640e-01
-1.877990337712147073e-01
-6.683480429571735382e-01
-4.438695660771548313e-01
-6.160258051013237646e-01
-5.742148981212723546e-01
-3.843469265215661013e-01
3.693715816701095833e-01
1.494553265568270744e-03
9.518888968078503821e-01
-6.582752444842837614e-01
1.999956701606299680e-01
-1.169573135854408585e+00
4.899775097227802509e-03
-9.658863781221554978e-01
1.602246054538749354e+00
9.680742985774402898e-02
1.557161460547858978e+00
-6.183575781068020305e-01
1.402311521597463306e+00
5.681052462276465764e-01
-1.828483843045597412e-01
1.380978186494335125e+00
-1.173951779169989523e-01
1.153076052787962436e-01
-1.275290953437968167e+00
1.053179563317722112e+00
1.218335711452303016e+00
7.394774129380978778e-01
-8.508297631058679977e-01
1.172124568298297476e+00
7.170214573406551439e-01
3.842897229787666236e-01
1.329966321874602508e+00
-4.762016176017428576e-02
-4.182202004233579462e-01
-3.572066625841228138e-01
-3.407926508703700286e-01
8.528740593278028026e-01
2.673249242477389043e-01
-1.817670978801671389e+00
1.547093295822757453e+00
-1.565833880876315032e+00
1.006496497564051351e+00
-3.325409863217219542e+00
-3.321628291930405208e-01
-1.044742312534993278e+00
-1.355165737571710105e+00
-7.677765723668249498e-01
-9.919517440242742179e-01
-1.388985955356334623e+00
-2.586499004983529026e-01
-7.993634312970271383e-01
-2.126861245054502358e+00
5.359591782635406698e-01
-1.020352706994363201e+00
6.390296842348173190e-01
-3.381875927672756132e-01
-9.882775018808819256e-01
-8.591093321158278090e-03
-9.311633719346577021e-01
-1.216628847372204891e+00
-9.178744020280567018e-01
1.515686646318406439e+00
-2.003374623248316944e+00
-1.102869048249822459e+00
6.916202529366106688e-01
-1.136830527795891221e+00
-1.296640543887367159e+00
-8.644147576208634220e-02
2.181597514836283835e+00
7.744801835203257712e-01
3.276822129235555381e-01
-4.687158753342393069e-01
7.199348380702375039e-01
2.186384829254170714e-01
1.997934208844954485e-01
-4.248574214212768596e-01
-3.119961271945611014e-01
-1.682270398917296905e+00
1.276977837290890871e+00
5.490083255308852994e-01
2.224262612569422704e+00
1.123200037658096173e+00
-7.408175795393798779e-01
6.775643202377726881e-01
7.313141896438205558e-01
9.662605808389311823e-01
2.588110686542439698e-01
-7.027247059746387636e-01
-1.415722820561944317e-01
8.808741077001833730e-01
-2.704195548971344842e-01
-1.233919527269674354e+00
1.824795917978319360e-01
-3.062849142145844805e-01
-1.090468221219169642e+00
-8.585268183011004473e-01
-4.241048644948944291e-01
4.409732588420215427e-01
1.082993907411185577e-02
-2.984172866733232343e-01
-1.032123388218226578e+00
4.661465514910247410e-01
1.368442608393934279e+00
1.433450099651296938e-02
7.592607267248028258e-01
2.609802443388835047e-01
6.607056844947624130e-01
-1.012144240372294113e-01
1.212339354823635418e+00
-1.319460688321344000e+00
1.366657471143032376e-01
2.250436050339222893e-01
-9.935396579486012181e-01
8.744653316936170651e-01
-2.670152377698220003e-01
6.713946455157668303e-02
1.571355452552231358e-01
7.762515832315884934e-01
-1.055522327255641102e+00
-1.708237505421058566e+00
2.316023625866279190e-01
-1.557806844794868972e+00
-2.954700757447524806e-01
3.491382990898183047e-01
1.936861248757798526e-01
-5.181458777927698822e-01
1.054924999285126175e+00
1.952747651663100381e+00
7.172889162724913614e-01
1.587836886299494932e+00
1.357095139595573041e+00
-9.909891861580536476e-01
-5.597063433181024283e-01
-1.496627594869525790e+00
5.040552664197011090e-01
-8.551937742693553890e-01
-1.789923800258050868e+00
2.124760816857024226e-01
1.452888618083223171e-01
-1.831972102047930151e-01
5.458807056749899189e-01
-4.417584205123234464e-01
8.298118130906759760e-01
-1.000206443766233022e+00
-5.028618085260390114e-01
2.193570676086755988e-01
5.497883629599185085e-01
7.190985031289687246e-01
-3.508626215479031529e-01
4.124426766378401776e-01
8.460272171321279178e-01
-2.698885294541938373e-01
-1.817138554438025189e+00
-1.768335697039000731e+00
-1.231210096409225185e+00
-7.767579843563537922e-01
-1.435341118784231318e+00
-1.544464898921365625e+00
-1.904650948159158697e+00
4.095884540477434665e-02
1.413490000132074709e+00
1.765620338228579778e+00
1.157322715593823936e+00
2.144273167643981459e+00
-4.976097331913454935e-01
-1.714746289757450581e-01
-2.472255647603815554e+00
-8.453957091342186869e-01
-1.597811290316348831e+00
1.839238818339627990e-01
-1.493343681553863878e+00
-1.309434255676962700e+00
1.557635735312089764e+00
-8.768469331934158895e-02
9.212258490642544206e-01
3.775735607266585969e-01
1.370176306695117585e+00
9.279794946921690602e-02
1.192135424195841065e+00
-1.231401779354790005e+00
-2.277604254309296694e-01
1.159998007183505653e+00
-8.549398893562250024e-01
6.491738180199140285e-01
1.141801102966648745e-01
-8.954882344737160604e-01
4.713818676623948156e-01
6.358340302399114741e-01
-5.583133990942010794e-01
-3.883350076819426788e-01
3.949662662867073903e-01
-9.427263476168988854e-01
1.910225531155212098e+00
2.881478352093818085e-01
6.955553272817890376e-01
2.450850665766307834e+00
1.559032061877186903e+00
1.514936817600206265e+00
-6.583422152375597580e-01
-9.683635763056752666e-01
-1.987838842101300463e+00
-1.301892116682943135e+00
-3.380395195030225342e+00
1.207015407401613727e+00
6.700220263139606836e-01
1.302850383181878069e+00
-1.714289374675390665e-01
5.069818726202035553e-01
5.837306181643973080e-01
2.152262959232326356e+00
8.879654108176830984e-01
-2.674005167047492915e+00
-1.996122697893776277e+00
-1.940104453020976116e+00
-1.387879450399725600e+00
-1.831926309758780125e-01
5.063003670276716717e-02
3.013935489271519219e-01
2.873856328611272826e-01
-1.702034730590487488e+00
1.135982003804719254e+00
-9.141480776302815525e-02
-4.560359149594186978e-02
-1.430679535263232438e+00
-2.193815588675017914e+00
5.887903561102461047e-01
1.805594119504019046e+00
6.627734256493078568e-02
1.010986617104425722e-01
6.350447765345150763e-01
-1.194166890297773120e+00
-7.656930758486106825e-01
-9.798969471680656351e-01
-4.727842480306764017e+00
-3.141010239411979654e+00
4.056839706252792777e-01
-4.163540742840326492e-01
-1.729116481755400003e-01
1.093439891699637068e+00
9.325558571199649149e-01
2.734372250956658590e+00
2.415387409945660924e+00
1.890737686238627813e+00
-3.416012481117218780e-01
-5.085705238255090466e-01
5.040289874708103746e-02
-5.101536819408025725e-01
-7.823191299594145498e-01
-5.650809905961323709e-01
-7.028229656674421788e-01
1.538611886685101182e-02
8.397880049069252895e-01
1.102588046872405858e+00
4.047268655710220542e-01
1.930422552365095079e+00
5.239023960442439343e-01
-1.711176527509938872e+00
1.062502765556694539e+00
-2.045136782954704469e+00
7.880206406392944452e-01
4.191160809200454307e-01
3.821544049358949202e-01
-3.070438112031764755e-02
5.467999439761918046e-01
-2.639757470746603163e-01
-2.781121029085179552e-01
-2.073867811078432766e+00
-1.602145467986201499e+00
-2.504538240394095006e+00
-1.201230784202290902e+00
-6.501095693254501651e-01
7.852646666677457477e-01
6.750674094540017878e-01
3.112938472191019379e+00
2.093525046477387797e+00
5.155803537003365022e-01
7.774990433041999438e-01
3.064574668714997729e-01
-1.036411162033095135e+00
-3.445250322644662688e+00
-2.508486169939257771e+00
5.838812074835870725e-01
-9.856869305153781458e-02
1.287668884620495779e+00
1.566988999236470725e+00
1.523494925607198791e+00
1.264173034297430886e+00
3.286312468890424388e-01
2.418470776131018685e+00
1.612949172296165967e+00
3.607861684510544342e-01
-4.057446675958238380e-01
-9.209836867754856993e-01
-1.564960389574802324e+00
-3.412618168281155162e-01
8.465192259483977910e-01
1.363174498435968829e+00
7.043302212723279165e-01
-3.450648391115174185e-01
4.246215256870394805e-02
-2.098944391675169885e-01
-9.332307982608634145e-01
-6.569974366885230621e-01
-1.281298660146220403e+00
-1.016685675895937502e-01
9.019296694146710092e-01
2.182554505544732404e+00
4.081347756925548964e+00
9.859710525721853136e-01
9.052211646911265674e-01
-1.210646193937425785e+00
-8.880343477412828701e-01
-1.062422889055558706e+00
-2.366050833258836583e+00
-1.899588493248262289e+00
-1.390253557859343347e-01
-5.198284436872221415e-01
-1.297636384886429184e-01
1.141625305430098658e+00
1.784828005813178020e+00
1.375928115256170869e+00
1.345721763687189210e+00
6.094601695043930789e-01
-3.057942427247356543e-01
-3.108866643937926444e-01
-1.496656962073842356e+00
-2.560138833469549624e+00
4.590523980422209771e-01
4.787955693635825849e-01
-1.068599023684839500e+00
8.287799564939648533e-01
-1.120052577706755592e+00
9.841365520031049030e-01
5.442697857628576719e-01
-5.903497429945613328e-01
6.509565970777231314e-02
1.993537408814582412e-01
1.709061165747584710e+00
-3.361028008155487745e-01
6.406150064654795306e-01
9.679000154144292711e-01
-4.015918273404166516e-01
1.563506930360885061e+00
-9.017966757998379101e-01
-5.130828430737472967e-01
-1.551658794586112000e+00
-2.757996010088545891e+00
-1.513957941274742813e+00
-1.835277132818390333e+00
7.809134344187431687e-01
2.649047434055000316e+00
5.845947927011443390e-01
8.049711970578581344e-01
7.434244716056455093e-01
2.589022946006164005e+00
-1.761529044658067811e-01
-9.022351406539655949e-01
1.216676007133735693e+00
5.458596187785536014e-01
-2.320344929267282197e+00
-1.676050293705852345e+00
-2.130727605987281503e-02
5.080946316645341687e-01
5.428370438285168298e-01
1.348808516137402602e+00
1.055777031525690690e+00
5.293436835198370716e-01
1.204750238633138792e+00
9.719831745714035964e-01
1.009045032471637793e+00
-6.877731802365608660e-01
1.130004465532590541e-01
4.633640271997908622e-01
1.438311724558017257e+00
-3.855866097016267258e-01
9.955259893597508958e-01
3.401398172108456297e-01
-1.289911509192362526e+00
-2.910386610565978138e+00
-1.168429773246691727e+00
-3.886979608477124648e-01
2.711568494217836411e-01
-7.252832257739142419e-01
-4.740141834911184571e-01
9.531731186616221319e-01
2.158423883266161969e+00
6.059527791192065305e-01
1.268089612312782499e+00
6.729878226983578848e-01
-2.694109671724528310e-01
-1.348143558267503206e+00
-2.353957502180525907e+00
-1.374081448881228074e+00
-2.874594216878810116e+00
-1.695121455665712595e+00
4.704606477057482472e-02
9.863459689481559600e-01
1.021786753374885670e+00
1.989369255499246814e+00
1.473436053930027079e+00
4.570321397333793056e-01
-6.934624288090411870e-01
9.578458820840923815e-02
-1.194515780661142390e+00
-6.860734914974568888e-01
-1.371047693461201478e-01
-3.456122522012164300e+00
-1.394933866379867160e-01
3.073718068172606177e-01
5.083753284343981438e-01
-6.943627824919652580e-01
-3.200126207793925204e-01
1.192048892808796223e+00
6.920491502232775094e-01
9.711421005227671710e-02
7.596561655088373000e-01
2.584856044005415243e-01
-1.540751133047748578e-01
1.697900864528351761e+00
1.827852898916938251e+00
-1.726327799578438515e+00
4.538518529438630988e-01
-7.161586993248264532e-01
-2.183802581607748650e+00
2.568323468522988318e-01
-2.810969157585107681e+00
-2.315475673307521021e+00
-2.258340352287759867e-01
-2.327907413516633051e-01
-1.697688979300598255e+00
9.540741786562110249e-01
1.969678297051010052e+00
2.372750669984965644e+00
1.563589069476123639e+00
5.755567848536429221e-01
1.175876238685233055e+00
-5.926228178170320771e-01
-1.031871073827275609e+00
-1.394564777768601882e+00
-4.790039774234289283e-01
-1.100457401473899255e+00
-7.088305410517783955e-02
-9.428937851419597616e-01
-1.729230338091596320e-01
1.225248968681645678e+00
-1.634266217541615052e-01
-4.831951901709868880e-01
-4.659015538427937475e-01
1.378371280478511540e+00
1.551910057284995315e+00
-1.881696487691597808e+00
-4.808883528463324675e-01
1.292191891438881246e+00
-3.619638393094226636e-02
4.228200358139663217e-01
1.295572450054177427e+00
-1.006118675933824536e+00
-1.264477639903362594e+00
-1.525405564836533223e+00
-6.194772120862703790e-01
-1.817663190187452482e+00
3.687495553859088115e-01
3.997928493504373515e-01
3.135224802178506742e+00
2.975124488906052633e+00
1.399556775773875161e+00
2.299960609893506813e+00
2.878953968961179832e-01
1.247094848150411162e+00
4.521154292946347741e-01
-2.231985417128179883e+00
-1.168432883321940174e+00
-6.422055417946799238e-01
8.721732547514927658e-01
-6.217481617428131102e-01
1.062341954277057354e-02
1.790069986596049656e+00
3.858523828886247564e+00
3.528980518858141568e+00
-5.484216500580478826e-01
-2.682530732774264237e-01
1.411059465906542854e-01
-9.985103723948662857e-02
-2.030558606655722409e-01
-1.259801907260952758e+00
7.343739281849451239e-02
6.884200230477407478e-01
6.768329279955737077e-01
-1.166060608791752440e+00
7.703786585666578812e-01
-1.197483145679789196e+00
3.080327649175573779e-02
-1.639243036524727470e+00
-2.938225487113764522e+00
-2.132119906869656134e-01
-1.680053318635049697e-01
2.871479098800571172e-01
1.709325261389105677e+00
7.174214069571877017e-01
-1.510957476275540667e-01
-7.730599495128659404e-02
-4.250222135167779358e-01
5.260472544464422917e-02
-6.051583693905682182e-01
-3.897618503029880443e+00
-3.193021269502553050e+00
-8.061057190880898116e-01
5.659689393077247388e-01
8.450818516377369694e-01
3.415198194906987617e+00
1.023537263766128191e+00
1.553830580613628332e+00
-8.319655417122020502e-01
1.074932639592969696e+00
-3.347749327513153128e-01
-1.309009698184060433e+00
-1.100316605162098726e+00
-6.287549042469047222e-01
-2.266780075991225996e-02
-4.273581448476020395e-01
-8.550490405969496388e-01
-2.143210888824536919e+00
1.181778441188690909e+00
-1.176686256140759168e+00
-1.752068498716059797e-02
-1.295226069116631962e+00
1.175236333815121714e+00
-1.671572738864893493e-01
-5.905120269044860093e-01
2.911147359719420180e+00
1.475584714154094090e+00
7.665499118250801436e-01
3.647429648607730890e+00
4.390910121025041191e-01
-5.010966497488384963e-01
-5.705172246152852011e-01
-3.040224302531489009e-01
9.139209647742241316e-02
-1.189310741380721126e+00
1.622703022911162751e-01
-5.192189583281541232e-01
1.974307838311649244e+00
3.062523422252171112e+00
1.964597989183591631e+00
2.029824777948233461e+00
1.921611130329895500e+00
2.487576166625452334e+00
-9.147747382572998243e-01
-1.810943847025032083e+00
-1.701388922831550854e+00
-2.412403012684973813e-01
-1.230482525747716327e+00
-1.496155407571754914e+00
-5.872843439949142486e-01
-1.136023823181715020e+00
1.798368862404741142e-01
3.779324567055172279e-01
-3.730371040350959344e-01
-9.613808707802734554e-02
1.224424373802105670e+00
1.653207117203343568e+00
1.637397520507777759e+00
6.003074475664780252e-01
-7.115006965432318919e-01
-1.814810971278053020e-01
-9.160935543997367203e-02
1.253889434488784538e+00
-4.926994855644223348e-01
-2.077511595912911790e+00
-5.621401760949128468e-01
-1.129771874448839419e+00
-1.283417836390386757e+00
1.925585252928908586e-01
1.799265971052519619e+00
2.740199174197207599e-01
7.647185016013464676e-01
1.549021918047928104e+00
1.280420288799559714e+00
4.372241724518879380e-01
4.542264717247287420e-01
-2.223240687751766753e+00
-1.138058404581847149e+00
-1.989897908010943794e+00
-1.409867821652271758e+00
-1.905393599886183509e+00
9.055934619853831524e-01
4.249147024510190329e-01
1.767352826626745088e+00
6.251005286381273729e-01
2.489925497131650900e+00
1.235369215446951108e+00
1.807607906818172960e+00
8.233692133076661035e-01
3.094796667514704280e-01
-1.010838644432968447e+00
-1.804222198483750317e-01
-1.811694036692975684e-01
7.796970023128907412e-02
9.450223738529001105e-01
1.614173358576514783e+00
-3.108954495824399200e-01
5.311418001084756702e-01
-1.913193789255719368e-01
-1.259401017450566762e+00
-1.294836402149933896e+00
-1.599215575823176305e+00
-1.178172896485738308e+00
1.368178952576875052e+00
6.344955326931074335e-01
1.621987936726116963e-01
2.989311313284948035e-01
-8.194306547246761330e-01
4.452667316879199144e-01
-3.587364772897467247e-01
-1.448754570974056799e+00
-2.127204219938950036e+00
-2.612567095299526354e+00
-1.339691839927595218e+00
-1.472222826849563626e+00
9.429909110108376513e-01
1.582743454282936613e-01
2.659720484118988981e+00
5.663089007126886898e-02
5.083505586840404433e-01
7.080145882569306437e-01
1.731988763609840554e+00
1.149547542921329768e-01
-9.599775149541576180e-01
-1.975484300768339141e+00
-2.557995880636019237e-01
-1.064024739716222578e+00
-2.060916741756901871e+00
2.054784935344408647e-01
-4.933433429015798843e-01
1.055663543782185076e+00
-3.359864742010195693e-01
5.539937637740548482e-01
4.219878108296961639e-01
2.200936436116791850e-01
2.780823783718273656e-01
6.806684396613447152e-01
4.844400536433883797e-01
1.186872900409157161e+00
-8.662804509157114863e-01
1.170357182656548201e+00
-1.676208659172486071e+00
-2.219724436201490625e-01
-1.926979529847977934e+00
-1.769581786692280057e+00
-2.551476789631024644e+00
-2.796372288031019782e+00
-1.922438149726050760e+00
-3.518850943880515558e+00
-2.396775211847945730e-02
9.739168137179377016e-01
1.633633755589553260e+00
1.705525029908100398e+00
5.023051974900605288e-01
1.588810773888345462e+00
-1.805478324888030173e+00
-1.139760236705970708e+00
-2.994183429250915740e+00
-1.973276958223155297e+00
-2.440113790949296479e+00
-2.303922869173958610e+00
6.185900561792500030e-01
-1.763077133081774051e-01
1.415383981173516936e+00
1.111338756023976027e+00
1.593052445781257820e+00
4.576620226963773463e-01
4.933583930480728852e-01
-1.656118858985510256e+00
1.030863029467734115e+00
9.843097024956742880e-02
-1.860702247778447616e+00
-7.141470996970404883e-01
-3.803809390989955075e-01
-1.154443274291722332e+00
-1.114022380181968641e+00
-2.081158504220106842e+00
-2.764460237279975363e-01
-2.383270491837729210e+00
-1.344857470326676907e-01
9.554282246477917573e-01
-3.172882354318204423e-02
1.352400213279047581e+00
7.568818678939362998e-01
1.614425846912998397e+00
2.226819992384197366e+00
1.238915870627515403e+00
2.145382859659209274e+00
-1.627361883511959095e-01
-2.383617547885305221e+00
-1.818328715206940727e+00
-1.407348847739603670e+00
-4.654317485863002091e-02
-1.104057798305366767e+00
5.264520447053607777e-01
1.230370599463219694e+00
4.823840724206894803e-01
1.407175203264959151e+00
2.176570906886324153e+00
9.145901704027090684e-01
-5.108755379713462164e-01
1.040405402081116648e+00
-7.412813251864663888e-01
-5.455372056350749066e-01
-1.734232099818179940e+00
-5.884735529867197723e-01
5.614707668430914955e-01
-1.944293963235573131e+00
6.951270901509316591e-01
5.505925134498208529e-01
-8.636851319820058048e-01
-1.754103568480242625e+00
8.629558605140046357e-01
-2.149530570658052253e-01
-1.425960485465427585e-01
6.376424770867055170e-01
1.317868789793071205e+00
1.097989576635324926e+00
3.868010538425170619e-01
2.053950404071489544e+00
2.783412717815875403e+00
-9.623564044634586034e-02
-2.462734509582760190e+00
-2.072746128032112001e+00
-2.307994849239564772e+00
-1.445196341768658410e+00
-1.730101711393150499e+00
-1.908315845702863445e-01
2.917196187868060786e-01
1.619279923154790524e+00
1.428402312717421463e+00
2.088697874240931895e+00
1.089693957160484450e+00
-1.664536806939991287e-01
3.151616629979907547e-01
4.749527044452890312e-01
-2.082894778652356393e+00
-1.024565979351828027e-01
-3.180622966001257490e-01
-3.486239647845934542e-02
9.398559852670046455e-01
1.393606027640092559e+00
4.497528961241522572e-01
1.055173843797140298e+00
5.708164413719688524e-01
1.296114711184964685e+00
3.685544102979472769e-01
4.083531233391357040e-01
-1.739013992836623945e+00
-5.236717626991529428e-01
1.762278844828184310e+00
3.536990916401153706e-01
1.518915410712741609e+00
7.703244562311932775e-01
1.532803379321507009e+00
-1.795909127380419967e+00
-1.061443657163312349e+00
-1.608324729650140839e+00
-7.328365471571985923e-01
-1.830144216093044340e+00
-2.353036615028627487e+00
1.505374101915825102e-01
-3.656825837878976415e-01
3.761209881989694637e+00
6.503553015207279575e-01
2.173403807214064010e+00
9.273962789048110222e-01
3.726514181782997204e-02
-7.931320596079802776e-01
-8.340035082005927691e-01
-1.889611592846608845e+00
-2.978609304544117542e+00
1.210451826072736825e+00
8.615847302602572810e-01
3.476643899095854806e-01
1.151839473677995107e+00
1.797502890001809295e+00
2.488751917987276130e+00
1.380386382080746710e+00
-1.739835768343511724e-01
-2.851600534236731210e-01
7.740123343721435623e-01
6.580611932234412542e-01
-2.713316556848865524e+00
4.072274544859678658e-01
-1.965976927106269478e+00
1.806822006878292808e-01
-5.876769518834279449e-01
-2.350596743105459741e-01
-1.186569619077847637e+00
-5.478483103688207567e-01
3.284253737397812012e-01
1.017430460279737270e+00
-6.019654928468280985e-01
1.093776798447141374e-01
1.197446118024053652e+00
-1.017520781601785940e+00
-2.173848057700709546e+00
2.334743685186958240e-01
-6.884115057506723367e-01
-4.283877389116204082e-01
4.688603931180250206e-01
-3.715902159472321831e-01
1.068699117267132959e+00
9.707391461479014660e-02
5.384518485275407995e-01
-4.814007315401800935e-01
4.744795076393764077e-01
1.520014180178083318e+00
9.592190522026458055e-01
1.038322693926493567e+00
-8.161064973537909273e-01
7.546756715214126832e-01
-1.616761011544072535e-01
1.385387745742394205e+00
2.578073160616859205e+00
1.435988962059855600e+00
9.853923019343663325e-01
6.226200061916135065e-01
-7.295919013153776556e-01
-1.235847159562259767e+00
1.609281290159931155e+00
2.579555656431531396e+00
-6.845707742972604315e-01
7.036117008972562203e-01
-8.258627529464040995e-01
1.091932431420924443e+00
-1.089584094241719425e+00
-3.881149815143435378e-01
-2.339367228926801934e-01
-9.323532568173017454e-01
9.692592212633142079e-01
-9.206606569112802951e-01
3.855098252966666639e-01
-9.286669357610233266e-01
2.289388503564042665e+00
1.190033648342104566e+00
-2.226230338470821746e+00
9.244653895042172220e-02
1.361034848550333187e+00
2.729764162200988831e-01
-8.279530145731411883e-01
-6.717483031484381417e-01
2.517072661108034293e+00
-8.002175598631238174e-01
1.201386968076236572e+00
-3.982643712017363558e-01
-3.435348722516325948e-01
-2.448367408378799404e+00
5.217833574669120816e-02
-4.329520799526683228e-01
1.356644822348699320e+00
-1.890131737579588744e+00
9.239890362763249210e-02
6.878359859442815250e-01
8.873590983173949009e-01
-1.689846896172571222e+00
3.752763078050064816e-01
-6.729875148204884916e-02
-2.684140106593977948e-01
1.475412199914364786e+00
1.190163680085692510e+00
1.310202687818336376e+00
-7.124904342468521001e-01
-1.583598122637242256e-01
-5.280160252238542684e-01
1.596834406876753487e+00
1.248584667549903271e+00
-1.710114323509897560e-01
2.357739697806307266e-01
-5.710463419354880887e-01
-1.060421575129462779e+00
-1.674221019913757047e+00
1.209685161417864530e+00
4.668081477016625680e-01
-1.148367017712070615e+00
-6.664178276618450969e-01
-7.528109989013817734e-03
-1.288070905087644658e+00
-2.127932812305120880e+00
6.047034979292058993e-02
1.777600389331423170e+00
1.669896468045337368e-01
3.119872513535712488e-01
1.005061341456898294e+00
-2.829543479285372976e-01
-3.199925700844007959e-01
2.307865226140546344e+00
7.121507275223138977e-01
-6.356780974709053122e-01
2.054149483202146464e-01
1.575925644326227282e+00
5.243758995778827758e-01
-4.575904772324344560e-01
-1.086673837303770096e+00
-1.723714413190864603e+00
-1.345984791043317585e+00
-6.210840157733468203e-01
2.036518187834873927e+00
-7.077632247102548790e-01
-1.285939682761190195e+00
9.114351905562133593e-01
-1.042693411574362683e+00
-9.742118728166353214e-02
7.429262633524681414e-01
7.385337612563186438e-01
-2.598380238222404714e-01
9.684447227169276085e-01
-2.055668634505354309e+00
7.852353810219839803e-01
-1.087720970409584265e+00
-5.758153842560910229e-01
-1.343373985918780711e-01
7.511903130696062636e-01
-2.588239278599360205e-01
1.536834554358220695e-01
1.859344358245101914e+00
1.647172684761799344e+00
-2.470958986990920980e-01
-1.325344617311656092e+00
-2.845587552819783123e-03
-1.894739485627222886e-01
1.096405181231461246e+00
6.888167405144139943e-01
-1.406608472759691031e+00
-1.473416027005713502e+00
9.929866813975087858e-01
-2.892211921472742295e-02
6.665596718835244960e-01
-4.111781400076995330e-01
5.350871825910477053e-01
-1.262639374265094538e+00
-2.123356979293704316e-01
1.419626740886246852e+00
1.027665094711549543e+00
1.158615876564945024e+00
2.077695616078328200e+00
-7.579898128619373399e-01
3.298395946234151110e-01
1.274968212593286410e+00
-4.499412050863910162e-02
-7.260816247633840037e-01
5.397093456625859931e-01
-7.903940255156918226e-01
-7.266295941816468540e-01
-3.482341815158305209e-01
6.344571541221777355e-01
-2.454194930443590050e-01
-8.930283895275527295e-02
1.392190971690768775e+00
1.620565308023375617e-01
4.394706192871810080e-01
-1.240509076353663254e+00
1.303001346798180193e-01
1.254263012244293929e+00
3.397966859867672107e-01
5.486108347800680018e-01
1.305140289725721603e+00
5.906931335749123768e-01
-3.772699812066767078e-01
7.178961400180114971e-01
-3.168743083685140460e-01
-4.741292890698258766e-01
4.501808307361921946e-01
-1.523550030447049786e-01
1.521281910092895151e+00
-7.467378937838221598e-01
-7.883492732151800020e-01
-2.781789096852239851e+00
-9.834757761797354725e-01
6.487092349928123003e-01
1.416645928950866162e+00
1.354199896954242588e+00
-5.302605674418638948e-01
-9.261671192904800121e-01
1.392070420757654803e-01
-5.046334270657452103e-01
3.867539881025215953e-01
1.577338439233508582e+00
2.180216707208808835e-01
-3.852715316044137001e-02
1.245023535341593934e+00
-4.758663318998794800e-01
1.555376257387540484e+00
1.484774983785591473e+00
-4.729310028969592183e-01
9.048383440894877117e-01
-9.051158755269982370e-01
-7.520839992238638194e-01
-1.282777729344148687e+00
-6.957111819418342058e-02
-9.554957884083633557e-01
1.754014706350829123e+00
-8.450449268540822789e-01
8.916350082299893121e-01
-7.591160065339663809e-01
-1.257313075466065300e+00
-9.898554039079143774e-01
-6.100819787763378521e-01
-6.611515838936257161e-01
-1.158261819050335983e+00
-1.023999341875339253e+00
1.822054281491270800e+00
9.306942942786884387e-01
6.325237712814161251e-01
-8.243026337926967484e-01
2.640906769214903527e-01
5.678655693396997828e-01
-1.566459006139695465e-01
-4.579823209849576138e-01
-3.441925131838013963e-01
2.147865312288286699e+00
-2.458057667084280418e+00
-1.861968700870804350e+00
7.164632118097434832e-01
-6.945075371476006065e-01
6.633036581067608406e-01
1.555690327781437565e+00
-1.596373301271334144e+00
-1.423517894322327004e+00
2.423631688560066999e-01
-1.946052605204007802e-01
8.296925148966262098e-01
-5.132652631384583275e-01
8.438570733947506897e-01
1.041122813578690298e+00
-1.068995716991985701e+00
8.981240905863431268e-01
9.310671094761959754e-01
9.618587301464353034e-01
-8.650773476503224035e-01
1.176038068471747522e-01
-9.641626386944268656e-01
7.042974414877328782e-01
-1.013902004028149229e+00
-3.355822157157283270e-01
1.729056348311961644e+00
4.737739615686520356e-01
-8.559770578022795062e-01
5.391026179163842524e-01
-6.109279169540086096e-01
-3.656461902418904342e-01
5.568039591439387648e-01
-9.236567007853476730e-01
9.437763350538322937e-01
-1.922443629375894414e+00
-4.969626633698946416e-01
7.400161544403570657e-01
1.560537497226003045e-01
1.310580261894916276e+00
-7.178152605818921561e-02
1.339855039977691620e+00
-6.570322951167535397e-01
-8.554189498915035217e-02
7.222430251256900524e-01
-1.470603697954685207e-01
1.516367541494599180e+00
-1.696702985233687011e+00
7.795230224317352130e-01
2.038445568363943750e+00
-1.114518340285421683e-01
-9.176089258053875541e-01
4.477526439963178673e-01
2.058522071372762552e-01
5.437017196252170725e-01
2.284151125718196784e+00
-1.702119888578464746e+00
-1.123272099212834441e+00
-2.029607480486251170e+00
5.884793414571362069e-01
1.238094446826933037e+00
1.895068345090487938e+00
-7.589452452017746431e-01
-2.616691154252315243e-01
-9.869773963557512131e-01
-6.985474173103864981e-01
-6.354090111054645496e-01
4.684948529413072715e-01
3.847015699996072513e-01
-3.806570190120521779e-01
-1.070006405164877883e+00
5.420707624117073742e-01
1.015671341837387054e+00
1.014925014049699259e+00
7.353016872457817099e-01
-6.743021703115072985e-01
-1.545344861355326671e+00
-9.574737743091283892e-01
7.456251613188797922e-01
1.540104577533456531e+00
2.272767947788401521e+00
5.018748882846788550e-01
-7.825028906341450208e-01
-4.686672366103686871e-01
2.259763656093042306e-01
9.564112200518793960e-01
5.573834740020632283e-01
-9.966572464972253131e-01
-1.103101027927142264e+00
9.169457705142156079e-02
-4.075244166392644196e-01
-8.281049576155028458e-01
6.959479031238572366e-01
5.312182931076917525e-01
2.046270104125304246e-01
-2.232247296614075782e-01
6.089392503937753887e-01
-1.455267209820317209e+00
4.911979935911354178e-01
1.120612568701634837e+00
6.184116797133183407e-01
-3.862771544954085590e-01
4.741413329426417689e-01
1.569674889871009449e-01
2.187626841017796142e+00
5.467094188251574172e-02
-7.344725459771797027e-01
-5.465882987180178398e-01
1.662008983705062504e-01
1.542511338048501435e-01
7.427455539116381011e-01
3.772009952527954901e-01
9.786609601190717767e-01
2.612234650600227859e+00
-1.457127665269995820e+00
5.686870984170055987e-01
1.282844545070295439e+00
1.231067459652287477e+00
-2.592269757802626362e+00
2.773306171121946995e-01
-9.575114765563970121e-01
1.542089786556377629e+00
-3.723856207398991702e-01
-2.521069373599251207e-01
-1.374967945913361245e+00
-3.664028849547757427e-01
-4.225976629606354451e-01
-1.237684252794798434e+00
-1.379482433666784635e-01
-1.675678912538670629e+00
1.164560313041895223e-01
-8.458267720033704751e-02
1.462781996211183655e+00
-5.896422915643446672e-01
1.556505759328223881e+00
-3.971799151490788549e-01
-1.850381020176111169e-01
8.777380238288375880e-01
-9.258475983254085273e-01
-3.165568886415079386e-02
-1.777774298852871984e-02
2.570312309405038409e-01
2.466290830656642508e-01
-6.193646537496533266e-01
-1.824581597323662541e+00
1.496401608269888772e+00
3.461124279168449891e-01
-1.768132761310004186e+00
-5.110567323548004248e-01
-2.139107603738233720e+00
5.666631495982218381e-01
2.627470930473371435e+00
5.822908781539890555e-01
1.866863873109064764e-01
-2.366139091380936033e-01
9.098780030024746779e-01
-4.243691228012354544e-01
3.090366460959450001e-01
8.290968948896973445e-02
2.665958965418874227e-01
1.357460779312398502e+00
1.154112738435367103e+00
-1.815013345631338204e+00
-1.239215206363438959e+00
-3.325342505831624940e-01
3.234083148297919874e-02
-2.305648415583387290e-01
1.076203027086348962e+00
2.319103208091836260e-02
-2.421832219912552209e-01
7.786268664553719354e-01
-7.673324598860639112e-01
-5.528037209433579457e-01
3.844662186372397983e+00
7.573676187252319503e-01
-3.482819658065738899e-01
1.415710537680895609e+00
1.189669166933172262e+00
-1.575254858585621642e+00
-2.867886191423764664e-01
-3.117567121505087635e-01
-1.048173422024123225e+00
-1.107218338752980757e-01
-1.296446950003597554e+00
1.757713231131555975e+00
-2.048785214751275008e-01
-1.700451262283436016e+00
-9.573994697537374643e-01
-8.928796363594572183e-01
5.812536667415385550e-01
1.712069994611772561e+00
1.179757973644639524e+00
-2.071420055119598924e+00
6.433846358132708776e-01
-5.420601672899227896e-01
-3.143440139089259122e-01
-1.186372100864620860e+00
-1.426753912396023116e+00
1.006571966864615586e+00
1.613361430215665360e+00
1.625572271658108026e+00
6.707399469994460572e-01
-4.897197514359598047e-01
-7.294103718800863945e-01
9.717590487211451300e-02
4.533411616261887600e-01
2.354423655012500005e-01
-9.290974687360777085e-02
6.376015795130117736e-01
-3.809233528547014691e-01
-1.484242447147899657e+00
1.230996393644110815e-01
-1.465158333958686221e+00
-7.793822485253505405e-01
-2.803795029163388963e-01
1.069223873587810125e+00
9.018017763894314864e-01
-1.868931826386327766e-01
-5.591372469850245525e-02
-1.347030853942187356e+00
3.772656629215492274e-01
-9.684662300294972770e-01
-7.304588987661687627e-01
9.060753008337447678e-01
2.864021048840186268e-01
-3.567260573216469721e-01
4.094350417720251101e-01
2.454228080697485215e+00
1.016272176401670446e+00
2.174778120632044620e-01
6.370758929309408014e-01
6.546714567200366819e-01
-1.855738681267700141e+00
1.104465852378502477e+00
-1.328343976012971162e+00
3.807157818905163582e-01
7.822466519318378442e-01
-9.228737394481806300e-02
7.457344196838271433e-01
-1.172419694390185674e+00
2.241850143482267688e-01
6.714225584623528809e-01
-1.354137838713130648e+00
-1.089200208377924195e+00
-8.025401779390111123e-01
6.990256453425991445e-01
2.373789299573470402e+00
-1.789981531190530939e+00
5.326678468169888242e-02
-9.004933431367236896e-01
-1.167591301033841455e+00
4.590061513244080293e-01
1.890369228691637926e-01
4.692290599020437214e-01
1.517839701852815804e+00
1.479259211094971382e+00
5.555120032431679622e-01
4.117482923912673121e-01
4.871986337858636440e-01
-6.873904523256670895e-01
9.735246932347630874e-03
-7.284606575349523994e-03
3.745354842921447269e-01
9.161568107616115952e-01
1.609474309832416905e+00
-3.486991761855594563e-01
3.908390642105560309e-01
-7.430246326350177233e-01
-2.737699510894761601e-01
-1.385229644175461017e+00
-3.585518572460544284e-01
-4.694045401757823144e-01
-7.259962767194974020e-01
-1.134910744022243900e+00
8.312288744604416912e-01
1.341040166524496646e+00
3.774396765608497434e-02
-1.743034735402022167e-02
-1.200178072740113039e-01
2.885710913480859507e-01
-1.031285779347913101e+00
-1.243145492587510031e-01
5.501590555797364335e-01
7.608546018830197877e-01
1.918591269927823195e-02
-4.417089104830833057e-01
1.185342161909765935e+00
3.529854019775537088e-02
-1.212266143834997756e+00
2.505953563887931002e-01
-1.873403961117776406e+00
-2.269355442816858748e+00
8.644339219573274891e-01
5.264553289986724227e-01
4.829148740877113322e-01
1.155325148754314801e+00
8.107349888804272764e-01
-1.577512757658516174e+00
-4.872983149986728213e-01
1.935961613629776090e-01
3.137025275860467755e-01
-3.789273976851990078e-01
-1.118459795433967251e-02
2.458464645227075529e+00
8.647809004432026325e-02
-3.403671481068822890e-01
-6.371325679637454553e-02
-2.298703004976771196e-03
1.903717425270639863e-01
-1.167285224337069272e+00
-3.666859928463709895e-01
1.238354657040078077e+00
-9.906868441601567044e-03
1.124420921369801762e+00
-8.204005959167678386e-01
-6.720200136615012143e-01
7.284859290095014872e-01
1.718367055336668558e+00
-1.270651179548224763e-01
-1.452994163848905451e+00
8.071287280125357677e-01
-1.127184274175976553e+00
1.044279429388961900e+00
-2.389463624576044221e-01
2.741757586981876105e-01
-1.156203114909589047e+00
-1.223255108566024152e+00
-2.556554684697425195e+00
7.076466268729149078e-01
-4.871439181095541526e-01
-1.273332681325985538e+00
-9.515028340686463304e-01
-9.427409284803656142e-01
8.180651705798438478e-01
-6.039620612967633306e-01
-2.228651944855959688e-02
7.893723639829745009e-01
-6.967410271252486020e-02
-3.951911863329866104e-01
-1.764759179737127037e-01
-8.845464486295150364e-01
5.387967192298610541e-01
2.421111945269677768e-01
-4.360792479058136356e-02
7.333527368215153608e-01
5.649031832604675674e-02
7.244492686051287045e-01
-8.696477443324601708e-02
-9.876643493418452158e-01
-6.231042493337211052e-01
-1.101524556034063185e+00
-9.217970342624117255e-03
-1.669640095539426827e+00
5.720318919563441851e-01
8.064052411138954157e-02
4.309622637022887393e-01
3.743433379572934094e-01
-1.409464959980780474e+00
1.412102473786779333e+00
-5.683212563035419107e-01
-2.235154444764234083e-01
4.455620719628808346e-01
-7.559228472445050917e-01
9.591770793896128855e-02
-1.020021841178069932e+00
-3.930008565404052301e-01
1.879702153508723272e-01
-4.982109431254155285e-01
2.852317214423154557e-01
-1.845075315993452980e-01
-1.760646994941572618e-01
-7.044097574970590303e-01
-5.696675330669881410e-01
-8.234365249070987325e-01
-1.124255247754631704e+00
-2.909629547103182931e-02
-2.727349047458360043e-01
2.304331628550603028e+00
4.962787804933574964e-01
9.606695575695398670e-01
5.989853375405899127e-01
-3.423997156638943218e-01
-4.350838434583111369e-01
5.170467483841030276e-01
1.061386724140067628e+00
1.476407277604108170e-01
2.169205123062942220e-01
-1.031969519241984212e-01
8.128286780984498305e-01
3.172334220252789549e+00
4.290366674682849712e+00
2.344683039774092315e+00
3.270016660696520194e+00
8.290958401929731103e-01
1.931790947255407342e-02
-1.067809686374294742e+00
7.059458056923806346e-02
-5.502749662679020659e-01
-5.059986269039042917e-01
1.329603366021980815e-01
-7.567687500035369386e-01
1.510632911553150937e+00
-2.186942755219258405e+00
-9.640534746822273515e-01
-5.567038391605202419e-01
-5.067714745088117700e-01
-8.968632722997422757e-01
4.421100637413611367e-01
-2.861797051685285531e+00
1.527107011585720375e+00
2.067458398533711605e+00
1.143328276378904551e+00
2.121118260152736301e+00
2.765370751303678709e+00
5.194680957061323934e-01
-6.136583783401533543e-01
-2.463033831326497669e+00
-1.166104889093081853e+00
-8.991105191012007669e-01
-2.618356450612152386e+00
-1.924713037817687766e+00
-2.951250644414634472e+00
-3.402671308283260476e-01
-1.552568372029625499e+00
-2.385223339040181134e-01
-3.846211541423381064e-01
-8.547597876135737405e-01
1.297963774097009804e+00
-3.623950274080762757e-01
1.272587568622667531e+00
9.249122961919923336e-01
-7.530543079835744225e-02
-1.169216574923498619e+00
-3.613111611558139646e-01
-8.973035858061937375e-01
5.593143470667534256e-01
2.192357151110678970e+00
-7.016425097258313648e-02
-7.531664044958618076e-01
-1.239365632758994973e-01
1.795749770801392753e+00
-4.490597875112196657e-01
-6.870492977999613782e-01
-3.524577797053920936e+00
2.795879739802309416e-02
-6.577858652573996823e-01
1.183549690614921657e+00
-4.291955050630189561e-01
-1.643545989025426701e-01
2.497530341249139418e+00
8.723643641743135113e-01
3.312302268979003372e+00
4.924538586499414006e-01
3.149005237367148435e-01
9.663456117930175893e-01
4.928012254686200411e-01
-1.585788503749120393e+00
-1.782762303510150526e+00
-1.402660984605687666e+00
-1.612279276150165863e+00
-2.721702946659424249e+00
-8.644294832937396977e-01
-1.468714195707851111e+00
-3.961777548761984402e-01
1.849458904602834020e+00
1.090703123417935183e+00
1.246671851780128959e+00
2.786755719245132212e+00
-1.535378135427253987e+00
-5.623140962933607101e-01
-1.612807201686272673e+00
1.506696125949868570e+00
1.662041409870715913e+00
8.726047380910113560e-01
-1.042347179833762461e-01
2.222141361290280948e+00
6.727572627045570464e-01
5.827807039936605538e-01
7.381605318873318833e-02
-2.034321096234929183e+00
2.534023769430697737e-01
1.219775768816271366e-01
-2.144801233194090440e+00
-2.021779912778237431e+00
-1.236729994163831670e+00
-9.075152837051831956e-01
6.568625980679176912e-02
7.658057637743819202e-01
1.818303795110385312e+00
1.255618124977548211e+00
1.090289254052972279e+00
9.268010053340114407e-02
-1.345940502335552180e+00
-1.209191703524569839e+00
-3.135953106388246869e+00
-1.795126158027199548e+00
-1.363471647133937870e+00
-1.887321890729651841e+00
-8.093061668375629569e-01
2.611455459838949444e-01
1.809362921149593628e+00
1.418572602493101353e+00
-5.583268372937959523e-01
3.941157307126172959e-01
-8.182250262688300912e-02
-4.731902302445052388e-01
5.954320863269165764e-01
-9.707588537747615653e-01
7.486793722242077176e-03
1.415485780225987700e+00
3.188678603219343155e-01
1.283069292103931947e+00
2.947318909613099613e+00
1.225903362353847115e+00
-3.497458522506637357e-01
3.827677319626830998e-01
-1.534337567548333503e+00
-1.050102082447684104e+00
-9.591804709007012431e-01
-2.523186493641741190e+00
-1.808281015870380815e+00
-1.763995842205802411e+00
1.821737189710484373e+00
-6.398853595708480224e-01
1.807764333161862691e+00
2.776100151968741159e+00
2.465296805845804684e+00
1.229567424550045196e+00
1.304706531835367667e+00
-3.274939233461537924e-02
1.084589855607443365e+00
-1.543894406956652920e-01
-2.793279690467806109e+00
-1.457708626811443198e+00
-2.073314890190446569e+00
5.612097435958348646e-01
-8.053050244457212736e-01
-1.746975569014683760e+00
-1.524788501259386475e+00
-5.605928828727534396e-01
1.855617434741739569e+00
7.486484043332040095e-01
1.152621621788172623e+00
-2.329531898973447923e+00
-7.376974091246469856e-01
-8.406659006273907719e-01
-1.083866864255587092e-01
6.140203692618977360e-01
1.078361495784262214e+00
1.187261426417014487e-01
1.652901611749839184e+00
1.064835250205331985e+00
-2.615103751326581794e-01
-8.369915243124451121e-02
-4.805337643569940198e-02
-1.351759976961099952e+00
-1.744472256139418143e+00
-3.258068595122558975e+00
-1.244904132920273021e+00
1.118812140822558199e-01
7.956212080081337401e-01
1.092714425344022633e+00
6.485789151161955868e-01
8.586257684706334325e-01
6.019741302712857678e-01
2.947349422151204656e+00
2.874827525663255834e+00
-5.783171722095908907e-01
3.396525501901510868e-02
4.795247551026947663e-01
-1.655906676874347117e+00
-1.228368193483982962e-01
-9.141295337723981396e-01
-4.734946037797089224e-01
1.500649859710529110e+00
-1.790691004136587328e+00
4.960367642409332367e-01
-1.138264542277276803e+00
-4.154318345203588114e-01
-8.437905175437969696e-01
-1.539416101846490914e+00
-1.976144809151334059e+00
-2.376957755234651581e-01
5.020842173790144303e-01
1.179047966879449127e+00
3.896215539018715646e+00
2.002295002878262675e-01
8.835411185077901575e-01
5.493040509810895866e-01
7.215481628839631734e-01
-7.816378064601254838e-01
3.679156907690176448e-01
-6.763212088452907889e-01
-2.739120895102355568e+00
-2.458688898983337090e+00
-1.855579256398377508e+00
-1.753021700920401216e+00
-1.721074758359785850e+00
-9.784889797230722497e-01
2.561445021272400480e-01
-4.038160213078820782e-01
2.404327399064737136e+00
2.074821211598580462e+00
-1.959661263318479563e-03
1.408591334262395689e+00
-4.402762887789206658e-01
1.273121475214272547e+00
4.910217207223666058e-01
7.973167816645587713e-01
-1.951857171860890972e-01
3.255127574746083385e-01
9.063289737227266940e-01
-3.353358768870897677e-01
4.667069690710827223e-01
-2.139909787251988993e-01
-1.807429673351071742e+00
-1.727056114530205910e+00
-1.815825544022924731e+00
2.632276700613775944e-01
4.966845610858827698e-01
-2.350326370307120882e+00
2.719307630425379929e-01
1.686338438321274946e+00
-9.695368970380111584e-01
3.113522481736894498e+00
2.146508404516008106e+00
3.790007304409914735e-01
1.629616190621311134e+00
-1.149955037312867745e+00
-5.873745579836597841e-01
-2.150099409369296222e+00
-1.406218742802564758e+00
-1.814544018190320518e+00
-9.261332757173175168e-01
-1.921474156730315519e+00
-8.495178774919724951e-01
-8.908612335653177672e-01
5.922368873812327017e-01
-4.976248901751483267e-01
1.423105282013852779e+00
6.044788554236990574e-01
1.332350487426396946e-01
1.156577539391528298e+00
-5.445295954347934009e-01
2.762380013119172806e-01
7.812161373953119270e-01
-1.586797888707414117e-03
1.075929878487286384e+00
1.839178692446002739e+00
1.735085083993478161e+00
1.573321836754996372e+00
1.193103401511518058e+00
-1.383987786831333944e+00
-6.102902702405623714e-01
-1.769797214388818096e+00
-1.133568546489706730e+00
-1.017319275580029103e+00
-3.594850429988044827e+00
-1.380215069559929564e+00
-4.819516414490146450e-01
-1.675201173105533847e-01
2.310651160734857879e-01
3.397368679958187698e+00
1.075505767442675342e+00
2.087200467312142038e+00
-6.424023577876795121e-01
-1.331646530864264988e-01
4.204185638332529340e-01
-1.279041665043121334e+00
-2.356064026712416215e+00
-1.731899854024185892e+00
4.996865171377554704e-01
-1.847926872162910961e+00
8.059647708962943691e-01
1.035368205078282255e-01
2.664384888081605673e-02
1.378362662852759879e+00
-1.295721530231282337e+00
1.089013890294172615e-01
-1.112693423400278769e+00
-4.620625404788784030e-01
-1.488010629463490719e+00
-1.373226309953446966e-01
1.682344277932406040e+00
5.049682883850166171e-01
2.381193525385348231e+00
1.523381833311923783e+00
8.128275824802794203e-01
-1.189120369348027229e+00
-4.646547028055159068e-02
-1.368228649407867037e+00
-1.866866616227380149e+00
-8.247511145705850311e-01
-3.731333841174337529e+00
-7.960040719820964394e-01
3.102425771843897451e-01
-2.583542061064039164e-01
6.566148129417035406e-01
4.893348844349456050e-01
3.155469918759549408e+00
6.488446918353834025e-01
1.267203358303849114e+00
5.494967477358031482e-01
2.762244562625556732e+00
-4.468929274560139442e-01
-1.741433202103086497e+00
-3.212355946598392520e-01
-3.058173359827138782e-01
2.735640511927590612e-01
-2.972274761483028604e-01
-1.709086256027785300e-01
-1.795176047166856304e+00
-2.261168564317856955e+00
-1.446418941395052116e+00
-4.970052801498886508e-01
-5.948055207822560142e-01
-1.312419569537592645e+00
-1.921784468967828952e+00
-1.821363100428982085e-01
-1.868026239687888612e+00
8.128763305025971109e-01
1.044444652611820956e+00
1.476541968912149949e+00
3.852541130699953520e-01
1.728001948282328115e+00
1.449270940062894475e+00
9.204457009786670696e-01
-1.123809778780882507e+00
-1.795680767393433186e+00
-2.818011385740332386e+00
-3.436802534764243688e+00
-2.047461297078154274e+00
2.339409015882765175e-02
-1.462064033150475506e+00
-5.549574718811925989e-01
-3.299484411523677663e-01
2.576167995711209358e-01
1.917446825353129602e-01
7.644154661385971217e-02
1.054204839478020572e+00
-8.378397954005648574e-01
-3.674110401768154732e-02
2.051571087268381000e+00
8.032095533060489290e-01
1.003756929339828075e+00
-3.059991406223251942e-01
1.040872009750984789e-01
3.691564358647085320e-01
8.129334405554969889e-01
-2.112038823247295305e-01
-2.205855996647253792e-01
4.741620110228211837e-01
-1.572715747810361275e+00
-1.111368517379782705e+00
-2.304081448998677839e+00
-1.873404412328625313e+00
1.262779647188733367e+00
1.861237663601593706e+00
8.191754346265467390e-01
2.335026752091393210e+00
1.271499104452342266e+00
1.400142582817978543e+00
1.413841458994595346e+00
2.769750859623237638e+00
6.622627511540113421e-01
-1.097396368056118010e-01
-1.962503455942931740e+00
-5.090039902106302527e-02
-1.568950088770799889e+00
-1.113483308530247351e+00
-3.778243806906944613e-01
-1.009596462309083176e+00
-1.945563045975706173e-01
2.645815336667379780e-01
-2.303338638075707046e-01
-5.942670413688480036e-01
1.285110029568487189e+00
-5.984952178513663901e-02
-7.961157597607534386e-01
1.740480131631869654e-01
3.310127591814449599e-01
-9.013031571091304484e-01
5.034423047555254271e-01
-1.083406134951085953e-01
2.306644969058396555e+00
7.016657885503280179e-01
1.807254873227454706e+00
1.143926039918263582e+00
4.701247585044682209e-01
-1.000337744065517454e+00
-7.414809676960043561e-01
-2.772201600384097020e+00
-2.236606198130637768e+00
-1.122696458554876653e+00
-1.450974832910107093e+00
-4.247973460739962182e-01
3.003359749026497827e+00
-3.241682396620615414e-01
-1.132278144670810338e+00
9.500016541833110617e-01
2.898605552506225980e+00
6.729458921363166146e-01
-5.057072563262819953e-01
-3.068725900168676329e-02
1.657133446800373555e+00
-1.051831081921184685e+00
-1.483522581951755681e+00
-1.291262628353538000e+00
-1.332202019795895476e+00
-1.171458434941646587e+00
6.135264189349898256e-01
1.271634570129954733e-01
1.207984584509229187e+00
9.977544767845479834e-01
-1.265964072918106309e+00
7.892833034704598294e-01
4.598520971202302299e-02
6.826789968261286479e-01
1.319064963919394096e+00
-3.137073730828719986e-01
-1.500829634237432764e-02
6.429750698347486138e-01
2.711493893264685706e+00
-3.616835921158068068e-02
-4.705184166397111678e-01
7.782295239591131564e-01
7.762968467845982046e-02
-9.802723915563607004e-01
-3.761097582231247571e-01
6.482449217818633258e-01
-2.539080610889237200e-01
-1.621557452478106010e+00
-2.289680800339774613e+00
3.682829227579318410e-01
1.370253997902072696e+00
1.138505800222122666e+00
1.145834899190807832e+00
2.099675627946593348e+00
1.759222590783389384e+00
1.402758445748429672e+00
6.835642628212059702e-01
-1.252985356701833197e+00
-1.950335531254208110e+00
1.717329011343167622e+00
-3.032574809345291444e-01
3.995472816967873264e-01
1.747011721660724159e+00
8.210984398188887479e-01
1.563587993197106396e+00
-1.477433355742045151e+00
9.917672797096744874e-01
-1.176179432452006957e-02
-8.370861557549343912e-01
-8.042294711663184881e-01
-4.831215730815190401e-01
-1.341583696639375711e+00
1.383990243371457041e+00
1.301281402441917923e+00
-1.719048242483629307e+00
1.108271167920436451e+00
2.490740673697269258e-01
1.512104328045916324e+00
1.981993717346186568e-01
-8.878209717459006889e-02
-1.691395891293934639e+00
-1.596135957850054465e+00
-1.483443379936273399e+00
-2.128188492175551172e+00
-2.742273706049458415e+00
-1.957628918653511851e+00
-2.254364900887428913e+00
3.985032664333072461e-01
-5.015120359301528108e-02
1.894903057656483147e+00
1.126727226962043416e+00
1.238479981482079273e+00
2.273703575949287625e+00
1.954448160059943707e+00
-1.493674536012298271e+00
-5.804413757843086552e-01
-1.549530845356295261e+00
1.611242441661233649e+00
-1.824229938980467258e+00
-1.442988646535527497e+00
-4.452368171830305976e-01
1.022899782601024210e+00
4.364186327739603688e-01
5.324139332519033374e-01
-4.766779170389296993e-01
-1.548765464601129072e+00
-3.281276059299909065e-01
2.804164191732441136e-01
-8.306232772069824799e-01
-8.646897343435566707e-02
4.212924454387863560e-01
2.965858769335749656e+00
1.857916325240759559e+00
4.127460921163015328e-01
1.460710172155157638e+00
1.575622804787494058e+00
2.066974981905360220e+00
7.637118901363936230e-01
5.700601532964637563e-01
-1.258096389188135378e+00
-1.474669994470011236e+00
-2.600989016937635512e+00
-9.859932076326801687e-01
-1.435566960375484813e+00
1.526747922422503345e-01
1.346626882777545386e+00
2.235469008210918762e+00
2.278487216218658240e+00
-5.637032118881812881e-01
-1.660551921374685547e-01
-5.860773463036534903e-01
-1.398603154918570679e+00
-2.444624153931307109e-01
8.909406107204673742e-01
2.271775461598121382e+00
1.248071736173390622e+00
1.676779793645895023e-01
8.117404510574632859e-01
6.708740436322135903e-02
1.460549183369629356e+00
-3.167992628525125864e-01
-6.484971752604343775e-01
1.297504876117172579e+00
-1.161264945228186241e+00
-3.886317202382965519e+00
-2.133965650359164634e+00
-1.394682193416347804e-01
-2.484724879440691314e+00
-7.408405926655413642e-01
4.551989776060190174e+00
-3.095571035774900004e-01
3.225877557490937519e+00
3.046785382481988602e+00
2.754002848203357612e+00
1.545654920447085967e+00
-1.546794247958109270e-01
1.099835287759395985e+00
4.511771842759351170e-01
7.820136950873113335e-02
-1.580907484997230217e+00
-6.407434247061114529e-01
-1.530232615705600319e+00
-2.701289424383733206e-01
-1.257987487668805748e+00
-9.084291523910140720e-01
-1.414824927083019879e-01
1.518836408613876809e+00
-3.498081090641760316e-01
4.291555717502223977e-01
-7.029064367885432540e-01
-5.656341113710291468e-01
-5.974257468415383743e-01
1.674026292621374035e+00
4.772961954818959462e-01
3.656540211635185944e+00
-2.422396879105275236e-01
-4.041038911411201084e-01
9.448094415168999394e-01
-9.476985371506219114e-01
-2.811778900631844991e-01
-1.275621922879938586e+00
-3.654282506955915721e+00
-2.757500790632406051e+00
-1.122342570283782814e+00
-7.642590291159665483e-01
-8.911069738088013281e-01
4.641569149851745291e-01
9.002479917057866210e-01
2.037168435518050380e+00
1.206430985407910050e+00
-8.012648050759869633e-01
2.152246654713598328e+00
6.392039492051060368e-02
-3.618347979181585350e-02
-1.894931417733903556e-01
-1.229138947436047014e+00
6.335237396670287957e-01
5.377933861838800622e-01
-8.502918418227495279e-01
-2.240260597754360206e-01
-1.062726816279192743e+00
1.097026534985295010e+00
-6.381352881217908779e-01
-1.443796976013935529e+00
-5.789798208043984706e-01
2.158552211772790663e-02
-1.312694087404402854e+00
-7.541371809450252428e-01
-1.205542276803485802e+00
8.454861988673180173e-01
5.363683763493705126e-01
5.511426592771512256e-01
2.351363887315216061e+00
1.284122800779881279e+00
1.095591303170963204e+00
-6.384205139137528739e-01
9.383645514667159349e-01
-1.183953929688896123e+00
-1.395861204393260557e+00
-1.864675799261585443e+00
-2.433569278951437376e+00
-2.351825355389998151e+00
1.763260186054391720e-01
1.613291209595042464e-01
-1.007456610995464352e+00
2.666541411493129621e-01
7.921985047706470162e-01
2.763970167551970558e+00
2.780591735907973483e-01
2.292753379808057268e+00
3.309173533807893697e-01
-1.082819632131097887e+00
4.738606266574540982e-01
-1.308456661995353321e-01
-6.117743079146834573e-01
2.077754344435515654e-01
-2.666739381252701824e-01
-1.872190897639669505e-01
1.422424256741042781e+00
-5.646044774390729382e-01
-1.437973527918646743e-01
-1.016089583649661732e+00
-1.397333536358462025e+00
-5.337930091174213354e-01
-2.437292515458608477e+00
7.767063566561005494e-01
6.533838038903019285e-01
1.804567001225921175e+00
1.456577774375521050e+00
1.220055791813992263e+00
2.320482027555618831e+00
8.685191491172441491e-01
2.905855265327159653e-01
1.645620924105578364e+00
-7.317270163107508774e-01
-1.917622563058008822e+00
-1.615026606685405985e+00
-7.696504190224827680e-01
-1.457845577343702237e+00
-1.369497097916473782e+00
-1.262033503269971879e+00
-4.907877246798203474e-02
-2.973299463435108425e-01
1.141777679959529834e+00
1.725082574202959407e+00
1.196048841893715409e+00
7.989455614687318574e-02
1.130950884105616505e-02
-1.739492633942566480e-01
-2.489300892637733575e-01
1.132216393086836970e+00
-4.303096218753058588e-01
1.668345810426465903e+00
5.432221898448124087e-01
1.930337883721532366e+00
1.650371545494465630e+00
-1.510819348025949083e+00
1.279889985921058182e+00
7.505377742770245192e-03
-1.168040804289226298e+00
-1.609933755575799763e-01
5.153944395322340721e-01
-4.386148138590142964e-01
1.665764443474305079e+00
-3.164882517135566009e-01
1.377816297574049331e+00
1.231101431935199414e-01
-6.832511357829178511e-01
4.072135906255477389e-01
2.679635039491146120e-01
1.998315145882753718e+00
1.954312100172769240e+00
-4.854033100725412830e-01
3.660305185361485414e-01
-3.758600528536175100e-01
-6.350849301478747044e-01
7.578838956622888645e-01
8.077642579580363025e-01
-7.381617932790903724e-01
-9.480360555609852469e-01
-1.341538326756513522e+00
1.602615596294768019e-01
-1.094125542286647823e+00
-2.923467084676243388e-01
-7.735806070205437646e-01
-1.159596069568698207e+00
4.874626635232471306e-01
-6.911598483711935970e-01
-1.369400866959429752e+00
5.484280863030635000e-01
8.850962607048383779e-01
-7.615208220538103312e-01
-2.526147237763958775e-01
-7.811576774471876705e-01
-1.261761264541543470e+00
9.525131078664597073e-01
-4.133218872998070115e-01
-5.668421307537726550e-01
5.455710289258359769e-01
1.106565653017582279e-01
-6.619978006038844676e-01
1.349063370092978276e-01
3.359198203527213877e-01
8.967169247005821742e-01
1.690864730045936182e-01
9.987322489309903295e-01
1.579309425873108630e+00
-1.264633814024383351e+00
-8.403909530936407579e-01
5.120709753762950900e-01
3.723265392639268923e-01
-1.423735851398330921e+00
-1.215846566761703329e+00
-1.084231204476484134e+00
5.378421388290661742e-01
7.812517536277189256e-01
-4.260487818798212589e-01
1.819280630950968480e-01
-5.266633264916233959e-01
-1.708033719636270764e-01
5.963368677446488908e-01
-8.773039674902967378e-02
-8.849575122708002173e-01
3.145739937260569885e-01
8.281373238245548496e-01
-4.951015204735950692e-01
1.406244116594199234e+00
1.158840825333096847e+00
-6.200606352937929611e-01
-3.466068314614502155e-01
2.500753370464631198e-01
-5.439483194991498460e-02
1.288204858041551049e+00
-1.125514046303452420e-01
-8.858224670860674888e-01
-5.658396276758564936e-01
-9.304396629455596868e-01
2.238017761244103010e+00
1.558037377536061578e-02
-1.107893285843744691e+00
7.073290084920172971e-01
4.343167684596366263e-01
6.887635655871584550e-01
2.501510949991546884e+00
1.204086023132936167e-01
-2.574586038656649922e-01
-9.306459772019755050e-01
4.928310901623701445e-01
6.287605355379528582e-01
-1.980830899306121440e+00
1.868824498577102977e-01
1.428428479241331317e+00
7.924460326540188060e-01
1.615905930822158498e-01
-5.837706088899480283e-01
1.066820205203373950e+00
-2.031470093457899306e+00
8.943170362218312297e-01
1.619655721862834019e+00
-2.332640027033802688e-01
1.358490585682496365e-01
1.917665900573630289e+00
1.777472782830857023e-01
7.740459049194051144e-02
-7.585049735646097746e-01
3.387796831939116765e-02
-7.323422814367395173e-01
-1.367374664100870829e+00
2.465922671903288066e+00
-5.921980237040267436e-01
-8.735843495869597408e-01
5.988833876946613177e-01
1.051008788369537372e+00
-4.644948471142957835e-01
-1.254958166060196501e+00
4.561375905249071550e-01
2.919268965616693134e-01
9.383685892146839125e-01
-5.719661346311118999e-01
1.470769169383477903e+00
1.198425381668912104e+00
-6.528423115798158705e-01
-7.062960411364507252e-01
-8.142236071915336382e-01
-7.309409748868014312e-01
5.487607717014156838e-01
-5.124605446612300330e-01
-3.756230375546052991e-01
9.245998331188988173e-01
-1.077783060635320700e+00
-1.605012859478855081e+00
9.604811862012011536e-01
-1.480510577532764271e+00
-6.756652010448451762e-01
9.451814733650966138e-01
-8.684176238396902336e-01
-1.334078926881538119e-01
1.088583988442017425e+00
2.166404004797706506e-01
8.821150557266466130e-01
6.297769278247331570e-01
-2.189315296980160752e-01
2.495195226772096639e-02
-4.714814442094650282e-01
-8.856539174764542499e-02
-1.860602889135563875e-01
1.427905170804650625e+00
-7.520833257423681362e-01
-3.895858797290507880e-02
2.859899171349633007e-01
-1.599239446431494738e+00
1.363990330561494213e-01
-5.464079503550249850e-01
2.313294799233456545e-01
1.375111767552601449e+00
-5.764620951756193046e-01
5.692100678799549840e-01
1.138568475070638325e-01
1.575118667359997282e+00
-8.239009444544850291e-01
-4.681326634906617934e-01
8.729841840294666477e-01
-3.619828650418187022e-01
7.946046743816445046e-01
-5.085748003165546649e-01
-9.620776225279299432e-01
2.602300088503983755e-01
-1.448915291907813208e+00
8.794921766628560622e-01
-6.359580125797988925e-01
1.181157769026609516e+00
7.912860268577815992e-01
2.564463503540794220e-01
5.183039165670123571e-01
9.851549052816024332e-01
4.048608517987334343e-02
2.015323487156984061e+00
-1.812227511282580084e+00
-1.410964619181778179e+00
1.326785262817578248e+00
-1.453893523286645895e+00
2.795215898829605194e+00
1.036076144200430926e+00
1.640147784296867028e+00
-5.720283932706271557e-01
-1.961932673779443470e-01
-4.995698871817282755e-02
-4.267894664114527670e-01
-2.486755357362421925e+00
3.546966434494825543e-02
-2.270482194683047794e+00
5.655475931386062527e-01
-1.074679644964739778e+00
6.921246287192489577e-01
-2.649703524200065496e-01
4.942275691550840899e-01
1.084547269975546291e+00
7.624773705154461179e-02
1.150461426709163681e-01
-6.035570525329317926e-01
-5.180467689028886991e-01
5.005365352069129914e-01
-1.516254127503637861e+00
1.077561167129850173e+00
-2.581573820377010553e-01
-5.183409321123927382e-01
-1.350415778213408746e+00
-6.177286463284489271e-01
2.519046072326423524e-01
4.749473286508218428e-01
-1.102067989871762105e-01
-6.901989802419318254e-01
-1.080792047299740544e+00
-2.294649366779176525e+00
1.391838813826691723e+00
3.802599964491667484e-01
9.479814071742441450e-02
-6.810334995128909386e-01
-7.704343113803838738e-01
-1.204595611721109405e+00
8.073008311970463202e-01
-1.643796634954540314e+00
7.263636399045338976e-01
-9.600102997526864523e-02
4.251802408606186745e-01
-3.808369612435079099e-01
-1.407184674413517023e+00
-4.853951780900381263e-01
-2.373090819832941456e+00
2.584792613049951893e+00
1.357365643685348511e+00
2.234744333389305782e-01
6.606135305302522909e-01
1.198812533077200232e-01
2.645819950137152932e-02
-1.168481862359397105e+00
1.407043968865279160e+00
5.456451202619944096e-01
2.672671219353969452e+00
-6.377004349830555086e-01
-1.421360078943189276e+00
2.791290521149270010e-02
1.105809390483953880e+00
5.897977050531679616e-02
1.059950481666287019e-02
4.141941512174098228e-01
3.839136735350329177e-02
2.437269684115097035e-01
1.767789846232100448e+00
-8.524558439240697005e-01
7.730537575338427558e-01
6.624792749185982599e-01
-1.093905100511679995e+00
-5.696561116691346571e-01
6.876455185061461917e-01
-3.194091668675460571e-01
1.183678978228978496e+00
5.569872706944247742e-01
4.686633924233621351e-01
-1.069912714207226667e+00
-2.314585062411652350e-01
-6.808805313235896106e-01
-1.162189578585754723e-01
-8.041219326225691466e-01
1.503958180183092130e+00
-3.713653385736759849e-01
-9.089184356326290848e-01
-6.781884770606301238e-01
1.335847279858121683e-01
1.042904460809934153e-01
1.554337109293284946e+00
2.412463199312089579e-01
1.189743953439049262e+00
2.199742911790324218e+00
-1.528869257523285674e-01
1.247618863618017576e-01
2.779626868307521814e+00
-7.167134184995386237e-01
-5.503002051712578835e-01
1.879642365365961965e+00
-9.805370428537606431e-01
1.235913050079681330e+00
-7.248626334233786161e-02
-4.268525487413731834e-01
1.691720754761006029e+00
1.076635450611511891e+00
-6.461764348672863756e-01
-9.217391997075015109e-01
-1.394535576195324644e+00
-4.665323598003821570e-01
1.181675776183639615e+00
3.498989500225077598e-01
5.463607217676965666e-01
-1.462038919126801284e+00
1.937254707255855024e+00
1.916500773553706516e-01
-4.721374047389464979e-01
1.469961639974704248e-01
6.820960749625916142e-01
5.494420853257951931e-01
-1.890258342034042971e-01
4.363837228319288886e-01
-6.734258314018934932e-01
5.925434740712561821e-01
1.330924581988305988e+00
1.738205351963636680e+00
1.269701282616983562e+00
5.211556266622582312e-01
-5.676268505300119394e-01
-1.231660736019473346e+00
6.166970073155696452e-01
1.471570845343010081e+00
6.234789227328171313e-01
-4.757492055394229591e-01
-9.558248673424830644e-01
1.621376178086424980e-01
2.293781085401032982e+00
-1.475347667179824018e+00
2.424586715639857337e-01
-1.093328198048735711e+00
6.606193882904937142e-01
-6.040471159765445908e-01
-7.761338771470910336e-01
9.020766339458370642e-02
-9.724265268096193848e-01
-2.883194661455239505e-01
2.638432720091541395e-01
-1.398309359412955422e+00
-1.193297468044256737e+00
1.176140962624095732e+00
1.583047937768965907e+00
-7.415142561528367260e-01
1.321994681116959391e+00
4.086465459012251222e-01
-8.651363131712208610e-01
4.553560123812581129e-01
-3.343746702205970256e-01
-6.557001293516571128e-01
-1.457196592891935483e+00
1.729300741487633353e+00
6.804081584551839867e-01
1.101106372383741538e+00
9.860041085522052162e-01
-2.223475337527971996e-01
-1.262053847533595397e+00
-1.367874195586634256e+00
-7.902369483061143229e-02
-5.272757108192376307e-01
-5.125616482869236323e-01
1.538948390321177584e+00
1.428214439612988773e+00
-1.492295564040597489e+00
1.768706234227894525e+00
9.897160798143572746e-01
4.956238220243647796e-01
-1.205468820609787661e+00
1.179177208613261474e+00
1.961100730681652138e+00
-1.562508983259745243e-01
9.361469659081074202e-01
-1.312832099670677433e-01
1.469401313061231784e+00
-1.294198801303869661e+00
1.064703511281971160e+00
4.999958701132956040e-01
2.891451229283021007e+00
-7.626267931876821171e-01
-9.995664772411497201e-02
-7.465393888511145937e-01
1.260764909137223944e+00
1.663429888234386089e+00
1.248560684366597506e+00
1.380673630274914798e-01
1.340358858126112995e+00
1.070687859369371386e+00
-1.234154641573139477e+00
-6.666715277400163675e-01
-3.137207717124373740e+00
1.708147567342534479e-01
-5.356378303601018187e-01
1.180830965811851430e+00
-7.188151131112302528e-01
8.263596130381929417e-01
1.756405680117257562e-01
-5.671671588413629284e-01
-5.337451912082119554e-01
-3.627263339953187837e-01
-9.457525822687596895e-01
1.424651181126442623e+00
8.626371909880626854e-01
6.909422502134084931e-01
-1.808072061704008471e+00
-7.475565711300773408e-01
-3.891565453988571899e-01
-1.162529773575873948e+00
3.384171481081445134e-03
8.966285130504531020e-01
-1.240619314022170849e+00
-8.416064441169768262e-01
-5.353858465681279530e-03
1.502073674951686366e-01
-8.243626098486641629e-01
5.179353167136658831e-01
-8.199794323438380772e-01
-4.525202336925793767e-01
-3.804247078359699330e-01
-5.140282027362774731e-01
-5.323948031143547199e-01
-1.383267015333118077e-01
5.776710249132467334e-01
-8.878979921060327074e-01
3.581687422915575958e-01
-9.373688337799797043e-01
-1.048698524663227882e+00
8.715323399735801502e-01
1.065047449670078805e+00
1.089766087938028649e+00
-1.757240417072120087e-01
-4.425801207305728457e-01
-1.046953227363410094e-01
9.345775963411531162e-01
6.754510602596689450e-01
-2.629298870406149846e-01
2.279501864395283017e-01
-6.698826451717639907e-01
-1.442346054046304893e+00
-1.071616383172220854e-01
2.272941693564428933e-01
1.113497742137184554e+00
8.035646166861124540e-01
4.913318474551394699e-01
-8.252877897681329955e-01
-3.097141852341492863e-01
2.117449004287387027e+00
2.358231623541886979e+00
4.810847683559148491e-01
8.232401958688980725e-01
-8.447613962131302889e-01
2.508392701481962708e-02
9.501936121144778369e-01
1.595230461267424626e+00
8.881367824330087535e-01
-1.772125689065289444e+00
-4.939277135902664928e-01
-2.191793462502686363e-01
6.279371566829999862e-01
9.062349699978227147e-01
3.501650089720687031e-01
1.020573881521552373e+00
4.022146707809751143e-01
8.932608738497620493e-01
2.356035772539357975e-01
3.905785937789183482e-01
-6.883747512758096043e-01
-1.165431808376876432e+00
3.063874029942726729e+00
-9.543016337703120744e-01
9.205108309604915773e-01
5.798932635037796768e-01
-1.026177732553367861e+00
9.081958661807322253e-01
1.323142383886911411e+00
2.446683975747459439e+00
-2.498451737501005965e-01
-6.702592155568184440e-01
-1.422760357263193720e+00
-6.578714868059355458e-01
-2.360268266815561122e-01
-1.551071555754086617e+00
1.188630247530891193e+00
7.152760575092413642e-02
6.724608018619347982e-01
4.512254626662366985e-01
1.934792864009135860e+00
-8.299774749163340015e-01
9.008728470450494408e-01
-6.729051888361745060e-02
3.580774558457956447e-01
-1.137974368650218615e+00
-5.902601277895112020e-01
1.770283047807885146e-01
1.418088701102839133e+00
2.217343510275825658e+00
1.020200492723318142e+00
-1.281858129264280333e+00
2.291106239020296656e-02
-3.157847483132036892e-01
1.657008904941562388e+00
1.294097530957428077e+00
7.956853168200299642e-01
-5.683120540381360053e-01
5.512384591255826694e-01
-5.373111259239988780e-01
-7.582971480196106784e-01
-2.507996090307444415e-01
8.880034529933400478e-01
8.867597298051672627e-01
1.594222862416075359e-01
4.508725589850188231e-01
-2.139520210281475876e+00
1.358963930431807743e+00
2.671306457461269934e-01
-1.357563896333434661e+00
-1.838048474901584184e+00
5.275848281596264844e-01
1.663148428613541452e-01
-9.231028581827073476e-02
-6.742537681893955304e-01
-9.190498420120415957e-02
6.634146414049530982e-01
3.166757647808298715e-01
2.865600830826943168e-01
-6.478240047831910209e-01
-2.072964504939419861e+00
-5.270945810216283167e-01
-8.644230781132310470e-01
-9.468701257361573642e-01
-1.219190905660682889e+00
9.017499779444805297e-01
1.521056507246962397e+00
2.222448002278827772e+00
-2.152496036412575808e+00
7.584819364098955852e-01
8.788920597075525754e-01
5.509581454266959666e-01
6.054879135105241117e-01
6.543786153637430880e-01
-3.263497650770994657e-02
6.554989676052871417e-01
1.353720946403132785e+00
7.374209971668574948e-01
1.527489054138508218e+00
4.143158153105547803e-01
-1.397952778229742954e+00
1.903811968256664544e+00
-8.035897893886781995e-01
1.354249907084840832e+00
9.756945668377557945e-01
-5.729077439488899220e-02
-3.123775801376681427e-01
4.638803635985269125e-01
-2.374883092731853440e-01
-8.199965408450569093e-01
-2.499502795627030205e-01
-2.518562288807513649e+00
-1.281581957595164523e-01
-6.815207434748525861e-01
9.845472694315478279e-02
-2.449818873829245625e-01
5.446884115218897371e-01
-1.053184328399974223e+00
1.507898114953729163e+00
4.763939038791623615e-01
-1.389837783409646921e+00
-2.199036482023185579e-01
1.103405690696286634e-01
6.359236032966258945e-02
-3.501233228022948563e-02
7.522800967911716929e-01
1.134711244779186501e+00
-7.933396130132256419e-01
1.131411206100507272e+00
1.060547232429397635e+00
9.165616101232803015e-01
-8.063529693800445264e-01
1.355419887782083055e-01
-9.234545573079145919e-01
3.902384217894230845e-01
-6.731027231986506099e-01
-3.083801996304443363e-02
6.227334479821002855e-01
-1.062851717467703794e-01
-1.877513598128936589e+00
-1.209828236822929198e-01
-3.478599228521140341e-01
1.053028714762601348e-01
9.256332962887753313e-01
-9.776666877254074350e-01
1.336356205928053376e+00
-2.460928507737391024e-01
6.952940641441381908e-01
-4.012994319180004932e-02
1.632113884002217796e+00
2.860601208353820146e-01
1.245414873898027963e+00
-1.411443574844776450e+00
-8.051909143434499150e-02
-6.707455570297295999e-01
1.734175170539326571e-01
-1.019768926216404470e-01
-7.599361399922804905e-02
-3.116423539930783179e-02
-1.385202647285832533e+00
-3.583843656053161686e-01
1.841792525697537319e-01
7.306788053643825664e-01
-7.149266626129244240e-02
-2.535873008639153992e-01
6.939050300413683869e-01
2.887349146789411236e+00
2.364678562108713855e+00
2.217895513473992164e+00
1.660033591883717463e+00
1.598817365952484471e+00
-1.105513975936354365e+00
-1.905484599325209416e+00
-1.732483795399963666e+00
-2.542557954885188654e+00
-1.490813874066500677e+00
-8.730611812191653165e-01
-2.263113958891208810e+00
-1.476629157806849335e+00
2.099277462131063032e+00
2.822585595712660211e+00
2.163882865829574342e+00
-2.194851829797528353e-01
3.731480985627754765e-01
-3.305467149734047094e-01
-1.332355793803514210e+00
-1.002737332978996143e+00
-3.598316022607745412e-01
-2.142677515751327810e+00
-6.661551452314575794e-01
-8.424337632010638899e-01
5.499349247704766741e-01
-1.045219166559908430e+00
6.944721123990218459e-01
6.881847971583785473e-01
-1.562870092884407480e+00
-6.902838246913858278e-01
2.952925909230612045e-01
-4.012186056223968067e-01
1.852114236032876171e+00
8.803058378906205572e-01
8.752821536592041429e-01
2.913769925981635200e+00
2.175176822163262358e+00
1.308549798286794630e+00
-2.324835504522163587e-01
3.805087939960647980e-01
-2.501336584147211273e-01
-2.613911710783282771e+00
-1.112511898660941689e+00
-1.707898528120672665e+00
-3.866381875933355694e-01
-1.737658593828294240e+00
-3.434145477470372798e-01
1.823164580314381000e+00
4.398337598417043637e-01
1.814284769927156704e+00
2.876814478772287131e+00
1.473861205630780713e+00
-2.986151258112220708e-01
-1.066746081633022536e+00
-8.892484995211542564e-01
-1.548077090962383551e+00
-1.030923796661922021e+00
-1.360330065423292156e+00
-6.823702867921979109e-01
9.513767235233135944e-01
-1.795932995274794886e-01
6.382283689664606241e-01
5.549186837753307122e-01
1.027876993700455266e+00
4.111752818026729095e+00
3.230840143207354132e-01
7.214246552544469893e-01
-4.703885112538808144e-01
4.811814349456733364e-02
-1.723871388368388713e-01
-2.834605071005272592e+00
-1.990619460094073201e+00
6.659822863580133756e-01
-2.775925627346391145e-01
-9.287564673807063853e-01
9.488140085676228797e-01
1.367617419999371808e+00
2.583765514152829290e+00
-6.952237868908359708e-01
-6.375026689285743231e-01
3.376068111420262308e-01
9.026619289229862453e-01
4.763498335823138641e-01
-5.824898765766570730e-01
2.476313839598760058e+00
-3.792448683950229715e-01
-7.253504952151751395e-02
1.033736885439395792e+00
8.478449093145203896e-01
7.449887834345236826e-02
-2.195768541558229536e-02
1.191947344615635451e+00
-6.326716171699160451e-01
-1.492747217910495028e-01
1.422457209681098567e+00
1.548866177275395106e+00
1.204936921836839758e+00
1.510109382285618418e+00
4.059247551925502240e-01
2.286554567577870678e+00
1.347428227845604898e+00
2.054067163418572761e+00
1.666476093454312135e+00
-1.014235804751549619e+00
-1.027673302850565795e+00
1.789598591079444301e-01
-1.960741123109293937e+00
2.587737456820016213e-02
-1.184002986508636557e+00
9.888026589937501942e-01
2.402046251472459204e+00
1.841534624975447842e+00
3.598570555742984567e+00
1.603333796812645096e+00
5.123484490941262459e-01
1.603453734087182170e+00
-1.060002983171392632e+00
-2.225750511347934335e+00
-2.714316109652112452e+00
-2.435976540536499257e+00
-3.637807352789149018e+00
-1.098252116071704476e+00
-7.473689075729372799e-03
-9.495311687468234174e-01
7.284647694786929861e-01
1.102856579421503946e-01
3.473752392461610938e-01
7.179721507656902091e-01
-1.914881880293115124e+00
3.664671217517700974e-01
-2.200541940831194365e-01
-1.084523805055968015e+00
-8.237168009720113870e-01
-3.978441563588721031e-01
8.270325396757953751e-01
-6.219329195844026659e-01
7.178791472069551149e-01
2.047138101782773667e+00
-9.989694223351102131e-01
1.537675802198682717e+00
-9.654126542622845086e-01
-2.631131745581013703e+00
7.224833472410779889e-02
-6.292210011717362939e-01
-7.093183154942355184e-01
-7.665394427280647349e-03
1.759463181586214953e-01
1.212540155231242700e+00
1.544164309352573206e+00
1.537379358857003053e+00
5.565332212290752256e-01
1.714862445497814303e+00
-7.224300496837993135e-01
-2.375594873160759679e+00
-7.089996637041612315e-01
-2.319777431452195948e+00
-2.271565712522503055e+00
-6.377854837884672223e-02
8.221205372725152172e-01
2.371030652339168654e+00
2.689147482530154676e+00
2.928412995732493140e+00
1.132503485086087780e+00
9.103851805060019231e-01
1.914638255368461328e+00
-1.102820549992057919e-01
-1.836440119144789218e+00
-1.405225471034359463e+00
-1.163472223251246440e+00
-1.675177426272160597e+00
-1.352156145484036731e+00
-1.858162558616586413e+00
-1.353385374912474681e-01
1.810821471538517802e+00
1.171890267527303076e+00
1.525296171483368601e+00
-1.389970620965961245e-01
2.973404204212848345e-02
5.655447187983333457e-01
5.445907616610196067e-01
-1.237745995985910064e+00
-1.700427373410719589e+00
-1.418533413867814952e+00
6.749925769039020196e-01
-9.432542053391307357e-02
-1.505085523325308816e-01
-2.800903835624535265e-02
4.652733049655000119e-02
7.473640017511434808e-01
1.498821630105062086e+00
9.302724862207237266e-02
7.013365085755864925e-01
8.214348813720493414e-01
-1.548273498187088038e+00
1.788095291255274999e-01
-5.812238313164392878e-01
7.121965494362183513e-01
1.899429462669427693e+00
2.072596950903431989e-01
1.417650247709014155e-01
-6.487465489300403565e-01
1.315944076910063654e+00
-1.221547812432166369e+00
-1.934029366766942371e+00
-2.330869246147204255e+00
7.665034235035010912e-01
2.527372246713003534e+00
1.235017099711086086e+00
2.678734854135831345e-01
3.553257425090765587e-01
8.551393828085190885e-01
6.410699477408926539e-01
-1.401038053668401950e-02
1.172863958823367803e+00
-1.639400236212906758e+00
-1.535555222656885599e+00
-4.074938851884719604e-01
-1.535898587138873062e-01
-1.493033810605635114e+00
-2.727089121574689745e+00
-2.171508280968661442e-01
-1.436301556873573748e-01
2.014682426449484254e+00
2.288403588830085766e+00
2.611527281681587098e+00
4.206802102470139637e-01
8.046134951000808444e-01
-1.268591373945923806e+00
6.720349744124879399e-01
-1.511419915718015261e-01
-8.187791599437774792e-01
-2.651847259056545614e+00
-9.158257500897255543e-01
-2.257713862134722582e-01
-2.689852861790323346e-01
5.247485048929673157e-01
2.166874569221070246e+00
-6.115986480149575577e-01
-9.026926627324072250e-02
4.239555218995816332e-01
5.241409772260063882e-03
-2.945274284023163824e-02
1.018330798822560723e+00
-6.657190948847545586e-01
6.688478269060286197e-01
-9.145198768854556626e-01
4.952996532265859786e-01
-5.788219309650866062e-01
3.385451068121950180e-01
1.018661134788462874e+00
8.257996167555284317e-02
1.892267444459702908e-01
5.909359158150357949e-01
-1.551575465610933291e+00
7.995997497428251055e-01
5.930187532959229069e-01
3.283274615626008419e-01
1.208249119004082939e+00
3.102808132540808561e-01
1.977327474672006868e+00
8.844484101975016443e-01
3.166430031459862571e-01
-1.158337949909515885e+00
-1.104754528110661216e+00
-8.466124509200567694e-01
-1.721014251824710017e+00
-2.361211426659020507e+00
-1.244077017414180863e+00
-8.610161970087781835e-01
3.045645507486958170e-01
1.327962998938998496e+00
3.579334343250235584e-01
2.110491479458943331e+00
1.772010987545156846e+00
1.470520749870017685e+00
-1.254497908114151628e-01
1.229336928344009205e+00
-1.392885917206470925e+00
-3.007600548067205892e+00
-1.172615110668784988e+00
-2.384980764333652026e+00
-6.270105401818872881e-01
1.497421861865424031e+00
-1.180778165443205630e-01
2.121733720781086685e+00
1.384327219727444325e+00
2.483991479474506825e+00
2.494432625497583267e+00
3.223638704244677911e-01
6.608976287530827776e-01
-8.112538587976532156e-01
-9.143758316342391890e-01
9.653096699298258088e-03
-9.083864583754064359e-01
1.451060861790805179e+00
1.150651906763261900e+00
-1.703443478582383097e+00
1.091186915271195268e+00
1.146430862767819248e+00
1.376239410479640268e+00
1.894287018300425229e+00
-2.920996412918290264e-01
1.034496099862414198e+00
-3.853626710153305601e-01
-7.446461458467173999e-01
-9.391169969049214528e-01
1.183764741227744999e+00
6.681612718491487524e-01
2.409107436582585748e+00
-6.193985425150350110e-01
7.435179204642217154e-01
-7.614672240082256405e-01
2.145434186047657787e-01
-3.282828879040656789e-01
-6.402459498678914063e-02
1.020274449583391085e+00
-6.652856900044773480e-01
7.580908084030926197e-01
-2.558169958294929658e-01
1.451398872753414615e+00
1.426151608715379382e+00
2.338565264052499870e+00
-1.432446786841099495e-01
1.830073620378162902e+00
2.094777698097206819e+00
-1.233321776041924611e+00
-1.292211394297132721e+00
-2.374447546871053749e+00
-2.300678170925551047e+00
-3.991775144231142214e+00
-2.314778267866834494e+00
-1.665230537260878219e+00
1.775982974910705448e+00
6.771332813536301565e-02
-3.882593205951119231e-01
2.633226073575201553e+00
3.152130992099299256e+00
1.309225968490650871e+00
1.305930329088169639e+00
2.451040934647286118e-02
1.102441009604026023e-01
-1.067021386606166633e+00
-2.366540591340835498e+00
-1.887446781453706590e+00
-1.319221881685224584e+00
-1.060937789071895176e-01
-5.638627929118270599e-01
1.727711190285927900e+00
1.353922421628172446e+00
2.195911231131457697e+00
1.119897597587128146e+00
1.209244663746274817e+00
3.513236166756238399e-01
5.440997059000977076e-01
9.604282252640700124e-01
1.047875822340843754e+00
-1.215694653745979403e+00
-1.499840597770486950e+00
8.121081115904107417e-01
1.089357495743715099e+00
-8.188635493278828559e-02
4.219994838222729250e-01
8.547734907050330566e-01
5.210770907435466337e-02
-3.091695544002897589e-01
-1.407164783828765142e-01
-5.518875286192592711e-01
2.228788929605642011e+00
1.080470459073007872e+00
-2.801473879912497189e-02
6.272695296861956482e-01
2.446969894893737063e+00
9.413239914514398565e-01
1.878186944526856639e+00
2.957728524098864886e-01
-3.146551122714988380e-01
-2.035468238624304593e+00
6.671688686839893911e-01
-2.186645209814990221e+00
-8.160314183108163810e-02
-1.477750156758347089e+00
1.120592305691225365e-01
5.107000391308792464e-01
1.427847161900446027e+00
2.652193717462484113e+00
1.606596028224572592e+00
1.484980714845581140e+00
1.527994270542917921e+00
-1.927231048336587538e+00
-1.060518833152702234e+00
-2.761574515586753265e+00
-2.145291229804582311e+00
-1.970123915859094854e+00
-1.500931890381223655e+00
-8.857854261561004527e-01
2.025330098101049359e+00
2.459198196990422858e+00
1.164587948486863977e+00
2.400698337383960101e+00
1.657054050176953730e-01
-4.783511012336603141e-01
8.330855583042486856e-01
1.009931290200641207e+00
1.196026769117882749e-01
-1.912208945038059715e-01
-1.080919243154116138e+00
-1.949870921213797015e+00
-1.123309781917094075e+00
-4.317867083476431556e-02
1.893244610215391255e+00
1.691324995903183304e+00
-1.598953453500463695e+00
-4.666363176051073758e-01
-2.945564417831726400e-01
4.608249500863925152e-01
8.626264394342696429e-01
-4.950396087364719588e-01
4.925886796434190140e-01
4.463589837021270657e-01
4.562165929460101355e-01
5.588134433028373316e-01
6.772802170264498045e-01
-2.169384075960338443e+00
-1.217817646377115537e+00
-1.255028350029103734e+00
-1.702163902753622393e+00
-2.262727605854260027e+00
4.878540404168316691e-01
-1.363933531634751173e+00
-1.442150944167611026e+00
-1.125776732257068868e-01
3.580191847505272973e-01
2.668805296158050844e+00
7.028518074535239357e-02
3.248382022863764540e+00
1.371455021598555479e+00
1.579372133835983849e+00
-3.588795381709447563e-02
-2.005337099236537135e+00
-2.616691074780273851e+00
-2.333905141702683039e+00
-1.506921809673902324e+00
-1.091778212443281326e+00
-6.784958491837311811e-01
-1.094737315138069045e-01
7.416948746311431417e-01
2.355807722634201795e+00
3.701422967141185794e-01
1.835324541914446606e+00
2.086354375742602407e+00
7.459182887922639615e-01
-6.398217310972604821e-01
-9.101884282094181433e-01
-1.866375685999708933e+00
6.720773074887143039e-01
-1.017716299886693765e+00
-1.681418494984886491e+00
-2.604200487556545540e-01
-1.142717369996659960e+00
-1.364213878684232828e-01
-4.094946751790649042e-01
1.562062502676524467e+00
1.029018737898332869e+00
2.792428715387657578e-01
1.293824930205783874e-01
-1.601730007433214809e+00
-1.004017861119599120e+00
-1.493607407137995224e+00
7.336075939470665386e-01
7.336502714308048567e-01
-8.740394104377285922e-01
-2.764729208308825958e-01
-1.012576501129853757e+00
2.848089970755043332e-01
7.721295126391758412e-01
5.232995281347474492e-01
-1.598836785577109065e+00
-1.998346213206788347e-01
-1.917859726973543788e+00
3.098809987748422312e+00
1.170325158520737263e+00
7.281803840734979438e-02
-7.394098415396890278e-01
4.864801869715990046e-01
8.547803516365570786e-02
7.517481094200627600e-01
2.222411801756152272e-02
-2.839657926095593421e+00
-3.596984255418833154e+00
-1.706462249411524912e+00
-7.822340173700380594e-01
2.393431314348282157e-02
-4.593902379246647683e-01
7.365499665866581669e-01
1.159079471664586691e+00
3.571190343036324322e+00
3.996035719043264933e-01
5.412649413195735892e-01
2.631495567122270618e+00
-3.779247030348953373e-01
-6.026125769633037255e-01
-1.852281970983415738e+00
4.670887968033521354e-01
-1.569002662814694471e+00
-1.776140263956512033e+00
-8.932479736038362317e-01
-1.530256298786341951e+00
2.824567450180636374e+00
1.933041095151438071e+00
4.966397015315666685e-01
1.075466496701656949e+00
1.765836796717977553e+00
-9.568542443213962079e-01
-6.889133242053373518e-01
-1.602300782813702140e+00
1.405338720269577735e-01
-3.205639716240748616e+00
4.727441226463611201e-01
-3.094873953056279658e-01
1.086045623145429628e-01
-8.425378032428960662e-01
2.133609955054065477e-01
-4.875382917531767557e-01
9.249864675913868073e-01
-4.031423299362443258e-01
4.549986943683298479e-01
-8.315192519443118657e-01
-1.049006193466833103e+00
1.683581290569168054e+00
8.727197708982761815e-02
-1.722383095486839544e+00
-1.793132578855561654e+00
-1.678864277035231778e+00
6.195832799177494188e-01
5.183726880544892168e-01
-1.502763523100497656e-03
-2.984327921036148967e-01
-1.480319187852544571e-01
3.899498427773093745e-01
-1.171270299090951372e+00
3.218776619694013741e-01
-9.529727672456967946e-01
-1.650916540175079161e-02
7.437342854668751446e-01
2.604675989911067191e+00
2.413362300994179588e+00
7.372773036900756027e-01
-9.327950072444735063e-02
4.870434600737029718e-01
6.385702896580206511e-01
-6.070848646091805412e-01
-3.669350468630415030e+00
-2.886127658228121007e+00
-1.182574972445411543e+00
-9.902021058537210374e-01
1.564495342955054824e-01
1.232344532767620349e+00
2.083830287449428553e-01
2.040107172616306475e+00
3.122807413352301609e+00
1.779144221258400993e+00
1.358647830981812854e+00
5.808375929529075998e-01
-1.002164782948181010e+00
-1.506770805472879671e+00
-2.247649042767680516e+00
-2.959417528099505645e+00
-6.504263031788414251e-01
3.160997966393266356e-01
-1.114685030243315556e+00
1.774792170418410198e+00
2.285860916049561098e+00
1.461413080683131138e+00
1.269152807747375711e+00
7.380738302563125686e-01
-2.686077121706946791e-01
1.328887654536221596e+00
-1.789065989422579939e-01
4.707312604765312436e-02
-5.699767806279720794e-01
-8.014947074297342766e-01
-4.862750202510133235e-01
-8.548654836385339850e-01
8.847587730192582045e-01
2.979138058956404489e+00
-9.035513424067114219e-01
4.283367534634678897e-01
3.372978981152635058e-01
-4.650226591971795553e-02
1.169139691556824179e+00
-8.646788633949796798e-01
3.964124478968944487e-01
-1.919646992248981165e-01
3.067267017633512616e-01
9.213209827912680616e-01
1.370042794501461936e+00
4.140718457666633934e-01
1.101335844694986132e+00
-1.505674946993377672e+00
5.326637278654531293e-01
-1.148905580406710536e+00
-2.361938782235203149e+00
-4.511297066887554053e-02
-1.391891657743713928e+00
3.868847408713060321e-01
7.652000928966408155e-01
8.705583557359126701e-01
6.278470552800428095e-01
2.024585956196054859e+00
1.127094492600660525e+00
3.480878036409137954e-01
-1.101010561989847758e-01
-7.292877513707543002e-01
-7.685940316318091714e-01
-1.912747917403070375e+00
-2.425016088058622454e+00
-9.501495931202021961e-01
-1.436780574859592985e-01
-8.757414454047244279e-01
1.344269023678071662e+00
1.942807141968616813e+00
9.435574716784348448e-01
2.063114938882101068e+00
5.079773365806460328e-01
9.550284001806523815e-01
1.654134188634450719e+00
-1.020103544964074738e+00
1.142905877889406341e-01
-2.295124550281872011e+00
1.469120493458357712e+00
-4.899337753803205131e-01
-7.113475199246017677e-01
-4.505097306614745389e-01
-4.288326313756887220e-01
5.986646803131137062e-01
7.031178984040020730e-02
4.163611407501671691e-02
-7.270088175698866673e-01
1.129589924234519760e+00
2.407683867374321024e-02
-1.182711997355438527e+00
6.638559853979667524e-01
2.344449874351047236e-01
1.487031968375293056e-01
6.242700353912108424e-01
5.226585590290986350e-01
-8.745741195472419571e-01
1.283920623931327887e+00
-7.204108229937535857e-01
-1.299795878067144361e+00
-1.324821136450269554e+00
-5.593723533195663622e-01
-2.892280994011074968e-01
9.615119770714043446e-01
-4.407042590488212674e-01
2.251503256602893188e+00
1.594302872460738429e+00
1.078696282148417840e+00
-8.602509259742634473e-01
1.593796430272489184e+00
7.266126099443359632e-01
-1.369406475797205980e+00
-8.159942504795157925e-01
-1.894778630136188191e+00
-2.258488156062993468e+00
-1.936895685893730290e+00
4.104738010020834160e-01
-3.707475877712407275e-01
1.755923195513483970e+00
3.175184283081216030e+00
2.752667774299837333e+00
1.658718814661931606e+00
2.133252701900426818e+00
2.695383378698158472e-01
-1.554136274539940320e-02
-1.077728387148444877e+00
1.985626831222629729e+00
-5.130675901490550084e-01
-8.631759606666816742e-01
1.509249635592916890e-03
1.157616568029021242e-01
1.779705402344476717e+00
-2.015283692701621832e-01
-1.372416690082953750e+00
-2.761081761409674429e-01
1.222419449942989234e+00
-4.763689522324986436e-01
-2.813820603013496569e-01
-5.847188026893934687e-02
3.178503664130557377e-02
2.884479677863447944e-01
4.614018386101114144e-01
1.414358950242214474e+00
6.277085975480831692e-01
-4.094031752775242894e-02
3.622903845268838907e-01
4.833287359842166619e-01
1.228204154706646900e+00
1.325499599420496333e+00
5.890408023057209785e-01
-7.561958806073112438e-01
-5.687399706172846514e-01
3.034048279612114318e-01
1.560692121596291837e-01
-3.805411331036676614e-01
-1.452609264918526710e+00
3.313864966097836984e+00
9.150486683352313522e-01
2.862922471959714055e-01
1.128602053173331093e-01
-9.930500351989539620e-01
4.003954672024819250e-01
-1.181424767155578426e+00
9.844072298400831367e-02
2.526444955584308261e-01
-1.480352983305084080e-01
-1.615458333374208619e-03
-1.172656069501495507e-01
-5.401531277750687421e-01
2.420411303322986818e-01
8.913649888399325372e-01
-2.256780811771173401e+00
9.796704978292515298e-01
5.204467813178275115e-01
-9.808784984833273102e-01
9.447913042136246720e-02
-3.652860233012330538e-01
5.978364358008121382e-01
-1.339977648551738953e+00
-7.070355402370215314e-01
3.308754126114067384e-01
-4.720248050318843515e-03
-2.247610516684991566e+00
-4.962500530610362559e-01
1.445046235443097959e+00
1.682865236937131970e+00
-9.972310286272806357e-01
1.452356085685432951e+00
4.917673622679415990e-01
7.666441698345475286e-01
2.165713610519730270e-01
9.258041832794388082e-01
1.439129612087841181e+00
-8.444825551958701215e-01
-1.023586079562462947e+00
8.792915217064875000e-01
-1.270740931547759134e+00
-7.964945310211041241e-01
-7.849250855390401682e-01
2.937390445525465132e-01
-8.303642866068515482e-02
-4.084838705411673043e-01
8.000089182649405828e-02
-9.159544549830398452e-01
-3.942472658240880334e-01
2.856882777933582584e-01
4.339395057268445322e-01
1.754898747199105546e+00
-1.680259593683610442e+00
3.679757085174620856e-01
-4.789675234556569072e-01
4.623574830389466372e-01
-3.626916371330634048e-01
5.374441253544335328e-01
-2.661984718193255439e-01
-2.276305497000187028e+00
-1.429070718300395448e+00
-6.747647437520212232e-01
-9.771915058543864108e-01
5.133517663808507825e-01
-4.570314115901217417e-02
2.363935483051213815e+00
-7.863946872393378085e-01
-9.238292841867061789e-01
-2.968560525816378970e+00
-1.129606748494070417e-01
4.954201585874458136e-01
4.115908546392414713e-02
-8.065379117838222811e-02
-1.269115192894304078e+00
-1.972466921954313113e-01
7.931648755268053685e-01
1.220516677419995200e-01
5.959393341159417989e-01
5.858376776139514464e-01
5.990008016085963671e-01
-1.610289664661392672e+00
3.143675612601264796e-02
3.386838400751845946e-01
-8.193754529473291637e-01
-1.533598170102317804e+00
-9.998419777267569808e-02
8.428989067335125318e-01
5.591362464244408192e-01
2.037260803373011908e-01
-1.191551581685438732e+00
-2.118999281647581112e-01
3.220582689208497107e-01
8.888278549175008258e-01
7.324349711092082750e-03
7.174275268758485424e-01
2.342270138271434210e-01
1.961680252824824222e-01
5.621755398523257119e-01
8.742902728936521317e-01
-5.652943611279058755e-01
-4.562420449649021714e-01
9.652660837507474056e-01
-7.349496770121294320e-01
2.083224479066818624e+00
-9.398726347714468909e-01
-6.957214405468342688e-02
2.769364171407414851e-02
8.818299649371096338e-01
2.237568585188348391e-01
8.875341715259800202e-01
1.384200063938627601e+00
-9.480386056248053528e-01
7.872063574627360394e-01
-3.185963315770616866e-01
2.172425252889834457e+00
-1.920965117238274011e+00
-7.401632010720275989e-01
1.067637638506906628e+00
-4.669105105358908880e-01
2.119068019592569227e-02
1.018533272970492343e+00
-4.447997850195664071e-01
-1.133893934914186573e-02
9.258080681458225047e-02
9.327398680425492694e-01
-3.270376398086516812e+00
-2.891307567907780984e-01
-7.234725347027372300e-02
6.978475787245534967e-01
-3.110042407334496217e-01
2.114784051014364230e-01
2.465797342098498823e-01
-9.816143019645293122e-02
-6.241920528500916054e-01
-1.346570681176191497e+00
2.726041570202996644e-01
-6.328633871695196200e-01
-7.622250100139369433e-01
7.166870254065881296e-01
3.422030896024073066e-01
2.514487766181880080e+00
4.299326084077379484e-01
1.263415513132888357e+00
1.514359423619638712e+00
8.837919089274341999e-01
-6.342666731088254517e-01
6.226880100059065670e-01
-2.571663650559071757e-01
1.626523870191665111e-01
2.482724757223178536e+00
-1.615840921536371599e+00
-1.856497161273209517e-01
-2.059092386835665867e+00
6.236437601447450962e-01
-5.650375021029974132e-01
-8.788666434095484536e-01
5.131759123834127578e-01
9.877139714232069378e-02
3.676703046612478376e-01
-1.329356207661023914e+00
-1.670847512679674018e+00
5.999444054163638462e-01
7.980720280647344289e-01
4.609967507487670590e-01
3.315048656011092554e-01
4.620428898201101586e-01
6.765461001024494214e-01
9.489086189284838824e-01
1.139877112068847786e-01
1.272590145890988067e+00
1.112354532639363569e+00
1.763332430379645488e-01
3.178058606477573989e-01
2.407809809909961310e-02
4.676906290808112709e-01
-9.985785362160322087e-01
-3.295062859289000362e-02
5.343938947527980821e-01
-1.716331340968013999e-02
-2.012922733992446478e+00
3.096504579839272006e-03
-1.045009013506795092e+00
4.732436451862309101e-01
-1.078434349036311968e+00
4.600209331883822750e-01
5.962526641700797297e-02
-2.050105643925727694e+00
1.404442851692193184e+00
1.648259745942061816e+00
-7.230259395281087853e-01
-2.232565291743371094e-01
-2.455896698044412463e-01
7.974969329869466828e-01
-5.023099503636642149e-01
3.972679667778559187e-01
-6.127632422416470215e-01
5.553315262558602416e-01
5.824869332340844030e-01
-1.640588832677586928e-01
3.107414206564065307e-01
6.529244891998410572e-02
1.207500231855609618e+00
1.820748016356932952e+00
9.420070206650452693e-01
3.692454017989960785e-02
4.679853982666876827e-02
-1.964430641981168568e+00
1.276404513261705786e-01
5.847001713599121464e-01
6.793802624213456376e-01
2.076090222735401891e+00
-1.465116055692551045e-01
-7.702456056071796953e-01
1.435812497526269826e+00
1.643254874314703740e+00
-4.247593721056877047e-01
-1.828617630073083034e-02
1.359425539327494548e+00
1.037484577088861437e+00
-5.785085836872738696e-01
1.176272170362044456e+00
-5.564159582429069051e-01
-5.651237575835758031e-01
1.713707115861050623e+00
1.357509144569079229e+00
1.628065167986025574e-01
-6.734752266040592295e-01
-1.988206865432973203e-01
-1.103463704097973563e+00
-7.431532224079975268e-01
-6.886519376593065456e-01
-3.192320113257613445e-01
-6.657067828789094976e-01
2.380763239085920968e-01
-6.129435227387097784e-01
4.107967614974665782e-01
-8.462897369347410770e-01
1.148914055246278210e+00
3.290337682184366619e-01
1.554375875086727365e+00
-1.634811768408991617e-01
1.229093870990681570e+00
4.101813091061965455e-01
3.953026478205099448e-01
-1.783494109880495948e+00
1.338891734302888326e-01
-2.061575811435309991e+00
4.146042240187634564e-01
-1.483642508096766122e+00
-1.519587223019505773e+00
9.747341796451607365e-01
-3.387165204392801332e-01
-9.234017441508060031e-01
-9.043001584511599633e-01
2.414667466313410227e+00
6.562147703995218073e-01
4.795449213427218638e-01
-1.289202425819757858e+00
-7.173959810289175509e-01
-7.506222582303087032e-01
1.594493613594513415e-01
5.321773362724790957e-01
5.716440770326376430e-01
9.915207001986116320e-02
1.183576809742057367e+00
-2.157627040075250635e-01
-1.303689200658596226e-01
-6.270262116549213394e-01
-9.795738604270215477e-01
-2.612339814291420037e-01
2.011230471955103849e-01
-2.132948826867898440e+00
6.374754580422589134e-01
1.306646235936064215e-01
1.094065609194588840e+00
1.939489418289369160e+00
1.419737475337498611e-01
-5.614513434131657155e-01
4.133309215745034071e-01
9.441940542577350604e-01
1.203550665876133463e+00
7.518495675105865139e-01
1.390672531575472215e+00
-1.067946997362791750e+00
4.433311261963455152e-01
-1.545279142181464893e+00
2.537412697565703645e+00
1.481549542735919600e-01
3.786660249960499547e-01
-1.204038387989506242e+00
-1.141711561575869505e+00
-1.320557993477210035e+00
1.755365142701953651e+00
-1.388082859249726075e+00
-2.690102386518924971e-01
2.831692396913714216e-01
5.501601811685273846e-01
-1.184901201360776812e-01
-1.191607483210716634e+00
-5.267929879848008978e-01
6.039038696750260726e-01
5.987320515505067942e-01
-7.251851166977771879e-01
1.113171713898917004e+00
8.591512377480785556e-01
-1.215461275118607798e+00
2.699939941695387452e-02
-5.798982504110040681e-01
1.274762845404354694e-01
-5.080762062103206800e-01
4.911744777913835680e-01
-4.046516483860163049e-01
-2.037742008005062888e-01
-1.836853877815824987e+00
4.081381098593490908e-02
1.608301719351883374e+00
-5.378266757201077830e-01
2.206687649118208583e-01
-4.299316134079707585e-01
2.601057639065935678e-01
4.250713670814118550e-01
-1.050753654314100727e+00
-1.133293440323592388e-01
8.073148524674410575e-01
-1.806979270382198965e+00
-1.492054598451315162e+00
1.925373850388427233e+00
9.340903794056578668e-01
-2.411541519528451472e-01
5.488115307713622437e-01
-6.033183888995063970e-01
1.810284879720510220e+00
-1.433204281708119199e+00
-1.379228959527226017e+00
6.060267599185563681e-01
1.163581806234831983e+00
-7.248753697125601692e-01
-2.670840411360269062e-01
6.130241711340206345e-01
-7.817669894190512059e-01
-1.903284907992802422e-01
9.689306688861597516e-01
6.561060795517072997e-01
1.404328882228092157e+00
-7.084256644126945002e-01
-1.000750829752881099e+00
-1.736549396182580640e+00
-4.735489148095024803e-02
8.842657563720294212e-01
-2.190122377143828292e+00
2.111016714561933516e-02
1.793371587420115321e-01
-7.451079215197765615e-01
1.693257372466787425e+00
-1.110395881204750551e-01
3.349915873894003249e-01
-1.512517372663254797e-02
1.172209106568495418e+00
-5.508298980061332450e-01
1.145594581336902840e+00
3.151926764972201034e-01
-1.245456981445518974e+00
-2.208350700743245021e+00
2.746407566752255280e-01
6.289134431679798132e-01
-2.022734986083813968e-01
-6.928817344461604133e-01
5.576057350772899435e-01
-1.725996174703014197e-01
-2.367706846626697725e+00
1.483088723790690344e-01
3.738330446577642352e-01
1.230565168156420475e+00
1.487082163032177107e+00
-3.037405845707566332e+00
6.870188705454764212e-03
2.928350359475007103e-01
-6.624018222083720708e-01
-3.319263507093025423e-01
-3.700017762018776302e-01
-6.519921367767986808e-01
1.534654708563872649e+00
-7.150959699177185103e-01
1.520599471727804186e+00
1.163393722062584734e+00
2.301114835499822320e-01
-9.292633455225123296e-01
-3.326712530751175373e-02
-5.372719850207998693e-01
-1.507436132011772179e+00
-7.380914834008336367e-01
-1.553755174936159333e+00
-6.997131291664175912e-01
-2.257325729041926188e+00
4.812200701118015123e-01
-1.091040389498530105e+00
1.244275595598885514e-03
5.155540901488205874e-01
-3.564719559052058062e-01
-1.570587374422711902e+00
1.107634202016185565e-01
-1.297746298959688294e-01
-7.550120281532985977e-01
1.373597211589166145e+00
2.398169353356279787e-01
2.449750631623519026e-01
8.289217033903779619e-01
-3.570305812167280379e-01
-2.914770781979337588e+00
7.151244043040482223e-01
-1.356315794870422531e+00
1.108213240274384281e+00
2.524626508103937628e-01
-5.875018706776875543e-01
4.364143654011432005e-01
-7.886354669401145490e-01
-1.325143820456176513e+00
7.243916427775934919e-01
-1.545383983416564577e+00
-1.313346593264566708e+00
-2.809468797837727516e-01
1.946329890760286341e-01
2.837905576296937404e-01
-1.051369071558555968e+00
3.915075482083317238e-01
-1.274633085343357571e-02
-8.765667230946455613e-01
2.070247137121548550e-02
5.593543721589465667e-01
-9.744224477404905826e-01
-2.395159181116950364e-01
4.508668318453179502e-01
6.803507558789202436e-01
6.786648322083367602e-02
4.539180090641967841e-02
-1.645050352255629678e+00
-4.684182853814321951e-02
-7.495070564615068376e-01
4.117210523654372678e-01
-4.629730748669574902e-01
7.158840998571786018e-01
-7.459770007037219708e-01
-8.688714187915709264e-01
-4.931628294128072021e-01
2.209924899420961708e+00
-7.687500506452520366e-01
5.545447484611494282e-01
-1.018109944881268047e+00
4.420005523567001049e-01
-4.738326120217194459e-01
-1.386295438626156951e-01
5.610675200179292554e-01
-1.105051094123978617e+00
-2.452794135481594362e-01
-6.085250212645619827e-01
3.515578388905009066e-01
-3.198304338335714592e-01
8.214975051454783683e-01
-6.481484584441299379e-01
1.290437320971375534e+00
-3.934643146425647053e-01
-1.925631962240935691e+00
1.329255655450916729e+00
6.632454093325221844e-01
-1.763351780765742283e-01
7.935111883223892049e-01
3.626902531989669165e-01
1.231159470083700747e+00
-3.765257434548184567e-02
-4.099307658382845276e-01
1.164121381496761920e+00
-7.281523108307121905e-01
-8.137231126634287826e-01
-5.923285417851441581e-01
-1.182195803554219493e+00
-8.328872648789887867e-01
3.656588478648312712e-01
1.304572532380928740e+00
9.052997955679730202e-01
4.259915378370209282e-01
1.712858150495759624e+00
9.346291934653478961e-01
7.993272237397108793e-01
5.616876112640132312e-01
1.015528600652060964e+00
-9.870336230289503687e-01
1.768262452769599591e+00
-4.937008777791669356e-01
-1.232440421044229684e+00
-1.849099127378014851e+00
-6.486665373288070802e-01
7.971352264661120401e-02
-1.435432981373909289e+00
4.392489646841850615e-01
-6.216153698068419553e-01
-6.234265865477346402e-01
-7.360678946105749798e-01
4.411697207675420174e-01
-1.235798861649066160e-01
-2.538521508273759719e-02
-6.781762198753229498e-01
1.246199394190440568e+00
-7.945758060763939978e-01
1.021462948639782375e+00
-1.198240015560639415e+00
5.494584343105368696e-01
6.671217006680515427e-01
-5.295625218205156637e-01
-2.753344123072269840e-03
-1.139929162851767153e+00
3.150841436571357179e-01
-2.842107517605258149e+00
-6.743042374670031869e-01
-3.643241995606759098e-01
2.349852288451706350e+00
-1.369496038849120856e+00
6.973644314468675776e-02
-6.338281693726828259e-01
8.882392627811200869e-01
-2.913417305391405421e+00
4.480463315500095023e-01
1.496522745218767048e+00
-1.443675360631544224e+00
-9.717561065436128853e-01
7.863220870208556881e-03
-3.540654116274540852e-01
6.966811501888029445e-01
5.394955524948951142e-01
-4.027079013160092535e-01
-8.496007840810847478e-01
1.589044943248252295e+00
5.083653513522373713e-01
-6.677957066916450080e-01
9.926908260379692095e-01
2.325303545265597349e-01
1.277727796191115761e+00
-1.405776902542930529e+00
7.728750622717115437e-01
9.448405962000672176e-01
-8.414367589405812309e-01
-1.523518720853598962e+00
5.867271254999395502e-01
3.334166125960432159e-01
-4.336420318466341350e-01
5.019932710283643296e-01
-1.109970118035316533e+00
3.971763472161456976e-01
5.729338532831580455e-01
-3.160642489747445549e-01
7.868387839269614936e-01
2.158128845282912156e+00
1.360569057313143704e+00
6.090186639574361738e-02
-1.444199764760166538e+00
2.886014456619999002e+00
-1.875144322413119014e+00
-7.907818092294435219e-01
8.507107767608838855e-02
-3.233448578227340886e-01
1.424678480831537419e-01
7.161985685703008420e-01
4.437033070532940826e-01
1.666404376756551953e+00
-1.927257571745022879e+00
4.237303514680563210e-01
1.352762821196880960e+00
6.746750176069904459e-01
-7.509299946991786490e-01
1.427205456751796664e+00
9.299015723635123409e-01
7.945197773561329946e-01
1.428528957911404662e+00
1.157333552981746339e+00
-6.944459992832199280e-01
-1.213409565156967629e+00
3.694533252635601173e-01
-1.138427400359222963e+00
-1.480185236399447657e+00
-1.999405125833733532e+00
-7.102461563329991456e-01
-2.113503922979693250e+00
7.635424407840268879e-01
-5.808907717050009190e-01
9.468596503174941947e-01
-9.183917569732154007e-01
-1.104051026991506868e-01
-5.151041309944383029e-01
-4.747900352232075072e-01
8.510147400816450158e-01
6.951601826616368163e-01
8.544275549017732452e-01
1.052432558850320943e+00
3.082285752379481103e+00
3.125604203327177366e+00
2.253923511262879487e+00
1.435330882297934929e-01
9.235252811375725956e-01
2.478442978288618592e-01
-6.685444971157868954e-01
-2.010775963136501865e+00
-1.946062046638859400e+00
-1.214148112902725174e+00
-1.278689737587057840e+00
-3.903848585027734353e-01
1.531800153600032743e+00
-2.735124886543087719e-01
1.465365620425003845e+00
2.898055118059203572e+00
3.269205675295374647e-01
9.562805327708945313e-01
1.058481910828024564e+00
-7.089806540946548274e-01
-1.490468806253816725e+00
-7.019603987334619433e-01
9.256461124778483374e-01
7.042397404389423299e-01
1.972368397644302385e-01
-3.431816922728748942e+00
2.855472710105276590e+00
-7.665101067620472275e-01
-3.885292332302382468e-01
-2.702028951222756881e+00
-5.582189237001332627e-01
-1.909581939938793882e+00
-1.317833454050494790e+00
-1.266811016715792881e+00
9.879914327281600350e-01
-2.122897365238727296e+00
1.594465519219731009e+00
1.442478418882766178e+00
1.624851505563561282e+00
1.598041071472326546e+00
1.673302130450131209e+00
8.463365289571936900e-01
-4.984665271787711571e-01
2.830916529278693083e-01
-1.805372137789114539e+00
-2.429286246601946253e+00
-1.760086506746608270e+00
-3.053548570459624578e+00
3.452043022366562131e-01
-1.310818463974618542e+00
-1.180522385838954413e+00
1.006816681952504844e-01
1.093723422233102260e+00
2.926273478869122480e-01
7.559936982989144960e-01
-2.687858273076179083e-01
-1.658068905639741852e-01
2.917293698118589296e-02
4.739272738106333760e-01
7.185271757887379263e-01
1.184225303014330821e+00
6.197123447232053550e-01
-3.804058703433984556e-01
1.479017341968368981e+00
-9.955373669717199059e-02
-1.661070592399787493e+00
8.761396304557165227e-01
3.930237967503139584e-01
9.478352592211463090e-01
-9.683152065852309587e-01
-1.406496410289481025e+00
9.409862447626620163e-01
9.065195442185191022e-01
3.726036410401055710e-01
2.054996923693281907e+00
1.472741118522056691e+00
3.417582492502141189e+00
3.213719331395025414e+00
2.773938978700860147e+00
-1.008115931869472792e+00
2.178362208672907752e+00
-1.500436733586070881e+00
-2.180402459319467301e+00
-1.351546824673837133e+00
-2.583520332124592755e+00
-5.091280812429423985e-01
-1.534319507160239127e+00
-7.060502249655681295e-01
-3.596029155415532141e-01
4.723495968036452997e-01
5.226801007237230623e-02
6.181789504663006696e-01
6.232094127233087089e-02
2.370041116608063159e-01
1.638589664148494274e+00
9.157501844869864183e-01
9.290484235006475355e-01
-4.559976119950009954e-01
1.362757668165572644e+00
3.178173209728530679e+00
2.275332895083318263e+00
-4.815333609529327541e-01
5.125514910015371850e-02
-2.563504620620351560e-01
6.153670508032726971e-02
-7.097082510279063561e-01
-2.195930183199608532e+00
-1.043158935782671826e+00
-2.391948687672881491e+00
-4.937287715513027919e-02
1.398974645666887895e+00
5.158632800023106313e-01
1.987532192627961436e+00
2.219821833122280985e+00
1.814075702756577257e+00
2.485842032332921114e+00
3.682300545987725604e-01
-5.005462002297156321e-02
9.489945985867050959e-01
3.393039513922934125e-01
1.355539794081687566e+00
-1.274502137037708982e+00
-2.105048737223251809e-01
-4.467880362417940843e-01
-2.171534378786693420e+00
1.063341312484564205e-02
1.032063953210762275e+00
-9.189997316239640890e-01
9.972597180277581463e-01
-6.685134479920742945e-02
-2.546735559045597341e+00
6.606472223181487635e-01
-2.413174189307612849e+00
-3.921501214935371737e-01
-5.241459742719717374e-02
2.355800783683429378e-01
1.674147817423042417e+00
8.712818333617702304e-01
3.843745056952700523e+00
-9.016389205001615892e-01
-7.966544227717218263e-01
-8.931040606601410581e-02
-1.716447371455156468e+00
1.110060958314285084e-01
-1.873281712324404547e+00
-8.907252113329040544e-01
-1.891281790796024209e+00
2.444966473159850828e-01
6.978700023604824665e-01
-2.105202042770941695e-01
1.426907244925719187e+00
2.300298152146865505e+00
1.982849510079327970e+00
3.529947941482658447e-01
9.870360308919383652e-01
2.228492441960064241e+00
1.484171512440916885e-02
-3.398728497969525919e-01
-8.083312420927284414e-01
-5.333122288751321882e-01
1.124389540856115532e+00
-2.655377358814829947e-01
-4.872049140679867163e-01
-1.361843912262282963e+00
2.158359907422868207e-01
-1.051386861604247436e+00
-1.147928409410070794e+00
-3.590028495109173212e-01
1.190631694473636149e-01
1.121604426921052333e-01
-2.152120317609534705e+00
-4.534011699180919841e-01
1.023076937327223712e+00
2.519320383058738066e+00
2.823001959975769637e+00
3.018316915503444164e+00
5.461159440657747943e-02
3.712777262170045001e-01
-1.233091270306564402e-01
-8.977512435591459283e-01
-6.986163669121197017e-01
-1.100555579696323338e+00
-1.315252616323723256e+00
-8.045607927912512558e-02
6.005682330185804219e-01
-4.240907554928459722e-01
5.607057321043679154e-01
1.195048319485080945e+00
4.444112216708899776e-01
-2.357537452922131571e-01
1.546025088094190592e-01
5.030527958893293849e-01
1.750097053055732932e+00
-6.115140601005808474e-01
-9.158348355858366707e-01
4.841904449783337450e-01
4.050174939025256160e-01
7.129780750753934582e-01
1.254886606356003131e+00
-9.418746942075828521e-02
1.558490939199738801e+00
-3.462804988348271995e-01
-1.748209823778939409e+00
7.099386337288859927e-02
-1.342796673795340290e+00
-2.156969638563321467e+00
-1.274798712261090206e+00
-1.606869485286593457e+00
-5.805134040618449287e-01
-1.595874775856395811e+00
2.501160410205188533e+00
2.518159085161936428e+00
2.075591647718186383e+00
3.158185425142519431e+00
1.403128235398236834e+00
5.755970896876374532e-01
6.913739973320170984e-01
9.373111941694165505e-01
-1.276387425051112245e+00
3.208845886436191286e-01
1.751596381303066607e-02
-2.877216830444111029e+00
-9.276338703422791765e-01
-1.819969772148289477e+00
-2.511821223211001264e-02
-1.023261612128310905e+00
1.087453396077646128e-01
1.015787732663442355e+00
8.407729462511767116e-01
-2.326055426213363697e-01
-1.179632432409942755e+00
-7.625931115855526521e-01
2.199117789682897950e+00
3.070692091486082465e-03
1.094153143035401787e-01
2.354519190722874633e+00
1.528429913538996709e-01
3.343138068040764077e-01
-1.432859945417307435e-01
-1.107586360322088348e+00
-1.971390950489054772e-02
1.070543083673645146e-01
-2.904455693272633976e+00
-1.584967225550992342e+00
-2.234880502550573134e+00
-1.352333272692998634e+00
-1.311508301854775072e+00
1.082659210746526268e+00
1.292193968842861418e+00
1.339390533657963900e+00
3.378536276018086593e+00
1.804965538737554276e+00
1.570052471698904384e+00
1.742839778455608446e+00
3.008915252095265114e+00
3.797762048978112759e-01
-4.079261511570919652e-01
2.021018033797294944e-01
-1.627925387754313391e+00
-2.544459404764000121e-01
-1.374897042146810966e+00
5.872143267232549091e-02
3.419444615804225970e-03
5.079401217431684934e-01
1.015810034778492910e-01
-5.349270683771536472e-01
-6.033266379225687981e-03
3.357736892471833157e-01
6.788882137555667384e-01
8.521187034815611572e-01
1.055499189089430967e+00
1.149804387201111000e-01
1.156017515163190179e+00
1.944397370037725947e+00
2.634738341767597802e+00
9.661944034062095454e-01
-1.952572780389283391e+00
8.329435860502325539e-01
-4.244129553337125937e-01
-1.524870236652298150e+00
-2.046525847227073314e+00
-3.791641177752657299e+00
-8.892620665251730339e-01
-2.128290838206973845e+00
-4.973199801490391092e-02
-4.840841493396341177e-01
1.107977766698458488e+00
1.342718146220206021e+00
7.557539710659871846e-01
2.654410615614068991e+00
1.948267425143768605e+00
1.296767184204348666e+00
-1.787315482757014240e-01
-4.720671855733297173e-01
-4.903905219637109125e-01
1.197567520426030097e+00
1.095401287193592754e+00
2.235373510912830874e-01
7.291748631387450219e-01
-1.963669931848461281e-01
8.523788630397139965e-01
-1.363875561177260165e-01
-8.530492470912592884e-02
-7.602372026661100568e-01
-1.758508747252398141e+00
-1.162071506775282259e+00
-4.123333188059691956e+00
-2.821744641503291628e+00
1.915920791306860327e+00
-2.603353423157633850e-01
1.946939299063185969e+00
9.117456402520316416e-01
1.281926720157900768e+00
-8.846495285049700286e-01
1.554163577299714660e+00
1.818505925755888875e+00
-2.176607718616911491e+00
-2.253449163529044785e+00
-2.583432565351903687e+00
-2.488750258490836309e+00
-1.430553532051613841e+00
1.768380117118941719e-01
-9.688348717489408957e-02
2.401577547492443010e+00
-9.063599311846077811e-01
3.168450815549864963e+00
2.822270490323719905e+00
8.523330276478946477e-01
2.726365424176723007e+00
7.611564533218395656e-01
2.612038603637358847e-01
1.630939582802773402e-01
-2.798116098895943260e+00
1.104707805912592405e-01
-9.853036571341458050e-01
9.500928316658299178e-01
8.092412123916703504e-03
-1.982999875043583438e-01
-5.513887700457253960e-01
4.226782983974292085e-01
-3.046454578029194504e+00
-2.455044179492911205e+00
-2.249318316189394817e-01
-1.787206853492659953e-01
-1.807916575892960509e-01
3.667371449976508657e-02
8.234577247310084225e-01
7.188873866119321887e-01
1.959950399815970412e+00
3.644468748336269215e+00
7.446484091583842613e-01
4.156734919986344590e-01
1.027921344355826827e+00
-8.612572404694366357e-01
-7.192987890457863687e-01
-2.631119039777467528e+00
-1.507562076088755365e+00
-2.283558897715233016e+00
-4.672975604335083410e-01
-1.735673524175568971e+00
1.659119042157191637e-01
-7.056134309930821580e-01
-1.960131438832392048e-01
-1.999632278194602986e-01
1.643704031426534762e+00
-2.235994391171503004e-02
6.719186185457207694e-01
3.825850426484652678e-01
1.351580373767992338e+00
2.119363959132396946e+00
5.387634746186974466e-01
1.865409596680197790e+00
1.367976330516182504e+00
1.020906361551697117e+00
1.531189386473007286e+00
2.937106952577321350e-01
-6.156494758208681528e-01
-2.366621908237363403e+00
-1.898475740334502060e+00
-8.343277991601061316e-03
-2.721458282753745905e+00
-3.158005100516845687e+00
4.285488372531534029e-01
-6.749740204910368302e-01
1.434856440652447773e+00
3.387543698373112200e+00
2.603964239625449650e+00
2.667639993939181053e+00
1.599758441085140426e+00
5.347111023009003539e-01
-4.363321541482864108e-01
-1.591411603026901656e+00
-1.987461447742377985e+00
-2.159412141839438970e+00
-6.073961784543955300e-01
-5.617576019475319926e-01
-1.569236972337874736e+00
-5.351485156544841804e-01
6.810860118438922806e-01
3.867520731698788072e-01
-8.260701443005818989e-01
1.250218493099075845e+00
2.308516464230975451e+00
2.345187776731665341e-01
-1.934424817437985000e+00
1.236500179803218913e+00
-1.351692531371055384e-01
-8.960903169804014246e-01
9.614161457508554331e-01
1.653827669251256793e+00
8.926405155467579400e-01
-1.740768528973005047e+00
1.726172552950055783e+00
1.076781803036422680e+00
1.927844453822610937e+00
-2.136001010009933587e+00
-2.132695314715791657e+00
-2.811285618542842979e+00
-7.330484222912003744e-02
-2.076623915653051711e+00
-1.284422243178324985e+00
-3.001605880774915747e-01
-1.284209339492953017e+00
7.243079457836867352e-01
2.553752489423842142e+00
2.934278446238339555e+00
1.873411846367751821e+00
-3.944783302444122564e-01
1.037511457127486825e+00
-6.774622678169965606e-02
3.346188562339049710e-01
2.202215087738440547e-01
-6.475800849712207707e-01
6.822091595034192046e-01
-2.510776914890008982e+00
2.067268227016974269e-01
-1.738198733531936824e-01
-1.565205950509879873e+00
3.739237415866706327e-01
4.823347433763260916e-01
-7.301359381945606852e-01
7.541919467387731002e-01
-9.435925238669703452e-01
-1.808988576983149299e+00
8.864217894057252467e-01
1.038309876881376326e+00
2.375983446942196764e+00
1.704507764220101862e+00
2.312709655215130056e+00
2.546503187543080138e+00
3.531089086694922941e-01
5.421740861004148426e-02
-3.769373199029487642e-01
-1.982455948683127467e+00
-1.297083073567251388e+00
-1.162243898535289865e+00
7.931781752389621687e-03
3.269593008130626810e-01
2.927470563978462614e-02
-9.683833167187350099e-01
7.231926877433911827e-01
3.293881346134663879e+00
1.235155341675431062e+00
-2.629961718833018214e-01
2.852477269848560759e+00
1.898029694650962274e+00
1.228694036035026471e+00
3.491204839205367949e-01
7.622595768617705936e-01
-6.658486935504456250e-01
-9.509848311026338763e-01
-1.130238426438238797e+00
-1.738739523700803535e-01
-9.075298993420917171e-01
2.558660784206193473e+00
-2.371333387981432672e+00
-5.405727552613002196e-01
-4.090576996030811374e-01
-1.698126065680868990e+00
-1.212606852017486414e+00
-3.532301704705076428e+00
-1.886609453244023626e+00
4.666500856761278127e-01
-7.288377297547143918e-01
2.222170507073988777e+00
1.570653604254764080e+00
2.666299397790711012e+00
2.002877118901271292e+00
1.158753673293832831e+00
7.897330932289863270e-01
-4.003952388542940666e-01
-7.558006153606101618e-01
-1.944754087752787131e+00
-4.651948008700774739e-01
-1.410129486494724693e+00
-1.623709971334072577e+00
-7.977336809921136140e-01
-2.802012043987850420e-01
1.479544875788038061e+00
1.270381654705589725e+00
6.727802613638218521e-01
7.540919704744653007e-01
-6.458743531577118002e-01
7.259482550801341638e-01
-5.440527540059117984e-01
-3.600104353875643870e-03
-1.186463900504890034e+00
1.071311117054785989e+00
1.062419593681322105e+00
2.670023442274690240e+00
1.767850813410520416e+00
5.530948440680868439e-01
2.528186381724684129e-02
-5.962676250872739336e-01
2.160240714885612867e-01
-3.117259622247996464e-01
-5.868069884713673634e-01
-1.703615082679456050e+00
-1.009829279834709492e+00
-6.147449783424120406e-01
1.322876228484585415e+00
1.557552681387133875e+00
1.061833839306606020e+00
1.425303537995526115e+00
2.054088579533473791e+00
1.931676682740726125e+00
2.017877935279529744e+00
1.275672775436663908e+00
-2.202389579563284627e+00
-1.950703328039547158e+00
-1.982453644898727996e+00
-1.935464352432079371e+00
-6.137657767684410182e-01
7.615046229991818683e-01
-4.336975332760905633e-01
-1.497556889316357775e+00
-2.752710179865535678e-01
9.668528608454906026e-01
1.086746563863403514e+00
4.068002350595997241e-01
1.027251747522877623e-01
-7.598168679503750633e-01
7.462142806676428375e-01
9.664684206623221085e-02
-9.839683537152699166e-02
1.794751493349300286e-01
1.201788272052713102e+00
2.787738685110880965e+00
7.584412049427247116e-01
1.087056773189630565e+00
-7.998694204668894692e-01
-8.266725372239086544e-01
-8.239283478081621537e-01
-3.821872238716990111e+00
-2.010227560650590384e+00
-1.138546440161646522e+00
-2.709082994304042202e+00
-1.614957220827779150e+00
-2.396807225662900276e-01
-6.733572422988065576e-01
1.662012199689248515e+00
3.762477216293083515e+00
-1.830525962075986168e-01
1.531316972976457524e+00
-6.317663052336086604e-02
1.094702750401643332e+00
-1.733896231308585723e+00
-9.134425045258456333e-01
1.328732787120729508e+00
-1.871652767970871878e+00
7.736419100646222402e-01
2.342452455368869035e+00
-1.142419816787965114e+00
-4.993450885247797677e-01
-1.512937190814756416e+00
-1.298490635884774758e+00
-4.028562877118415098e-01
-1.353781674568840909e+00
-1.279424918114824283e+00
-1.646409639972868044e+00
9.109050310279903639e-01
9.426030072379292246e-01
1.792439016392887829e+00
4.435485710740556531e-01
3.002508995942863468e+00
1.582865613875082733e+00
8.101939848864759819e-01
1.179420673713968526e+00
3.545526389010715818e-01
-8.584021833644623900e-01
3.441174117365131124e-01
9.892747225495155394e-01
-1.915520924247681833e+00
-1.892716914396214145e+00
-3.156324785588299875e+00
-1.574330363190028059e+00
1.519574659980857501e+00
1.349457583615796263e+00
8.026995941291151793e-01
1.544667359953371788e+00
1.804911131171981431e+00
-2.363541065840379041e+00
4.945646668693213233e-01
-2.345692505618013346e-01
1.655014891242200470e+00
8.626277226679387455e-01
-6.308172231011786035e-01
-9.217447235782244563e-02
3.398833154523717148e-02
-2.703603701098236112e-01
-2.225253407331116762e+00
3.486881883048039699e-01
-1.890135794809080672e+00
-9.130783773765667188e-01
-2.103648660285051264e+00
-1.531681589334517479e+00
-6.815807965585881645e-01
-4.654922662723933735e-01
-1.669588826301899420e+00
-8.003839216587600447e-01
1.852635625182771362e+00
2.571318076645320971e+00
1.186282233397492281e+00
8.029899145746985933e-01
2.318437348709355028e+00
1.233775121929925334e+00
2.184968351410550014e+00
-1.506693714839874465e+00
-1.435924075857023974e+00
-1.441124881169887795e+00
-1.000794420788125194e+00
-2.849089916257373289e+00
-6.762602992990306428e-01
-9.359351604080774489e-01
1.499434303616885344e+00
4.059743121689512457e-01
1.171122513003541199e+00
5.375978742227967011e-01
-3.543158039023701633e-01
-4.177556242476170301e-01
-1.157562721653286442e+00
6.111680553548166639e-01
8.465511862873623672e-01
7.705422060541824436e-01
1.658534716058548630e+00
1.007108933057120348e-01
1.492349593287924048e+00
-7.536197835818971846e-01
-1.559307642865087384e+00
2.905679491221479505e-01
-8.169675027454570415e-01
-4.467164686642620675e-01
-1.793977988374678922e+00
-1.072993629529820137e+00
4.429998597007329120e-01
-2.842749868057815044e-01
6.961362040153862285e-01
2.314457744450648669e-01
-7.521754638409897664e-01
8.450740847773738906e-01
-7.804663145956138026e-02
7.381108168768989453e-01
-8.551369131777294408e-01
-1.492911966595655490e-02
1.756863785303958814e+00
-6.597899635192043810e-01
-1.290470335598174811e+00
1.085885681077863429e+00
1.815637411724843053e-01
-6.427444055572535397e-01
1.386210095228320172e-01
-3.631110496735239224e-01
-1.171508267362499245e+00
-1.134949798728783987e+00
-5.884945557259317894e-01
1.834434719532912483e-01
1.312163609976345624e+00
-1.353990074352815487e-01
2.729138870108449577e+00
-2.054443407459385806e+00
1.654247247242169316e-01
-8.280774232721669348e-01
-2.180639909966714529e-01
8.203426496579777627e-01
5.535173775921549133e-01
2.170973751168698840e+00
3.294390114151043991e-01
-9.185876969088648814e-01
-5.472915262474145615e-02
-2.011475748021341214e+00
1.209775061558582943e+00
-5.028532539620238495e-01
1.569031683931635612e+00
-1.857572819031251710e+00
1.439676686146000195e+00
1.267947090221722917e+00
-5.192513403388544502e-01
-1.622791635983516834e+00
3.386205364882717284e-01
-1.985968385237198541e+00
-9.850119451603717158e-01
-6.809872185957771551e-01
-8.518390980033111459e-01
-1.069296976049336489e+00
-7.584108098618556060e-01
-1.785382663367703460e+00
-1.701981593274376037e+00
-8.614412909495545723e-01
-3.935914039458186520e-01
2.144054031027363916e+00
-2.562971602741562563e-02
-8.544584689779923803e-01
4.998403487834479630e-01
1.829715619691406336e-01
7.572128302387891585e-01
5.416337839765519163e-02
-3.030301792235876035e-01
-1.579265669984318554e-01
5.280212549974591107e-01
-3.790515530443584469e-01
-5.480654496969285250e-02
3.282325478306713507e-01
-9.560615585778353687e-01
-1.295750979321901378e-02
6.474844942912690859e-01
7.076933873700431699e-01
6.972927817905958392e-01
-6.776310182817925527e-03
-5.883399852425764964e-02
7.874536692739893262e-02
-4.294160364253056250e-01
1.444736696225530803e+00
-9.709552263379186421e-01
4.271681006407059278e-01
5.850243149441575197e-01
-3.132742362339219766e-01
-1.112167612981442844e-01
-3.694921000158627594e-02
-1.670365265681353073e-01
2.193583394919196294e-01
8.660224374755073895e-02
-1.797095940445434248e-01
-7.343362966794564350e-02
1.074938816126642216e+00
4.446048218812125724e-02
-4.564371922519284142e-01
3.074188367972977010e-01
8.854818583679910926e-01
1.930496879088454965e-01
6.070413973716851652e-01
-5.916919600477648505e-02
-5.410423331664448998e-01
7.319971639419728948e-01
-6.752444047343680866e-01
1.214757984928239720e+00
-4.807509169358022416e-01
8.318106464087137164e-01
8.424425904649757157e-02
1.871323749204141018e+00
-5.251295599944501014e-01
-2.039059473141168422e+00
1.591915357595671127e-02
-1.288579105670570657e+00
-1.720869425078679349e+00
-9.318429721065710769e-01
2.996571791607365864e-01
6.352791120713527917e-01
-8.901224478049614142e-01
7.631631297054688456e-01
-2.684179566140816320e-01
-9.556479023835128261e-01
3.155795373926894021e-01
1.080748124647480657e-01
-1.321971063409384417e+00
-1.374851006497732842e+00
1.123960440415653794e+00
4.106782741928827196e-01
-2.296589906945009307e+00
-9.939265996817062687e-01
-7.554004749072015801e-02
-7.484030493402841211e-01
-2.806189204205999932e-01
-1.050704009237158898e+00
5.322865357120312169e-01
9.929513850986452228e-01
1.196769631244227972e+00
5.984524905297894382e-01
1.961467023564273493e+00
8.739533288081120510e-01
-1.902752484275067157e+00
7.946875020387843547e-01
-9.924134178032133491e-01
-1.519907121980881848e-01
-9.370506696479277142e-01
1.343652371867520845e-01
1.058224610096043516e-01
-1.044592274889792893e+00
3.875804152436658767e-01
-1.126337897325178222e-01
-1.688779641133553611e+00
4.740503325405482360e-01
-5.153521997223828865e-01
5.199253861134178756e-01
9.121472939283606918e-01
6.033219835319560964e-01
6.871472762192730732e-01
-5.984770525450299195e-01
1.017711257880143272e+00
4.892101244225911111e-02
1.661688892408533125e+00
-4.625296665656293826e-01
-5.560454965945552663e-01
3.833997779597856370e-01
-1.917481782825928779e-02
1.043664723889101031e+00
1.288532068519364415e+00
-5.831178223531870985e-01
3.616442451655418888e-01
-6.990105313546227661e-01
1.950927594886695315e+00
-1.093080464423058284e+00
-1.454234439624084441e-01
7.593956216457012909e-01
-4.082562113816298743e-01
2.448042469327158965e+00
1.529729658171050666e+00
1.979157803730724197e-01
5.717600345780415871e-01
-5.106411942992594710e-01
-9.619784418157856232e-02
1.142543031648674434e+00
1.279946918616222673e-01
-3.051765721977910406e-01
-9.121537083086220798e-01
3.046550788142338706e-01
-9.605458734513715457e-01
-5.788792690796706886e-01
-6.918190518542599587e-02
-2.291425007039656347e-01
-4.130950809779206367e-01
1.002762382758285442e+00
2.260467519199607977e+00
5.293487154851216347e-01
1.071898814258167132e+00
-6.656038922371160238e-01
-1.673003626456305015e-01
7.708737463855283023e-01
5.810889574052220674e-02
9.821001174201871020e-01
-1.234764272371816629e+00
-1.280649537083885736e+00
-7.052785322486035922e-03
7.119841496241435808e-02
7.936435261861354284e-01
1.387830563040547638e+00
-7.801597670207183199e-02
9.590333443861180918e-01
1.757999489933209425e+00
-1.303729497419668260e+00
-1.186945360619332313e+00
-8.995581572054210939e-01
5.485149790795468272e-01
6.701817087400385731e-01
-5.887038911229619531e-01
5.827370516237986298e-01
-5.633777941721652693e-01
-2.940177965123725312e-01
-1.317519246471027472e+00
-1.426720111786530021e+00
8.526728489521967491e-01
-3.326101619170758750e-01
1.193053924800892007e+00
2.151279211004921699e-01
-8.922165785249551451e-02
1.844715139895281242e+00
9.138252103377699775e-01
3.227811092163896944e-01
8.025350296250794990e-01
1.797050526128390335e-01
-6.550580032042564727e-02
1.673440282410677549e-01
2.280083685631999479e-01
-2.759250789412442950e-01
-1.012962659563666046e+00
3.181781241701323037e-02
-1.315674271621561253e+00
1.643886179076648260e-02
-1.547937387008641030e-01
-4.192402596853175845e-02
-1.193841691966675000e+00
-8.756992721153051829e-01
-6.299910636227710192e-01
-8.805687273803808335e-01
6.493316572809748610e-01
1.079638481811909384e-01
-1.089194672592001201e+00
-1.343906940296029751e+00
-7.764906355251294245e-01
3.561682722524933120e-01
-7.392269267770823493e-02
-1.136570707637628797e+00
-2.408387022978427175e-02
-8.300868385416164674e-01
-1.926524143794202448e+00
-6.918274431472848374e-01
-1.040033965931369320e+00
-9.865393605587078341e-01
-1.729311146666369647e-01
3.582346285708334355e-01
-6.793943063255478143e-02
1.326233918275677937e+00
-1.186326530768064380e+00
4.340834292464777477e-01
-8.320603122059762047e-01
-1.872762229074197426e-01
-4.476537649876220493e-01
-3.750901320085211488e-01
1.348603771994422829e+00
-2.389402955649384264e-01
-1.823373918289507900e+00
6.212682203038535356e-01
1.509115932528467541e+00
-6.581392021574212770e-01
3.800631948119292391e-01
1.625986933954358671e+00
1.429101220925580673e+00
5.748570467163249820e-01
-4.397256960563072359e-01
2.047502617209940035e-01
-4.015424426232682559e-02
-4.375347655873768060e-01
-7.144494807872245890e-01
-1.487942743845841742e-01
-6.540258705886831114e-01
-1.161526499341228202e+00
-8.529513739114131798e-01
1.785592576884877047e+00
-1.920050065748069246e+00
1.134605763011908186e+00
1.787704960724534553e+00
-7.100817695526792095e-01
-6.283572510826375135e-01
-5.411198232494905946e-01
2.559923088315907425e+00
-9.256007096490189712e-01
6.493757235997774657e-01
-4.339787340597209830e-01
-1.230948727999096493e+00
-4.185717791977044966e-01
2.003306347067101978e+00
-1.645517829510873442e+00
1.032634304503283307e+00
7.320981317118654408e-01
-5.042169494293501364e-01
-7.346881422625439750e-01
5.228384415636141286e-02
1.791484613997225417e-01
-8.301450225271868044e-01
1.133067604609644119e-01
-1.596032481663709257e+00
-7.395127642375309840e-01
2.995481210472604183e-01
7.526850398962043887e-01
-1.103831781933615641e+00
7.126404989857115790e-02
-2.152029290189791055e+00
-1.703010249371487594e+00
5.303534232242432811e-01
-2.748494994098631405e-01
1.076068603925219636e+00
-3.357055469273707016e-01
1.911032382514013250e-01
1.137947118606526080e-02
8.317757761686896956e-01
3.684367620290726064e-01
-2.215293419455198753e-01
-2.314416010130210921e+00
4.048962790768407816e-01
1.310791886042050214e+00
-1.443421686237208679e+00
-9.241980024267761051e-02
8.908617693756357148e-02
6.350608662761120238e-01
-1.739566023715807486e+00
2.813079664786786727e-01
-5.197162613922334806e-01
7.634471030195003616e-01
2.880756578617423291e-01
7.013154111903099341e-01
-1.318711996791509966e+00
1.125642023842169381e+00
-6.810882043859233237e-01
-1.014085889006425933e+00
1.270362904613143495e+00
-1.996787418898057442e+00
-9.270028450846098389e-01
1.557487560464461573e+00
-4.066848536810445669e-01
-1.085820723398662757e+00
-9.017885918498348419e-01
-1.732352201536541569e+00
4.656742145814547484e-01
-1.147335671119609879e+00
-9.659804946638935741e-01
9.358187063721321586e-01
6.493994807535177216e-01
-1.188360532082058052e+00
-2.020112075732030554e+00
-4.427727812915212280e-02
-5.307982438146244819e-01
3.133743030486278447e-01
-3.610987056528376926e-01
1.307887463563156105e+00
-9.533445520111930582e-01
-4.235004194460326166e-01
-1.355705047949578024e+00
-6.598789155808069129e-01
-1.318918176215195526e-01
1.182117251152105530e-01
-3.036258932101812746e+00
1.240460975950901101e+00
2.076896586783603393e-01
-2.615530128460701320e-01
4.741172811722169644e-01
-1.633794267308629478e-01
2.512587038263430550e+00
2.594580515836948931e-01
-1.920257161108373190e+00
1.438398425923247403e+00
-1.076615791127887967e+00
7.513210846559470468e-01
-1.336196461595919205e+00
-9.866931401690829384e-01
-1.653979820525418587e-01
1.781359829795191141e+00
-2.322093215482947670e+00
1.980662819439998612e-01
1.201440395334709699e+00
-4.299228351644255319e-01
8.902529566758947688e-01
5.327176555730408491e-01
8.692056514107451282e-01
-1.143315911696889176e+00
-1.591864343343027288e+00
-1.836285989705124799e-01
-7.470470903852899358e-01
-8.740986778386590217e-01
-1.408330718873048948e+00
4.370389578914719575e-01
-4.442538346299493290e-01
-1.190606167119855785e+00
-8.002936205442529038e-02
-1.426532320758840289e+00
-4.708898988453029677e-01
1.341907590662234639e+00
-1.748310552625000014e+00
-1.260605416963960224e+00
-9.873000227413335494e-01
1.640628253866625696e+00
-8.088105932215480243e-01
-1.672669887893181162e+00
1.928565144220518945e+00
8.491933637933339885e-01
2.041912697880247762e+00
9.781856558952146674e-01
-4.760318909813934241e-01
1.387167289877924148e-01
1.435415580046438544e+00
7.238780612846922313e-01
-5.064743944106129270e-01
-4.709929769032479285e-01
-1.223304857093075793e+00
-2.116096554302125732e+00
1.309241666458608455e-01
4.490562439793790994e-01
1.898186750192515926e-01
-7.860434754994723994e-01
-5.708119258664512419e-01
-9.330182614352656723e-01
1.057724479770816295e+00
5.913257865316592365e-01
1.049951022249147325e-01
1.723188681934574973e+00
1.139028356258833113e-01
2.309961570819158427e-01
3.812990143033659352e-01
-1.026525691465517198e+00
-2.390537748060667766e+00
1.290049832417431208e+00
8.540180772200777204e-01
1.722355797656739629e+00
-1.838775260997227989e-01
-2.426857091467545802e-01
7.796056317862577467e-01
-1.963328871355238536e-01
-2.673836274528508250e-01
-3.067517479129706071e-01
3.349512214780707431e-02
6.655555039431751974e-01
-1.503064847818176952e+00
4.687225000143729892e-01
1.902883229502531748e+00
1.383306741227452452e-01
-3.393782398849805593e-01
-5.005581795871404394e-01
6.563818060889875516e-02
-7.573370867296037590e-01
-1.310493229403008608e-01
9.525085739299236076e-01
1.085631691691452350e+00
3.738537747435719538e-01
-1.487590625350894369e+00
9.557386681177666710e-02
-8.732073233666117762e-01
-9.884729305223547424e-01
1.149228307941075666e+00
4.646598580297472969e-01
-9.735782204800372819e-01
-6.389907415931064261e-01
6.979763617185323898e-01
9.580776571092100014e-01
4.147162349572500739e-01
9.094921575675575520e-03
6.394421337661037041e-01
-1.375614875952407612e+00
-1.588299762498102674e-01
1.858661219231267925e+00
1.681672147336773782e-01
-1.753930917974125814e-01
-2.312904172018668270e-01
-7.152120485655450999e-01
-3.548824143195386527e-01
-6.250796876397261004e-01
-2.124959369967662492e-01
1.694343715824038865e+00
-7.147923230564227071e-01
-6.504310152601931738e-02
-1.517970944119345855e+00
6.644520449159853070e-01
-2.837053948168596351e-01
-5.099766374756680154e-01
5.241469758409380564e-01
4.551904186405707486e-01
-1.333020575542194441e+00
-1.052312214768740040e+00
7.842644626944941244e-01
-3.227285503601023398e-01
1.262881063203243448e+00
9.059939548959144995e-01
-1.353079755066051382e+00
-1.029113049985009409e+00
4.889070591486816553e-01
5.696866675056796447e-01
-8.596392959438758918e-02
1.406318213574959675e+00
1.205951777343952092e+00
4.288753318485498400e-02
1.127110133271347570e+00
4.296677897640700794e-02
-8.654567502686810743e-01
6.632518861942221511e-01
1.060252591361001029e+00
-1.287640252179034217e+00
5.155759812123949029e-03
-8.807010568082056234e-02
-1.831723996594727122e-01
7.017904821422514816e-01
-3.661590913205597930e-01
9.189401973725181971e-01
-1.103091004488690352e+00
1.034991167709090387e+00
2.650472545576065819e-01
1.794922746448267270e-01
8.858690166004057343e-02
-1.441507364460895779e+00
9.444495468781037850e-01
7.899822045924828062e-01
1.251832875413983803e+00
-9.540058930624583100e-01
1.427504033934528849e+00
-1.783012430261813552e+00
-9.284557173690316523e-01
4.820228044422307234e-01
7.151187796450598766e-01
1.130590479212798816e-01
6.319206839210350646e-02
2.292134957821788943e-01
-1.291003771220605723e-02
-1.408758865621388745e+00
3.192078682106547216e-02
5.847385577668257062e-01
-3.024086886936099727e+00
5.633679473292908524e-01
5.053101067324354823e-01
4.375724545491150308e-01
-1.736117712708958871e+00
8.188948616269723368e-01
1.249603681935223642e+00
-1.931018044768755340e-02
3.061441730512987625e-01
4.523114523321710156e-01
-5.030071049430038382e-02
3.952120238263637231e-01
-2.032122812809331602e-01
-8.086915503990634857e-01
-4.050583409005318880e-01
7.711304576618085438e-01
9.708712233877098141e-01
7.134386660286809456e-02
1.600856725901492972e+00
7.621085470698036879e-01
1.296566724999899334e+00
-6.488908898448967344e-01
6.194685664878439857e-01
-3.550672958762186582e-01
-4.841366532000662692e-01
-1.014821370409817319e-01
-1.436959898733964236e+00
-1.032374059872331440e+00
2.064343432764731978e-01
3.453229878453435986e-01
-4.542698785296958586e-01
2.838296638658115503e-02
2.255215898851399725e+00
7.418795892564516992e-01
-2.844510315113213950e-01
-1.180442911800205080e-01
2.079375018785569740e-01
1.089406726541887638e+00
5.691958513336558001e-01
-2.089260338085745072e+00
8.573412551964491035e-01
1.504397599657971485e+00
-8.047241070281969666e-01
-7.252710590233446553e-02
8.639184514065028075e-01
-7.204904724713414588e-01
-2.608360575164190731e+00
1.127096855692407695e+00
1.711667974007638815e+00
-4.430370761930093049e-01
-7.245090932980489118e-01
-3.790307034205302461e-01
-4.502855000609369274e-01
1.563858705166646823e+00
-7.931398796476274438e-01
1.217496174594737024e+00
-1.171549970053288536e+00
2.342846699981583347e-01
-3.217974179373932486e-01
4.080944060710478549e-02
6.056713358885179588e-01
2.978811887767706779e+00
1.590713366399931994e+00
2.076439385884897515e+00
5.861349989294477592e-01
2.692148010982332584e-01
1.088407122140023997e+00
-3.030827418373188697e-01
1.315749400623035248e+00
-4.929325344781469997e-01
-1.214870375235332922e+00
1.283672156489421123e+00
1.972622878264889690e-01
5.526514666770918627e-01
-2.234699481899185547e-01
1.454453752031150238e+00
2.552940511413567815e-02
1.994175868565508880e+00
-5.122380005321323093e-01
6.135302810871838819e-01
1.037991607077352718e+00
-1.849421861188479621e+00
-5.601899137012160690e-01
8.573606067043599843e-01
1.612851464729145423e+00
-9.297553826243243336e-02
1.670203194190819307e+00
2.862726304818448586e+00
1.454932795088121678e+00
-6.222419301317624329e-01
-3.035493731985437371e+00
-1.223176310443310433e+00
9.652051752405776952e-02
-2.743913640256986586e+00
-3.052861933786531701e+00
6.377102199766417900e-01
3.714045742003062034e-01
1.094821640974024568e+00
5.008859077186619269e-01
2.527673019965747336e+00
8.760130789322071454e-01
2.952880165451093664e+00
1.711691073852348532e+00
2.280454279537602880e-01
-1.252399532291054718e-01
-1.288378534600177705e+00
-3.698208646853511916e-01
-2.307248418050940053e+00
-3.310922828335823298e-01
-1.471905183836952069e-01
-7.649932785639856903e-02
3.039793819309731249e-01
3.337535386980761132e-01
-7.942223028636308246e-01
-1.325235636895624181e+00
-6.019099135642602683e-01
-7.421420233719382420e-01
2.375158963136435597e-01
-1.974653195044167253e+00
1.561249220527303194e+00
9.065944156597550707e-01
3.382965466782913655e+00
3.082063968468347515e+00
2.132543276234647678e+00
1.983167768129455943e+00
2.258863931740795472e-03
1.013115704642305159e+00
3.974023507588682058e-01
-1.406314382227076720e+00
-8.513386096114543555e-01
-1.871845202998860591e+00
8.821757244619137239e-01
-2.196803896775060494e+00
-1.876313488724815626e+00
2.003327728149122411e+00
-8.470620680386153900e-01
1.301205845890456070e+00
2.345648230401637058e+00
1.527009657433934242e+00
8.305837829822829699e-01
-2.752615174477740512e-01
-4.548236385074656551e-01
2.475095772656992765e-01
5.164741898722449154e-01
1.470612926642850482e+00
5.910457236148525251e-01
-2.403382538101405119e-01
8.358666625374311376e-02
7.136015114256393232e-01
4.504153287056146537e-02
-1.102591523556256892e+00
-1.511175620380203810e+00
3.243879038675563375e-01
-2.522353969913509797e+00
-3.657861750365993814e+00
1.182578209170108696e-01
2.987441426681884948e-01
-3.761589804563808537e-02
9.561402249339955306e-01
2.884930817873339937e+00
3.071970062765045029e+00
2.242644533080266900e+00
1.379728923489390136e+00
3.242500953990105739e+00
-4.071860726230687733e-01
2.823837080113835718e-01
-1.675321344975684301e+00
-1.897393477096916303e+00
-1.603334911718664602e+00
-8.565356408534714472e-01
-2.645712141273474094e-01
1.199645685486400382e+00
2.334701555433168707e+00
2.418525543324002047e+00
4.242690824925270388e-01
9.718940209115743967e-01
5.126683584743820798e-01
-6.165644868808634049e-01
5.570574429011374562e-01
-8.581806600954354769e-01
-1.140265886215659163e+00
1.778175894617638253e+00
2.197486522433203415e+00
1.003214373538853454e+00
2.544599336087168595e+00
1.340336394371575590e+00
-7.809769741921508412e-01
1.779101676962836054e+00
-1.506038392336217724e+00
-1.017482212989828660e-01
-2.412620979945306221e+00
-3.965637474320626410e+00
-1.891562540868923392e+00
-4.925512077990329418e-01
9.904698938274932862e-01
3.658109309825963162e-03
2.080153504852578550e+00
2.296740748954904099e+00
1.981532075810232829e-01
4.041457370809078409e-01
2.916308143973731948e+00
1.167132668645484594e+00
-6.421889015520396149e-02
-3.112858874500797901e-01
-6.840900298819532210e-01
-1.755822406708589245e+00
-1.048329180039805797e+00
-2.066770258802065330e-01
2.765585589636576636e-01
-1.410231359837801790e+00
-2.814409173891662119e-01
3.740513914469267287e-01
-8.696410204870022032e-01
-5.045398318508821367e-01
3.051626490258223523e-01
-1.580631289988697397e+00
3.815133853756553783e-01
5.649789129691115130e-01
9.871113408851900362e-01
1.509629330139353742e+00
1.639380144676755080e+00
-5.514183990785292977e-03
5.738613005868747896e-01
6.075933443641114984e-01
8.701131761908791340e-01
1.763282759773367125e+00
-1.201951632466601971e+00
-3.981931047945937774e+00
-1.268234481494730836e+00
-1.461721615298813060e+00
-1.478154150652448040e+00
9.094794553121361425e-01
5.172570958686562026e-02
1.710151685892221884e+00
6.270763242548986760e-01
2.601074430362917411e+00
1.315886884981376515e+00
1.532443085504812563e+00
8.892173407466744672e-01
1.139621969583699990e+00
3.594208456708913868e-01
1.023177635089500548e+00
-2.490700694112375047e+00
-3.018923642485828451e-01
8.521433706023213706e-01
-1.577518366859077537e+00
2.218137260513413977e+00
-4.784569351235975487e-01
7.566220738017259695e-01
-1.167089967996436606e+00
6.342225920334511047e-01
4.891962176809906415e-01
2.701283257137800931e-01
-1.313989780836175791e+00
-9.555616136065303579e-02
-1.017656868977663054e+00
5.681960046561193023e-01
1.911107336085423825e+00
1.139659039592654910e+00
2.152624322690834369e+00
3.592716928510104601e-01
1.221046643895317363e+00
-9.444404071887311236e-01
2.284750497473020392e-01
-2.563367281321496272e+00
-2.407969657462226021e+00
-2.684391328374620578e+00
-1.871908230006805063e+00
-1.781017945944380898e-01
-2.260200649632059910e+00
4.549425403584648198e-01
-3.845118217354258072e-01
5.453657758095907804e-01
2.377791704203172873e+00
2.070281699533460973e+00
1.331992059743947188e+00
9.113513257790735178e-01
-1.438148337355553141e-01
-1.285051931655408985e+00
4.220874610979115094e-01
1.509200771483822479e+00
1.539437355094731341e+00
1.182647800448602682e-01
1.240393017165959844e+00
1.284501387203283329e+00
-6.069978884069484604e-01
-2.995712146101117690e-02
-2.101719973186510160e+00
-2.996547387642491955e+00
-2.738899459427971639e+00
-1.204327725077102729e+00
-5.259552758139321993e-01
-9.226895043957622500e-01
6.077540635711933259e-01
1.146294112717898050e+00
2.325360440364327985e+00
2.828887749133544460e+00
2.179432169027070376e+00
-6.336283345033160153e-01
6.224684884996256606e-02
-2.516292649543132143e+00
7.421606922385963756e-01
-3.877959940464427824e+00
-4.444287008464032240e+00
-2.262975837359353815e+00
5.030793620082589790e-01
-1.591554957627033584e+00
-1.022171588365963668e+00
-1.028924814963256829e+00
1.249044056160154348e+00
-1.546301466877864295e+00
-3.126748713843574556e-02
9.953766746987063874e-01
1.708281665511652836e+00
6.787599143677242042e-01
-1.516790973094838679e-01
8.138020024911875039e-01
3.507144705068267476e-01
1.515016257876256600e-01
2.101969449914469656e+00
1.790678769532835002e+00
1.622492514850593981e+00
1.168377563429638055e+00
9.338207240883660276e-01
8.534960949296449551e-02
-1.389221055833258944e+00
-6.295636555570445214e-01
-5.598079117746661559e-01
-1.741177038949573763e+00
-3.138500373567252311e-01
-1.319862940885677460e+00
-2.508605860185373904e-01
9.594747386632251906e-02
1.858909712809603265e+00
1.609615630579109391e+00
1.103873012027151379e+00
7.702375104772698489e-01
2.416708310112588576e-01
-5.508375381173243879e-01
1.414856708340320068e+00
-1.391010062742506381e+00
-1.879270476571718307e+00
-9.450874989355538824e-01
-2.270241057335520729e+00
-8.912395152487107008e-01
1.444920939220471490e-01
6.424531491904251768e-01
1.104425595845552888e+00
-1.964472571457248629e+00
-7.705692535252468556e-01
-1.226336110619959507e+00
-1.814076837800578934e+00
-1.107746918583232709e+00
2.836199609650351672e-01
-9.681813373877742324e-01
2.228487308419345503e+00
1.397920261601856007e+00
1.186008961712917475e+00
9.876140565610093125e-01
1.705961335248049826e+00
9.206033680059249047e-01
-5.184620729604163536e-01
-1.799707196012143129e+00
-1.035989989955636847e+00
-2.722334142361745535e+00
-3.486021524086238443e+00
-2.820923500267711326e+00
-1.986317853412542744e+00
3.410679936422464920e-01
-8.886203183789997961e-01
-1.564479526911767948e+00
1.435631362903680097e+00
1.566168592347461086e+00
7.535035730411466792e-01
1.592682328114406687e+00
4.931288459629842302e-01
-7.395377676493849473e-01
-8.876168465112120876e-01
-1.555165056153216652e+00
-7.788912743634975877e-01
1.937915076171564666e-01
-8.893751970527919992e-01
2.790951535853714582e-01
-5.104564989840222611e-03
-7.169679307542354829e-01
7.994468737243954903e-01
-1.689502044343602627e+00
-5.210516166689957984e-01
-6.007132642435177861e-01
-2.387528313712710570e+00
-2.166979131943036041e+00
8.842129983525987003e-02
-7.208511561166222048e-01
-3.040385205781429567e-01
1.611468662254472051e+00
1.621772571694449550e+00
3.055535749238869059e+00
-1.489603909908905344e-01
3.236474682474725029e+00
6.814055967783096135e-02
-9.969377695800065720e-01
-8.438879015948226314e-01
-1.818541919822955322e+00
-1.459064772336163607e+00
-2.383983044682086216e+00
-3.882175460718473303e-02
-2.351301494030251238e-01
1.377227860925218872e+00
-8.478072602795405643e-02
1.555161254868833387e+00
1.407569012143563780e+00
-1.328057416849514061e-01
-2.268060463595699128e-01
6.284173556426990714e-01
-2.101758342744087238e-01
-6.092540225256080078e-01
2.020597397939797091e+00
1.953335037351292769e+00
4.808671420660832752e-01
7.257958033050053714e-01
5.884131657110034386e-01
3.827480176518454624e-01
-6.687165486347411703e-01
1.439610166132308855e+00
1.146884237415861651e+00
3.897456135315293668e-01
-2.027360024807352445e+00
-3.155357497210853346e-02
1.503505210608934384e+00
-1.299679953252794062e+00
9.024343551568221322e-01
2.635674251894726261e-01
3.798814407042217400e+00
1.174106511146266740e+00
2.215509541240261893e+00
2.165416944979813962e+00
7.457905944344145333e-01
-5.813373034679084617e-01
-1.663687673697251901e+00
-2.066967666971261330e+00
-2.251542548720182335e+00
-1.308742667216318267e+00
-1.839727889054197929e+00
1.615263484880241629e-01
-2.480785809388895147e-01
5.597850728294778699e-02
1.117312970371249214e+00
5.783226279268350867e-01
2.502658002106902813e-01
2.965178063424020571e+00
3.585666192232450644e-01
2.586114733145474798e-01
4.768989327661097288e-01
-3.831211937027237946e-01
-2.462675959662824487e-01
-2.731329016390371400e-02
-1.912561392810377736e+00
8.625071246300907157e-01
2.338012631954871523e+00
-1.231316687973900148e-01
2.166142567008919051e-02
-6.251077774946427468e-01
-8.497744632265323839e-01
-1.735566362181054423e+00
-1.099510890806817409e+00
-2.697401249481756746e+00
-1.060875992073701646e+00
9.358539453180426682e-01
3.440919989390152089e-01
1.171019165064826728e+00
-2.462707250517026658e-02
9.972588937863337000e-01
9.546470455995581528e-01
3.300937917252952936e-01
6.479932194597071149e-01
-1.040030984472206876e+00
-1.429506701009154890e+00
-2.489283843482358094e+00
-1.440823543852034261e+00
-4.707020712125946638e-01
1.574876685728267223e+00
-1.267705728799067844e-01
1.324865016559752251e-01
1.175222360406311006e+00
-6.058594131467254229e-02
2.138759104190376625e+00
-5.564225441170952413e-01
1.026203839862027123e-01
6.793496198778548045e-02
-1.298971343450973759e+00
-2.334027811485931692e-01
6.038625548299072499e-01
1.224454040285308576e+00
1.352135965023147035e+00
8.688159387815430623e-01
5.072505027542648648e-01
2.784889905675877575e+00
-4.421368210631514417e-01
-1.822213093483054935e+00
-1.938041388855168634e+00
-1.676762173540562006e+00
-2.006969808066618288e+00
-1.442531822030056921e+00
-1.841005869582393206e+00
5.746435554646251997e-01
-5.975187572336971842e-01
-4.161990809213998999e-01
7.684254347086988401e-01
5.381226354874762308e+00
6.127102526585981312e-01
3.764454913150946380e-01
-5.052476557665576129e-01
3.157392227894734171e-02
8.133500134503303114e-01
-9.878641342347274090e-01
-7.947732787389574227e-01
-1.558987354221210930e+00
-1.397205267561780762e-01
-9.706711380718767435e-02
-9.606658106485385651e-02
2.145611421750116765e+00
4.960665730132501894e-02
-2.346700693318420350e-01
-1.258624908732974168e+00
5.570928087681215057e-01
-5.168255705146767021e-01
1.573093339387742207e-01
2.869441105431069783e-01
3.684696580285993367e-02
1.047865645843090832e+00
1.140255291212071365e+00
7.522482780878280151e-01
1.865192079015443039e+00
2.167769429930765046e+00
1.879485876348817586e+00
-7.870571815151752304e-01
1.140614462953748465e+00
-1.775182871019310271e+00
-2.147342981474450685e+00
8.267895209405073942e-02
-1.568384326336145440e+00
1.276445063505892596e+00
-2.381503025462510248e+00
1.764916646118098731e-01
-1.700387199952761774e+00
3.429054016028798557e+00
-3.128982345506128304e-01
2.489069791273732513e-01
8.406181949963514866e-01
1.436003834151730940e+00
1.352450306636489685e+00
9.038953952835276917e-02
3.776772112561017636e-01
-8.753373979916135861e-01
2.146592638872629188e-01
2.173085046246889807e+00
3.287769562102287324e-01
-4.657106449940627835e-01
-3.107191179015788007e-01
-4.099345888551590988e-01
2.744658359740405063e-01
-8.925461888450434422e-01
-8.699114780560002202e-02
-8.697445248105852844e-01
-1.012752498863231487e+00
-1.520042304366563957e-01
5.692868143932783287e-01
-8.765817441501990714e-01
2.676039201772360432e+00
6.646244725146066568e-01
1.352192218203251972e+00
2.528374828078453707e+00
1.895556686094842735e+00
4.289679750974488281e-01
7.940700820106882940e-01
-2.177338706438373350e+00
-9.965022372533985928e-01
-1.533671852835356120e+00
-1.799218119811383687e+00
-2.133023795420026403e+00
2.072638172418660218e+00
-1.654754469297680872e-02
2.618569530580602822e-01
6.432695118577138604e-01
8.947205047245343490e-01
5.729005823263082497e-01
2.878259997287527572e+00
1.920157887318429513e+00
9.729532289223541408e-01
-4.525881072462797916e-01
-2.243986528998333507e-01
4.661011414364282790e-01
8.332640616610339501e-01
2.360146754338494191e+00
2.589531070019782444e+00
-1.413487502488877112e+00
-6.432143670497819654e-01
4.580910223275433957e-01
-4.178683940408283171e-01
-1.115119329016268868e+00
-1.569297621704962786e+00
-1.140343521844402908e+00
-4.203665291163581896e-01
1.252914921338351029e+00
1.027809163443218043e+00
-5.828135908800446963e-02
4.965877113445873459e-01
1.730512321500061290e+00
1.684015718302922293e+00
1.891908159773516784e+00
2.243867451446096339e+00
-3.554330511535345183e-01
-5.222905474991722530e-01
-9.765531506048719113e-01
-8.404706430166719588e-01
-1.123625815409995177e+00
6.862356887390428373e-01
-1.218881602464348068e+00
-1.450717214509843700e+00
-9.557136491807769474e-01
-6.084301257404000074e-01
-1.645717672308616208e+00
3.340532016666186710e-01
-7.713491756122538012e-01
-4.297648803407944085e-01
5.521664789088637226e-01
-1.327637149890596557e+00
5.921821918876015722e-01
1.141910027076501688e+00
6.755417759039175074e-01
1.513221233801798293e+00
1.915236163084196752e+00
9.598017054967676875e-01
-3.782564097133931380e-01
4.818573505195034024e-01
-2.316031251773223776e+00
-8.385129174051930701e-01
-2.223797579379148903e+00
-2.008822050927487002e+00
-2.730887083614002897e+00
-8.165824953817648613e-01
-7.327200873947639082e-01
1.605055363292329229e-02
1.102834553875839729e+00
2.430831622267056513e+00
-7.576698646160782147e-01
9.407617423657789191e-01
2.932270201601784088e+00
4.914177208001082597e-01
1.670627026462627174e-01
-5.284864709312886433e-01
-1.047407187866170375e+00
-1.050531286926429164e+00
-8.237652002923459005e-01
-1.753542816918388869e+00
-4.044674159371861033e-01
-7.189703562715060725e-01
1.658708641653199312e+00
-8.802472616028749197e-01
-1.187399607021866199e+00
-1.172381386291448724e+00
-1.495637768166782955e+00
-1.860232419384189040e+00
1.300667897294659481e-01
1.354507708327205684e+00
2.060248405031666064e+00
1.717704694039029256e+00
1.816323794929765700e+00
1.555504969402920601e+00
2.529334976665679413e+00
5.884914448284754851e-01
2.500472237564739686e+00
5.281364358585309837e-01
-1.574008343928879228e+00
-1.685289953774582905e+00
-1.630540664938388895e+00
-1.600978251687091181e+00
-1.845174469859607758e+00
-9.349173125701473186e-01
-1.153545383679465353e+00
-1.157852872583535753e+00
3.586494142882069580e-01
9.155166115196123888e-01
1.648741145194557056e+00
1.360816813545562942e+00
1.815304772096138830e+00
1.562474201506481197e+00
1.643606825574978281e+00
-7.891366947917798358e-01
-4.555101993459297061e-02
9.091241607414062287e-01
9.899782358014515282e-02
6.446433248494116697e-01
-3.204105686313563073e-01
8.347092277712103714e-03
1.793833606036219219e-01
1.051517397764811790e-01
-7.479117931138336006e-01
-6.436830025686911538e-01
-2.850460598345420316e+00
-1.794446710929349154e+00
-1.382193230417957608e+00
-4.176538712070500536e-01
8.436820084514089491e-01
1.761195842918054755e+00
3.502213856115740320e+00
1.953286949434681175e+00
3.449194130778458156e+00
3.038405192714490610e+00
1.570255036727059128e+00
1.757070870705191579e-01
6.915723948245836583e-01
-1.058791887959362743e+00
-2.514415040124188039e+00
-2.417249516011973576e+00
6.629643988592686110e-01
-2.154724880807143972e+00
5.486044733903859827e-01
1.606899581685489409e+00
-1.041964744998984393e-01
1.362546553769062196e+00
1.079582852941338267e+00
6.854450111604903917e-03
-4.145580449503438736e-02
7.520356078980225401e-02
-2.264111400851986228e-02
-2.177933027409129640e-01
9.329852677480198198e-01
1.447737528737202295e+00
5.674883596284644449e-01
2.156713104488838795e-01
1.673922466419838218e-01
1.121995630748272355e+00
-2.137501903464065212e+00
2.081325339353379711e+00
-3.497520843239547150e-01
-7.613289771851547982e-01
1.876181181320036639e+00
2.349171851972425618e+00
-4.628935514159517872e-01
7.923857611783968746e-02
4.026426619336750390e-01
-6.291931499238172243e-02
-1.855305998234578091e+00
-2.905091050851175694e-01
3.713663465937132369e+00
1.811313879074004374e-01
-6.724956047876211596e-01
2.965167155010490774e-01
-8.849116516075449246e-01
-3.191396402143075739e-01
-2.240804675390792589e-01
-1.584366631817205606e+00
3.220389952786063326e+00
-1.615126936256157331e+00
-4.012769099147454888e-02
-1.672507807186908835e+00
-3.546229225635501026e-01
-5.989982473100603499e-01
-1.657116793214985062e+00
-2.141014264961834890e+00
2.415675337823082192e-01
-6.156562542223463774e-01
8.261031785168996278e-01
5.890627012852095445e-02
-2.328039606394704253e-01
-1.887049907940288263e+00
1.296609514511605887e+00
6.710373365744673468e-02
-6.877236123856941274e-01
1.249990573315571840e+00
-6.582504707816386746e-01
-1.423099744931849209e+00
-1.862987840194041178e+00
-1.440811709502896720e+00
-2.726032993603526577e-01
4.418029775314235019e-01
3.063565537662721328e-01
2.117149111748606594e-01
3.577859119540109933e-01
1.587881415994760737e+00
8.252144951566245945e-01
1.245309702492763265e-01
2.182430309323956652e-01
6.166451157670133076e-01
-4.041318986031553623e-02
-1.095206846508967047e+00
7.055438213254306978e-01
2.011683622953521766e+00
1.377651346319133774e+00
-1.709719978326085910e+00
-4.095472861741185633e-01
5.802481546130956458e-01
5.226798526148604962e-01
-4.062714170441182882e-01
-5.411333206474301383e-01
3.540182061930090274e-02
-2.185356435650455342e+00
3.634430715559667235e-01
6.755108949445868260e-01
-5.416779968086667951e-01
-1.630750709577163948e-01
-5.540586571653428605e-01
-2.974194534829792680e-01
-1.460643801227802019e+00
-5.352476221356751163e-01
9.561391344903887035e-02
8.856075456781263844e-01
-2.647798792874556106e-01
2.365925287728541659e-01
-1.740801831172912317e-01
-4.519939069293703315e-02
-2.001029365645944580e+00
-1.473890854008731210e+00
-6.857874488858657358e-01
1.298467191885003258e+00
-6.005626688556896520e-01
1.909598842747417813e-01
5.687586560417532411e-01
-1.870607078469477269e-01
1.394773782412620511e+00
2.142132092008536493e+00
-6.000643560226797124e-01
8.375519433790682422e-01
-1.164282613389652499e-01
1.274365458627640502e+00
-1.372091021330646754e+00
1.338356773081629258e+00
1.171264120835737499e+00
-1.683839249189923670e+00
5.597778247800010432e-01
-9.870110306022914504e-01
1.078561156456435244e+00
-5.440499638175139152e-01
4.818603639333745581e-01
6.600503074410886128e-01
-1.455786813555772996e+00
-7.827189175452654579e-01
-3.110881980948607684e-01
-6.367765955255041410e-01
-1.384226430555524301e+00
-6.217225247847185665e-01
1.199248624456498817e-02
1.531982843072506650e+00
-1.318210662867973282e+00
-6.840362455175349465e-01
8.327995280559363778e-01
-1.710907069982514406e+00
5.261450191739814874e-01
-6.244039986808216369e-01
-5.006156820307872124e-02
5.839195603512212784e-01
1.546551127467139797e-01
-2.165919689853636587e+00
6.082173996947847217e-01
-2.315232538966465470e-01
-2.550305812454611409e+00
7.825064827402798684e-03
-4.323911499416925874e-01
7.289025149995785879e-01
-1.271956555369287534e+00
1.855162566485102582e+00
6.074311117104076452e-01
1.632678460357021910e+00
9.778731000161630105e-01
7.546959691750125820e-01
1.419479436431331232e+00
2.007804891513350898e-01
-1.565041726852724191e-02
1.185957527481008356e+00
2.652510623893265529e-01
2.014285360167069328e-01
-7.021552316458821164e-01
-6.988491961957687959e-01
-1.546633196730629267e+00
4.445500591494408460e-01
-4.504962650787080469e-01
6.842095802170837793e-01
5.764016738985831001e-01
1.155744383916529561e+00
6.015190112442524439e-01
-1.044690621143160580e-01
9.380113122198693865e-02
-7.276699408076026110e-01
1.581808699874327262e+00
6.226818633197667152e-01
-7.048492502542105242e-01
5.274862280681886784e-01
1.275491568516307593e-02
8.386484104744394985e-01
-1.321113519358260158e-01
-8.088415840055326322e-01
5.837987695538673361e-01
-4.728675183861842379e-01
-2.307736234679441112e-01
-2.955508598015488264e+00
4.427025686410105410e-01
5.100934881805950782e-01
-4.812694652707354831e-02
1.391096287546723431e+00
2.073654825657745615e+00
2.827213298612999415e-01
-5.015907313238099352e-01
-1.090915938209585212e+00
7.101523165350821787e-02
3.318533574292898414e-01
-4.656842827065385548e-01
7.069226103743668499e-02
-1.653044032289370913e+00
-3.599614024589202765e-01
1.154273871066455515e+00
-9.310866236645849447e-01
-3.068972210464642192e-01
-7.772433801281878329e-01
1.063586233234234957e+00
5.019845586905370000e-02
-2.289664419794806172e+00
-7.711557774294780510e-02
-9.359625989226862952e-01
7.860891769566443754e-01
-9.390826763070062588e-01
-5.777038652849539879e-01
9.706203312939156724e-01
1.134092225623573036e-02
5.224292559626224630e-01
-1.466348283857773771e-01
-1.923200130832513621e-01
1.163334961346401464e+00
4.672205753772694647e-01
-5.515820969082987357e-01
-2.050467171469303018e+00
1.523864692729208326e+00
-1.443544567679315160e-01
2.168453453670998066e+00
2.224881519716012668e-02
-1.567766496546017185e+00
7.554831793496109560e-01
9.372230808132635538e-01
-8.862706693788265089e-02
-2.308532535918712547e-01
2.231484657620978140e+00
4.467645579970358494e-01
6.863053988993209620e-01
3.726607490041494719e-01
1.163860949137865086e+00
-9.581497060406637400e-01
8.859341960459725662e-01
-2.523565328933493127e-02
-5.103525748507722337e-01
1.623077487788846529e-01
1.206679485663599616e+00
-2.476424847591772949e+00
-9.842222727075176092e-01
-1.727532097682352275e+00
-8.741662978856525879e-01
-1.754237584187733345e+00
8.589291812124209835e-02
4.205195600437794945e-01
-7.127389034360674946e-01
5.109174313730583394e-01
-1.663918243881535308e-01
-2.472311503493510310e-01
-1.241281610710957883e+00
3.912215201407543974e-01
-7.924177783992124580e-01
1.061286874600411378e+00
8.855404988169222891e-02
2.653974006591705015e-01
7.379696815967935475e-01
-3.413492145440849557e-01
1.542134585990135198e+00
3.950135208855450886e-01
6.039620529152212036e-01
6.537383076052567799e-02
-8.460380364724644220e-02
5.470305814938090927e-02
1.639932384118034936e-01
-1.788711315020079518e+00
-1.574791776471675120e-01
5.306255986793568802e-01
-1.046996782524654557e-01
3.942605864507457425e-01
-1.821948961299652003e-01
1.408272158679070518e+00
1.849488023114129520e+00
-6.631404754193347406e-01
9.374516324738961792e-01
2.332662848152111112e-01
2.105711017155035558e-01
-4.611416137114762170e-01
-1.462517604392931381e-01
-9.157392588276399570e-01
-7.737828601534953998e-01
1.540175632006161699e+00
-9.108594743455432630e-01
-2.842205584434940313e-01
-1.252871986832256868e+00
-3.604522537659761716e-01
-1.543753705280972888e+00
9.877161218442120916e-01
1.559452313755270492e+00
1.331134722635520795e+00
-3.484903392279403156e-01
1.493244211425921675e+00
-8.431547888433182925e-01
4.262494572249048153e-01
6.503622376002737848e-01
-4.058138679374361790e-01
3.669876345088204928e-01
-9.849395478695467665e-02
-6.690324303432039210e-01
1.102605155842924622e+00
-1.856737561125845204e-01
-4.938468370462297807e-01
1.023880512627008521e+00
4.180288115572268759e-01
5.461044785777366961e-01
-1.052851374856656363e+00
4.018495088531635617e-01
-1.484918380187806086e+00
-9.148893357902022627e-01
1.916752894616499114e-01
2.958981676766106461e-01
-4.304486952882815576e-01
4.251933631745845044e-01
-2.273838897580386931e+00
-2.324373368270288509e+00
1.071673692637271857e+00
-7.913263170467602636e-01
3.467932088194287665e-01
1.139129047933338468e+00
-1.295287617544780764e-02
-7.160052168982220522e-01
-7.080472697154531758e-01
-2.792629882210748704e-01
-2.372137732502270779e-01
6.742143832743744403e-01
-8.855526780283450028e-02
-5.743552787340442389e-01
1.213682329216317024e+00
-1.665480094537200806e+00
-1.101358470488936314e+00
-2.106626712803085222e-01
7.680901671367543759e-01
-3.843898928313541075e-02
7.673691017989106022e-01
-9.653461823200192304e-01
1.659023847375398875e+00
1.062581040138003363e+00
-9.727606188588290292e-01
-5.977862163114444627e-01
-6.212900363597192444e-01
-7.984379392005657161e-01
2.860682000735921826e-01
6.692771446370711086e-01
-9.582778944925748332e-01
4.348233719285076737e-01
-3.141285052752966489e-02
1.146183091392524833e+00
2.318421462782556397e-01
-1.424634291150387311e-01
-1.141836960175828031e+00
2.462443624105932205e+00
5.735685682466603597e-01
3.604107277910200136e-01
-7.594348185849795208e-01
-4.729820510320495441e-01
-2.377305345083479682e-01
-6.828325801201354794e-01
-3.827606749990263846e-01
7.781619277587247252e-01
5.990231984895556527e-01
-8.358409114974251208e-01
1.866705167017520095e+00
7.460189697032211242e-01
-1.776075157396342474e+00
6.859887170784805255e-01
-1.265744631914826446e+00
-6.080858846268366591e-01
-5.527335563035912225e-01
6.368960458478750697e-01
9.748762602292345703e-01
1.088030347197035175e+00
-3.517098868217450880e-01
-1.579011468253184169e-01
1.850427103265133710e-01
-3.270598236617448529e-01
-1.431109229896601276e+00
1.784205568193611979e+00
4.107064255527535512e-01
-2.838785532559249258e+00
-6.384597080928450241e-01
6.781607370249771727e-02
7.815973474329270809e-01
2.392053644886896979e+00
-4.719161164599877667e-02
5.380646001863197414e-01
5.727100813406427182e-01
1.023518926853317530e-02
-1.466081316990613503e+00
-2.770986013956306393e-01
-4.409092166783932232e-01
-6.200680934172010383e-01
-1.518441782057584843e+00
6.688952063927233738e-02
3.606908363405987306e-01
-1.985850920562517441e+00
-1.161058440600470254e+00
3.864652192777505435e-02
-1.134960126467874808e+00
-1.029062672294248193e+00
-1.374046737208437285e+00
1.966041092786427469e-02
4.609428816788316285e-01
-5.873990649053680846e-01
1.852994455744585434e+00
2.038081945173847220e+00
-1.093603198119464937e+00
-9.354148638970541940e-01
6.139191050561237928e-01
4.657835541070785568e-01
3.521095341796809941e-01
-2.412572375574259520e-01
-1.164134928745500286e+00
1.544722367065233914e+00
-9.911819842680512638e-01
4.585939989698575303e-01
-3.169872311176360480e-01
2.813513908794674778e-01
1.352998056099776969e+00
-6.948063831559894155e-01
-4.374743350245300366e-01
3.524130603121873873e-01
-1.120366334899741911e+00
2.809824856326483822e-01
7.922899532043481408e-01
-1.224351591968309838e-01
9.776244454935125727e-01
6.383081018236393955e-01
-2.201845101802121007e+00
-1.140268689973092525e-01
-3.826900750662631245e-01
6.089438386202005171e-01
-1.004898876297740884e+00
4.642091042131918366e-02
1.575231143610006934e-01
1.293599500225562249e+00
9.101615591146858808e-01
-4.952934618473914807e-01
1.600403513062002903e+00
-7.857404507197298660e-01
-1.073503808342808619e-01
-6.755206816189363028e-01
-8.773869545941185288e-01
-2.584897046335051241e-01
2.386464562839624715e-01
-2.060281567452589557e-01
-5.960063966087271181e-01
4.669640959349316556e-01
-7.360899407910702630e-01
-1.547015425605761330e+00
-4.105218348726654143e-01
-1.363040810442885720e+00
1.623106122607999913e+00
8.664464121091604021e-01
-1.443359240694616519e+00
-1.228513399470249512e+00
7.477771777186456026e-01
-1.369552523122655074e+00
1.332834170810875740e+00
1.344233251365931858e+00
-1.172872861407875167e+00
-1.247192698880463801e+00
-5.910769593922924336e-01
-8.736256013153020916e-01
3.658959074172429826e-01
3.804086192803066147e-01
8.192914596506314373e-01
-3.363424369912249023e-01
-8.920299758008062296e-01
5.563467525862668683e-01
7.014757844127444963e-02
5.563218169886439135e-01
-7.437654189921770465e-02
3.509929882491766850e-01
1.009088795964823149e+00
1.112973951988962096e+00
-6.920725767822973884e-01
-9.176687591255494603e-01
1.409529520977398143e+00
2.681498769856214714e+00
-1.105199256155696474e+00
1.834166208763308603e+00
-7.964594264606274232e-02
-1.581301587455362867e+00
7.224454257343310148e-01
-1.497331873024587923e+00
1.027876924873756259e+00
-1.627879597555367930e+00
6.344991156244726982e-01
1.202559021995381894e+00
-3.712436020013833993e-01
-8.488583684188679701e-01
5.874434703021425008e-01
-1.107872906116702527e+00
-1.801566334500857847e-01
1.340512474964423439e-01
-7.771602845971322671e-01
7.822444186911541308e-01
-2.291087899521722981e+00
1.066660882433729807e+00
3.883826200672053641e-01
3.207992482808488255e-01
6.578670920287192914e-01
-1.079458245982107684e-01
-1.802270496386286336e+00
-1.046454146748450054e+00
3.258777972708795656e-01
-8.151965645696039597e-02
4.825132880541437852e-01
7.222524942007432225e-01
1.280332433772509937e+00
2.912998258991207901e-01
-9.314803428196732904e-02
2.573234978649684979e-01
5.169015322175155580e-01
1.599779362903572533e-01
-4.270873278250233440e-01
-5.376585244094510552e-01
-1.497200374275908796e+00
2.524895282492323201e-01
4.005058692155853972e-01
-5.920540906553274363e-01
1.097273419082071960e-01
-6.167388046130986012e-01
4.488047949151561800e-01
1.016628533911166254e+00
1.038994389954124298e+00
-1.113043446568969391e-01
9.133881357919590438e-02
1.538436638961574676e+00
-6.348627469515693011e-01
-1.373405397334740707e-01
-8.191956514134015599e-01
-8.972194708746394909e-01
7.734181764011510696e-01
1.918053055837977416e-02
1.510331023564411845e-01
-5.863448022166940082e-02
-4.632518508917539135e-01
-6.473339319818291471e-03
-3.938517103680788112e-01
8.231797153594216931e-01
9.842997687861770872e-02
-3.511947381496546838e-01
5.220935335006074984e-01
4.449700153573440398e-01
-8.542175632336406199e-01
1.091061913938411898e+00
1.774704021110689034e-01
5.657675733451709155e-01
-9.397584742731446283e-01
1.001476630278056668e+00
4.583044731421844209e-01
-6.215908249009348685e-01
1.520200337089901710e-01
-8.052536455906146307e-01
1.511078680760134241e-01
6.712513921699143626e-01
-1.183591090709522398e+00
-2.772467298655717505e-01
1.151064094278003935e+00
-2.479071270130345228e-01
-6.000530793427054643e-01
-1.058886272635928938e+00
-3.691936869387056619e-02
-1.272216055072262764e+00
1.976877378690966358e+00
6.581440974663489429e-01
6.610544239021386437e-01
-7.482614062853510939e-01
-2.216379013592791325e-01
1.696842818143506071e-01
-5.228523255608514414e-02
-5.632068506906210553e-02
3.127853520620116345e+00
7.055022126931032034e-02
-6.218879138659619832e-01
5.862811444702935582e-01
-2.387636014704443144e-01
1.281912704311365392e+00
9.852208909562602812e-02
-1.876120494179879694e+00
8.846101647092609321e-02
2.927932321976045027e-01
8.153960142455694005e-01
3.251245346243268886e-01
-8.359716940663504126e-01
4.158307249000067762e-01
-1.720199612671815745e-02
-4.081519850048705988e-01
5.230670157994263825e-01
1.596656235460764739e+00
3.387290553381167024e-01
-1.929883645618886145e-01
6.474841887543912877e-01
1.318307304099914479e+00
-4.968686717895103022e-02
1.124067285961125873e-01
-4.020561568510537809e-01
-4.806792071652112863e-01
-4.843308993706396115e-01
1.331681554562380354e+00
-2.568996331497285790e-01
2.313710472015002573e+00
1.246404122092813926e+00
1.243411406712609413e+00
-2.241817760828949402e-01
4.893018703174500383e-01
5.624955991628485252e-01
1.384274569050351955e+00
1.171910148658066531e+00
4.578114325910808691e-01
-1.405773507042296533e+00
5.182201247890925178e-01
1.988548212263226145e-01
6.563206872124172087e-01
9.404942647981282544e-01
-3.616275029014306974e-02
-1.318465083059633614e+00
-1.710900131587719253e-01
-6.120115764656957058e-01
-7.824603392773982202e-01
-1.388029061911006390e-01
1.791347787376963652e+00
6.582946616710936283e-01
2.065302053821973516e+00
-2.583762263485254174e-01
8.949246240591456347e-01
-3.882002281357268547e-01
1.069478017927528946e+00
-1.792336030620173548e-01
-5.100039181195323845e-01
1.799262807287207999e-01
9.768450509389869918e-01
1.121189677633632975e+00
1.238589810096428989e+00
-1.107247220506890617e+00
1.089016247742685017e+00
-3.901857153599073147e-01
-1.541327720949450253e+00
-3.306545298883665218e-01
-2.881658413273194164e+00
6.931816625999011050e-01
-6.092711465789328873e-01
3.981767201011293666e-01
9.403782842546065668e-01
1.321835836115913043e+00
2.961792755126016363e+00
1.364991344810918994e+00
-1.935655579492407963e-01
-1.377147670919404709e-01
1.221588657871855554e+00
-7.826070254404757787e-01
1.401131591296481016e+00
-1.730600826826258931e+00
2.205684544720405427e-01
3.592626532467424472e-02
-8.174637203687005194e-01
-3.194512556095610023e+00
-8.399474076811735967e-01
-1.427156549928612073e+00
-7.533269001276865495e-01
-5.638932860454992646e-01
1.588553064104610280e-01
-1.349495837436781365e+00
-7.695225298799353020e-01
7.580132889025112952e-01
2.362592682922960652e+00
6.973192188784715917e-01
1.213102358750347776e+00
-4.427121186548832465e-01
-3.417863217181207336e-01
-9.356140350600374855e-01
4.576066125741252710e-01
1.933738608076569720e+00
7.175039980635717907e-01
1.938288320907924689e+00
1.385839525254643489e-01
-1.722125634587284182e+00
-2.918506570763355068e-01
-2.945422002539777040e+00
-1.869199494014115004e+00
-1.646789306032114375e+00
-1.587963616201571559e+00
1.166022237740412359e+00
-6.853999523224307833e-01
8.971522711488624235e-01
1.480535341710683905e+00
-3.990942776525620572e-01
-5.068668074446467386e-01
-1.160061635846873607e+00
4.803760014000253986e-01
1.810941435517462728e-01
6.037622959774004983e-01
1.073151806130799857e+00
7.322936281362540933e-01
1.924336383411245244e+00
1.987975870486677010e+00
-6.724882314721192245e-01
-3.196598028729810803e+00
3.130297176578720197e-01
-1.464081461085554814e+00
-3.414134503050025859e+00
-2.589339997690238704e-01
-8.188001014896901797e-01
9.032608230603776933e-01
5.222734382010890686e-01
1.544072554052393187e+00
8.923856866349586525e-01
7.649598074318019192e-01
-1.880198829610592259e+00
-1.946469278328660346e+00
8.973371894530461912e-01
1.593065916818397376e+00
1.228190391490426192e+00
1.188487519416792093e+00
1.835724682331289603e+00
8.931985273472303755e-01
9.227115240001848573e-01
5.625342244912592271e-01
-3.472931695838876731e-01
-1.095358545995143373e+00
-1.030731315811192594e+00
7.475103926475608063e-01
-6.955803504306116158e-01
1.371540201981868989e-02
1.774186672960017308e+00
7.833736734652707590e-01
1.834808799450116101e+00
-2.024317000306011527e-01
-5.252675770479168227e-01
-8.620066993924795362e-01
2.012561170640461694e-01
5.140541921939403291e-01
4.885342842838399369e-01
7.303845252611089744e-01
3.079451164257618778e+00
1.063719124073004618e+00
1.502554458898391898e+00
-5.705423666534580329e-01
-1.524016263501083213e+00
-1.832664830206466977e+00
-1.686008330682698508e+00
-3.613277919896260570e+00
4.848577901585399141e-01
-8.766859951848264831e-01
1.712190268989233655e+00
5.576811417976986762e-01
1.841979174903626504e+00
1.784669636810018112e+00
-2.006248566050191862e+00
-9.521562761886070980e-02
-1.387479630100399319e+00
1.871479934014447011e+00
2.446531788648348971e-01
-6.540935097828404210e-02
1.649888740441677548e+00
2.017573625135630433e+00
2.392128342073069902e+00
-1.616090535486396806e+00
5.870633675101027960e-01
-1.030377001392916325e+00
-1.804563666266957966e+00
-5.258951755944338835e-01
-1.678777894283167704e+00
-9.722365978199720704e-02
-2.263032690375060552e-01
-2.023814962863423883e-02
-1.086062025701697076e+00
-5.013413136559001781e-01
-1.884502855869870430e+00
-2.229609997752455719e+00
-2.202087925336452479e+00
3.233337788809911295e-01
7.518561569926239530e-02
1.743165941346226155e+00
-1.257772185861194547e-01
2.702307091115140558e+00
2.443627265908201451e+00
1.704152797537171082e+00
-1.824852103344010379e+00
-7.933256345554126066e-01
-1.512935291308076025e+00
8.510711186618946655e-04
8.150891003076907726e-01
2.195418151010825603e-01
1.627795082656761982e+00
5.122519538656999938e-02
1.470915375686471460e+00
6.022090244507991574e-01
-8.883549952972249475e-01
-1.448191438147384602e+00
-1.852544660274720645e+00
-1.120972588252424407e+00
1.040427915668736270e-01
-1.380951345237150241e-01
2.057267688340783884e+00
-4.289688178247788031e-01
1.203466936055231695e+00
3.106209460683508894e+00
-7.353389460354664564e-02
-6.055746169805701351e-01
-2.492429215835689327e+00
1.460454109201783091e-01
-1.138537472834655784e+00
1.029158536939489554e+00
3.017493042466654063e-01
3.023375856498949910e-01
2.196446859969072740e+00
-2.235681892759032507e+00
-3.204122102316668386e+00
7.143939787880135839e-01
-2.008187618134641195e+00
-2.588679989530956238e+00
-1.654502755460153018e+00
-2.568377810380421677e-01
6.185764244879404794e-01
3.348352483330566010e+00
-5.944659866804715698e-01
1.388681881276802921e+00
6.001365779508447407e-01
1.562840045605554118e-01
1.163124807868475497e+00
2.823511590029318952e-01
-1.071433171881896129e+00
-1.853652051319732763e+00
2.726065757021158276e-01
1.570381936483391971e+00
1.096122506309378686e+00
1.332206622507852156e+00
-1.773866391259926178e-02
-4.236146048459805691e-01
-1.655233032387160685e+00
-4.417568227435220152e-01
-2.536222371872901782e+00
-1.090612577357333191e+00
-6.155701629877845527e-01
9.569657231808433862e-01
6.255298765953233309e-01
2.721647744212996933e+00
1.647553509204580546e+00
-1.047613497708864472e+00
-1.094458389183673885e+00
1.234678315638336743e+00
-1.679037714459536423e-01
2.610625972988086296e+00
4.917095118254717345e-01
3.173108743058108416e+00
-2.073200604661272761e-01
-8.773693318473827496e-01
-1.169265457090407523e+00
-1.066496631190132716e+00
-2.062890865497294612e+00
-6.898843188166774443e-01
-8.625738915112979299e-03
-3.418340727294511439e+00
3.937700599554883052e-01
-6.026147490320279410e-01
1.819139740675201233e+00
2.145687606849048024e+00
2.634443180502124005e+00
-1.677517559863573871e-01
1.155228296226801232e+00
2.118513392373129745e-01
-1.948995168712968962e+00
-1.957658041363685708e-01
1.707731665206191796e+00
3.357907040663967280e+00
9.616028877169642275e-01
1.069173632194947654e+00
-9.326505395594175685e-01
-4.894454597734071433e-01
-1.206692106240205842e+00
-2.366933423918567758e+00
-2.228256783092734672e+00
-1.713399361070462978e+00
-1.099217150036531088e+00
-1.091978567313391935e+00
2.718864392724371082e-01
6.683326465278166539e-01
-1.843223727924479527e-01
-1.101287936638340792e+00
1.995552900568772214e-01
-1.902650162746885032e+00
6.575301412319566330e-01
9.780466319791908392e-02
-4.864417188245964141e-01
3.411330755763669842e+00
1.942024529801760213e-01
3.592727491692211395e-01
1.699458896792657825e+00
1.426731171632619644e+00
-6.797535332682272946e-01
1.282452674915794288e+00
-8.753921571446768857e-01
-1.312039965723677870e+00
6.644264951106706452e-01
-5.400742300618072145e-01
-1.162436767843906260e+00
2.350364935895512986e+00
-9.799700528758920060e-02
6.026859088512961371e-01
-3.969999284312151211e-01
8.342747163197739013e-02
5.487482145171563852e-01
-9.120371647777800184e-02
1.070523089533038874e+00
3.023610404632668391e-01
3.358893061800808155e+00
2.218537829051641097e+00
1.461400650666780709e+00
1.315991807779531175e+00
-7.953510189688348664e-01
-1.761626023658279916e+00
-1.737153032886881610e+00
-6.223881779915093615e-01
-4.246867301467220912e-01
-1.779213347460084860e+00
-6.923701067062288939e-01
5.151266042699165215e-01
-1.901519938869044579e-01
-2.070455892315115065e-02
7.865355031882326209e-02
-1.108188396404332421e+00
-1.428765645948472329e+00
-4.144103624254932283e-01
4.324451580907959225e-01
5.868430402739386320e-01
2.065782408257823999e+00
2.396204710674255001e+00
2.699540028305103867e+00
2.652900628780445746e-01
1.019666315292053316e+00
-6.643871397165157511e-01
-1.021482971248650840e+00
-1.454244354864492106e+00
-1.435132455541360486e+00
2.018540929895334957e-01
3.115114483946894719e-01
-8.646257628153051211e-01
-9.978518900901522937e-02
-1.160816049272627992e-01
3.539093093185334826e-01
-1.618459804263946866e+00
-1.011036948056139639e+00
-2.304248644107037558e-01
4.685934955330669505e-01
2.342106258473171110e+00
9.048545318979109853e-01
2.647883159879049320e+00
2.672542836645237063e+00
3.878535607374693495e+00
-5.719436538884559162e-02
1.364423077510478421e+00
4.108319018957524715e-01
3.176980017126704858e-01
-1.235498847090374275e+00
-8.245362696502409605e-01
2.537246448848108349e-01
-2.226902179566577211e-01
-9.737995107506620673e-01
1.646992763884491673e-01
-6.225345400475956747e-01
-1.514132300520575791e+00
-1.525115127677874938e+00
-2.061309253587906731e+00
-1.061409981448590445e+00
5.261748218362511942e-01
-8.420503008290506353e-01
2.298271744290063090e+00
-3.139156566799132797e-01
2.853703579189454054e+00
7.409622864038567513e-03
-4.287807319226752956e-01
-1.170570492526918249e+00
-4.918058947809766934e-02
2.878714270050490298e-01
9.530559220693598510e-01
-2.234101876939217135e+00
1.993076842738359389e+00
1.638082015470683661e+00
-4.584465643860559381e-02
-1.222567063892386452e+00
-2.864153229201172879e-01
-2.272690516560243790e+00
-2.179537318490989417e+00
-1.623579665903591041e+00
-8.559409796431036721e-01
1.993827480581059852e+00
2.462861920518640835e-01
6.602201582415729852e-01
1.657586245730674479e+00
2.298943849903066106e+00
-3.844869299585186306e-01
3.180805485702445923e-01
9.333911346562580036e-01
-1.002710956420646227e+00
-4.240833695968085348e-01
-1.024987515149896389e+00
1.213749998091254501e+00
1.558983256118267269e+00
-6.234413955414616071e-01
-1.881662370804413786e+00
-5.934050089403666295e-01
-5.039708959066049321e-01
-2.524343146930169368e+00
-2.598062398055440703e+00
-7.345993564657327113e-01
5.633762320049675587e-01
1.413623494439256500e+00
6.109126485290873321e-01
2.019025564106362136e+00
1.693537803295043442e+00
1.589461358536850444e+00
4.611327725589416948e-01
-1.206155407940495916e+00
7.244597116058693054e-01
-1.431209322594132471e+00
5.468929223982716969e-01
1.473286847983354964e+00
5.292251088756572130e-02
-1.290105486333166240e+00
9.379549865686571675e-01
2.942820333410045563e-01
-7.106324281992084657e-01
-2.887408971744999775e+00
-3.279743574939820938e+00
-2.319539892982374507e+00
7.957518858596790423e-02
-5.085064915689494480e-01
-2.100874465333377739e-01
1.315361425741114587e+00
9.052899164534695675e-01
-4.300162028659677560e-01
6.860049346681162952e-01
8.449400465373725355e-01
5.363131585967623183e-01
7.307876705833198372e-01
2.882551160307427751e-01
8.806088036187595947e-01
-1.434760608390714065e+00
1.328805603497623666e+00
1.370272066724806947e-01
1.112389398565503118e-01
-5.351948689853360808e-01
-1.059875736492318588e+00
-2.038583853031763038e+00
-1.863235320339154510e+00
-2.787109616662024614e-01
-1.170921579665074930e+00
3.599151199459222905e-01
9.120561494766139532e-01
5.751970111224403714e-01
-2.404858396962306077e-02
4.025580857862065542e-01
1.120196118416097342e+00
-2.741196012601630760e-02
-8.157205659447674950e-01
3.007763540124197554e-02
7.067747050273620602e-01
2.576388157902728349e+00
8.804763598889749909e-01
2.166911223704337530e+00
-1.515305381914620053e-01
1.123877249107015364e-01
-2.073400568369510033e+00
-2.009434239379746856e+00
-9.125962039677955051e-01
-1.112725243884335136e+00
1.255578379789639154e-01
2.567867279512958678e-02
1.496902183717774282e-01
-4.988209640851013482e-01
4.447087433121664768e-01
3.402919796878269287e-01
-1.398343972288898507e-01
-8.127290329155034687e-01
-1.803659093861476492e+00
-3.670096684825847611e-01
1.952647546401888645e+00
1.268626368118925818e+00
1.772112490623903636e+00
1.831994230085302267e+00
-2.777860085271812718e-01
1.950426235854919033e-01
-1.469405689649103675e+00
-1.259636950908815667e+00
-2.102646917717284403e+00
-4.881832186438810339e-01
-7.793100754203508007e-02
-3.119714438009121515e+00
8.356112898149222756e-01
1.209572102730607668e+00
-1.545478704821359850e+00
-3.471892960250826943e-01
1.412174272363512895e+00
-1.147046962664069358e+00
-1.902233443385970668e+00
8.335366814106350830e-01
1.947388025362846165e+00
-2.704849501745367757e-01
2.897642765424854439e+00
3.308339018780319662e+00
-2.587610274820417722e-02
4.996140207684786616e-01
1.149135933902478479e+00
-4.626041715858133507e-01
-1.477961234973544036e+00
-2.047311097162369808e+00
-3.573562149981129865e-01
-2.154142213541345718e-01
-3.107302884551788047e-02
1.361103724615298494e-01
-1.194469992230799277e-01
-1.584422868002242080e-01
-3.758118928164474459e-01
-1.763956451881169674e+00
-1.422586459502396927e+00
4.345690406056161859e-01
2.325725759539143844e+00
1.277396119214251780e+00
1.947236568535239964e-01
3.016149713910802443e+00
3.171640415631678422e+00
1.843630850729524262e+00
-7.119426640225633429e-01
5.954859338398232893e-02
-7.199721787430412023e-01
-1.359815103822392457e+00
1.503844251208490412e-01
-3.487081249345696521e-01
-1.430313565051490043e-01
1.353038873708336087e+00
-3.023462478321021774e-01
-1.439708516608886324e+00
-2.764459402593718584e-01
-4.524308994567874942e-01
-3.676842792052162245e+00
-1.973680470214502103e+00
-4.123604994322635497e-01
1.329503130581597858e+00
2.322465378892473176e+00
1.748042638605303400e+00
3.969243251906579673e+00
1.640614488615380173e+00
2.441503290834680096e-01
9.934339562068402740e-01
-2.614450651360526123e+00
1.850401780352932013e+00
-1.139307543426453240e+00
-8.306513637461694355e-01
-5.437853777427912316e-01
7.383470788303092558e-01
2.785922035041246136e-01
-5.857084271880332871e-01
-8.071898521425343587e-01
-2.240703045754019129e+00
-1.897413783508100638e+00
-1.446963486033641999e+00
5.559951485263958659e-01
5.632298000356422696e-01
2.685623532882690956e+00
1.106806570218270558e+00
-2.886241366753123927e-01
2.048337587726554609e+00
2.337576562428934412e+00
1.411615921969627818e-01
4.697963658739988668e-01
3.918047307241362409e-02
-6.735429644103305691e-01
-5.030089370857706577e-01
5.500562542589739756e-01
-7.958560461256832808e-01
3.968634276563662300e-01
-3.485395194717824663e-01
-1.912485001905477766e+00
-1.623442732747840900e+00
-1.597724514972787890e+00
-2.114330517391275421e+00
-1.358588154655514302e+00
-1.227700921876740514e+00
-8.234582003675969819e-01
1.032632184428550426e+00
2.706402709250809835e+00
2.221030075045769880e+00
2.393588121458364526e+00
1.056599519497264383e+00
6.644005889471866766e-01
7.760411240131882549e-01
-1.737443146639597646e+00
4.065066885008108422e-01
3.782177317493204960e-01
6.992522120533903873e-01
3.705320911047394361e+00
-4.910198081341034526e-01
-1.149750155376980443e+00
-5.901468690646289872e-01
-8.623344967837534014e-01
-1.176560626180521485e+00
-1.887855341247620222e+00
-3.001355719684538403e+00
-9.004056013817417492e-01
4.134265282215904280e-01
1.195513586320006372e+00
-2.187173300299729561e-01
5.577345644318293383e-01
1.611959781766067357e+00
-9.979307124831851006e-01
-1.662725443583512597e-01
8.088435566657589115e-01
1.668966675919541398e+00
4.847148397788291208e-01
5.317936995326518756e-01
4.386761290964941162e-01
8.389782329768040725e-01
2.053835307568357971e-02
-4.728352227091199289e-01
-1.983971136452920447e+00
-1.154849872107237108e+00
-1.613547364897852443e+00
-1.926133057419005867e+00
-1.519574662078266858e+00
4.938506224562694280e-02
-9.814542475092918883e-02
3.431773445725407323e-01
2.589963876357552763e+00
7.384656299478177255e-01
4.234642089475418314e-02
2.066265020653981210e+00
-8.191311956408475758e-01
1.345143043405909455e-01
8.225220229110234982e-01
1.423304855609630604e+00
1.015599933756385465e+00
-1.298572888464217812e-01
-5.972217696839288159e-02
-4.745204445680528682e-01
-7.975506293077070374e-01
8.252193650981676232e-01
-2.417571482670884286e+00
-2.036576048847838383e+00
-2.426078212128242484e+00
-4.452123997605248462e-01
-1.691900737677282329e+00
5.553596700185570167e-01
1.682188651523774503e+00
-8.369266972737698929e-01
-1.027682025892648010e+00
8.648735175462863856e-01
8.620393701673755293e-01
6.647612088376699813e-01
1.022607706656450732e+00
4.907654002193728715e-01
1.667039249118012156e+00
2.353636240789934053e+00
-6.069277510487514071e-02
2.000975795246288103e-01
-1.110719990650842259e+00
-2.844509994074249981e+00
-1.516497406456627006e+00
-5.107041768453577379e-01
-2.953564420455485617e-01
-3.857185944714861536e-01
9.212023976398900915e-01
-5.432464395680239311e-02
1.458655755185719549e+00
2.873832576265080707e-01
8.286921925771811859e-01
-2.395084858538129247e+00
-5.181674160163196596e-01
5.484453612848712023e-01
1.675206638097516576e+00
-1.963259496254943226e-02
1.793830325506467593e+00
1.329410313755187145e+00
4.241561246129248453e+00
9.927508019611439583e-01
1.629742378511389589e+00
-1.572738884304067941e+00
-8.305858042804470376e-01
-1.686741846267383771e+00
-1.095566122145766430e+00
-9.958930413004993820e-01
-1.092465029082045014e+00
1.505877117564516476e+00
4.887929717663515583e-01
-1.174040930528881393e-01
1.631100516622621788e+00
-1.326247369820442223e+00
-1.095121222613133938e+00
-7.713223428717024266e-01
1.086555998364976183e+00
-1.307146545324591180e-01
2.224806248977719392e+00
1.986532784856025913e+00
1.616845907333429588e+00
1.056133085407667149e+00
9.013412544814003446e-01
1.151663389137958404e+00
-2.873402863801314266e-01
1.588505579812859336e+00
-8.977647150212924032e-01
7.529888923389442823e-01
-1.061722819779016502e+00
1.911797941593829098e+00
-8.951592061450553972e-01
-1.165656015613397267e+00
-5.123844637524902490e-01
1.103656061228895507e-01
-5.318266830838731807e-02
-9.737388682366120429e-01
-2.271625320086939903e-01
-1.030648559230709749e+00
2.270783955640157670e-01
-5.241109439160345218e-01
-5.647189982162471589e-01
-1.343313702216052841e+00
-3.849913729696905484e-01
-4.594634408724098673e-01
-3.589852243438728663e-01
6.206505918687149626e-01
7.899975218175925296e-01
-4.566009323074050608e-01
-3.715143309826443585e-01
-7.741446803006776234e-01
-3.213537303789604921e-02
8.338733498968831093e-01
-2.736419131707266139e-01
9.185266607305989650e-01
8.914750395564019492e-01
-1.485113435262453985e+00
-1.924579818722793878e-01
-7.480419741088862873e-01
-1.927984482351118078e+00
6.071154807648877494e-01
-3.280509052440170881e-01
-4.886592985460053162e-01
1.471077434964003505e-01
-5.291611430129010696e-01
-2.075058286670744545e-02
4.135148778685682758e-01
-4.505130345727234031e-01
-1.290246790757596518e+00
-6.158837736085396308e-01
-5.396278340519825578e-01
1.977508804712302393e-01
-1.579510809658352111e+00
1.705727629103675147e+00
1.629107663394084193e+00
-1.811302219874504793e+00
-6.650097705008263249e-01
-2.352144836467493505e+00
7.770318297115116346e-01
3.640040437817472219e-01
3.300368691650931163e-01
1.033497441796383809e+00
-8.535198882838821444e-01
8.122329496218971823e-01
3.537996466378438010e-01
2.444840783228890313e+00
-3.462026390509429646e-02
-4.739650710012372481e-01
8.922333932801872203e-02
-5.319904506157014934e-01
-9.107049855587413534e-01
-6.779635662487469849e-01
1.199875244443208977e-01
8.030375017852466879e-01
1.540818848011279718e-01
5.038382222399583332e-01
-4.871585992674202781e-01
-2.759345577017568996e-01
-1.341106041147527517e+00
4.456002124442230428e-01
-4.669399255092985812e-01
1.788470977865585787e-01
1.214856386319518866e-01
-3.286542844412638775e-01
-2.543526458797905399e+00
1.163573370483947933e+00
-1.626797180464177317e-01
4.926670891274652075e-01
-1.974756469712075080e-01
4.641538960663015856e-01
-5.949663762876626905e-01
-7.334411265651574752e-01
9.590398256960039891e-01
-1.791280395088901134e+00
1.344697233735377306e+00
4.592786512817399469e-01
-6.655014262237595180e-01
-1.057062533959972628e+00
-4.639871239978774486e-01
-1.143451229374819744e-01
-1.660154988141575361e+00
3.945885488164276311e-01
6.690793087220797686e-02
1.996527158652973810e+00
-1.584098754107332863e-01
-1.628917537284501948e+00
1.495468229117817183e+00
6.725359323561640457e-01
6.801298266484023802e-01
3.587031113545722238e-01
-5.031398245693861071e-01
-2.560996116464754557e+00
6.020712355497026547e-01
-2.343324706727927531e-01
-6.791058640709252137e-01
-1.769970431947894163e+00
-1.536319585731265036e+00
1.905062887180863918e-01
1.483267500866457755e+00
-1.119138636375605733e+00
-6.076456704506345563e-01
-4.762663804910144405e-01
-7.814199255024378843e-01
-9.366008980925464300e-01
-1.134820818003164700e+00
-1.751253343401002027e+00
-1.297673030656060211e-01
7.315144838243887726e-01
-5.965127161472117967e-01
9.248229330605394205e-01
-1.550663919768145771e+00
1.559603907929333566e+00
5.900040381184324945e-01
2.478977424187446932e+00
2.829987241133684051e-01
-4.757948033882054562e-01
6.866199862377019292e-01
4.185249428362085994e-02
-3.637943921700076966e-01
-1.508838746119305574e+00
-2.956078810619972019e-01
9.465360352268463728e-01
3.484303619987278444e-01
3.594050706617143986e-01
-4.650399708056985881e-01
4.931237691274766854e-01
8.284878742868705404e-01
9.529380102480178305e-02
-2.273150462790240578e+00
-7.680431633971835925e-01
-2.595591415766975163e-01
6.553296449613660313e-01
2.509698980412644262e-02
-8.291544512855995031e-01
-1.520514712563653559e+00
2.091534190651546332e+00
-1.282043595747893450e-01
1.274962156495969445e+00
-8.827646396408169727e-01
-8.872569176088358489e-01
-1.433880503425147168e+00
-8.927664724929885720e-01
9.934974565750222253e-02
4.032948391692547374e-01
2.135930498358122875e+00
-8.089352638673396045e-01
-5.419191138203904856e-01
1.553202301421541476e+00
4.518084255322222798e-01
-7.841398134384209850e-01
6.244619244930732505e-01
-2.939326766779564240e-02
1.162266570317158854e+00
-3.794891890645091803e-01
-4.967904670124630995e-01
1.234687187695346244e+00
-6.343112154586866280e-01
-1.124720804722033618e+00
-1.005694429310986404e+00
-1.632825417494402576e+00
5.330094024047113965e-01
-8.051807815892662035e-01
3.246556283790122954e-01
-4.051364742699024024e-01
-1.031667108975778735e+00
-5.138465903137054980e-01
7.977046134805100275e-01
5.288145046129676397e-01
7.754363983755730994e-01
-8.445373897718871925e-01
1.696641805590896890e-02
4.473730328253944233e-01
7.964806595616884533e-01
-3.108800028371375146e-01
-6.849129854263632522e-01
-5.028164274145204837e-01
1.680626034575720684e-01
6.872391972423118611e-01
1.626075191695120381e+00
-6.911842933916982901e-01
3.745314653243543845e-01
1.195252622427984024e+00
-2.894527439092051679e-01
-8.239451407571706243e-01
1.118744431224324432e+00
-3.038775404874906327e-02
-1.457581899416499960e+00
2.950788859949567411e-01
-2.365290227400833611e+00
-9.861541771140406309e-01
3.137626717570960455e-01
-1.327647090952487563e+00
-1.860590517989106352e-01
-7.210295464484106631e-01
-1.906510119019227401e-01
-8.597615462863464897e-01
-1.123829714130626822e+00
-1.499733832147823520e+00
-1.546243453761079745e-01
-1.475369320724933819e-01
6.274597655453607592e-01
-5.857450619387967183e-01
3.510464518078160734e-01
6.691310208617807787e-01
-9.023609787796076365e-01
2.552792593630543450e-01
4.452267296867630508e-02
1.541772433474374315e-01
2.403342455607405004e+00
9.765878747223312173e-01
2.938649030744116056e-02
-5.778621099569082320e-01
-7.046430898174398383e-01
-2.101956083795022412e-01
-2.232754267092993683e-01
1.132431184320473516e+00
-8.419886570600401132e-01
-5.059854329072902002e-02
4.422153949211102275e-01
6.280024670864557956e-01
-1.140224922705254995e+00
1.619030717368119987e+00
5.244874079281639512e-01
-8.672023826650782086e-01
5.417745778366989118e-01
9.006878111140728116e-01
1.820551579148933952e+00
4.283317140618601582e-01
-1.122135174890303011e+00
8.444476161882660259e-01
7.081627052144149337e-01
3.667976819634188312e-01
1.207257798980403141e-02
4.859561994664757245e-01
-9.394148143820287011e-02
-7.243232842877568300e-01
5.715969912702713041e-01
-3.789680423540469634e-01
-4.343398425003344165e-01
1.391053377355349729e+00
-1.688674423280025927e+00
-8.875425751074564884e-01
1.623445677199846671e+00
1.862431390303617151e-01
4.298835799240514066e-01
5.288522785665628057e-01
3.149267435776358370e-01
3.171250237801974126e-01
9.142136298278105144e-01
-5.853908531873367460e-01
-1.060958972427150648e+00
-1.010903545181559005e-01
1.904142004139868005e+00
1.037197077727008532e+00
-6.935825912237841839e-01
-8.761250820294773645e-01
-1.276958485486455297e+00
9.020055336301288085e-01
1.700762571443042159e-01
-1.549236843931064866e+00
-3.693259294991103198e-02
-6.385199253808050424e-01
-9.025616271958181863e-03
-1.641772847269464819e-01
-1.115332643110187094e+00
6.604607703847027445e-01
-1.554242597196664244e+00
-1.136392676920356393e-01
-4.034196994102245415e-01
2.051634133525575887e+00
1.732230309856561234e+00
1.096015207395190760e+00
1.959797682093935789e+00
1.103172686959791315e+00
-2.698946350772205016e-01
7.104199607638228553e-02
1.580578783181123104e+00
9.120290231971748263e-01
-9.424228620236690945e-01
-9.584026062211308261e-01
-6.395060599134612112e-01
6.596885371839343870e-01
1.830191640449558010e-01
1.434532434308398496e+00
-1.511186619346866600e+00
-2.708161094787737699e-01
8.834070357782813909e-02
5.973929241228478348e-01
3.963659097741913384e-01
-6.900464558387409131e-02
-1.767306499097241745e-01
1.084828841520926318e-01
-1.291353311599244158e+00
-8.311977910667317504e-01
2.951187682082425656e-01
-1.340162539837261413e+00
-3.727285222549040627e-02
-1.941445669781735939e+00
-6.830951904030518884e-01
3.219146995616292140e-01
-4.758565746142327108e-02
-5.082914726084625245e-01
-4.528131452272067259e-01
1.286323929586112191e+00
1.304082406845865627e+00
5.667222639373665771e-01
2.133741902517603262e-01
-1.661600924533628953e+00
-1.270196433668052682e+00
9.860469464352686897e-01
6.495993029360659643e-02
2.618099958550621498e-01
-3.951331165737804740e-01
-1.086996460944188003e+00
-3.969331912218913017e-01
2.043923030979346134e+00
-3.524363702346025584e-01
1.000588552476878279e+00
-9.020937043270599309e-01
-1.059625451287001363e+00
1.729821363423548197e+00
-1.180162976453161594e+00
-3.551566183879492633e-02
5.393045799550142405e-01
6.601194489785906505e-01
6.819232381624465988e-01
-1.055862117036786563e+00
1.832372558227677084e+00
5.822243565639704244e-01
-7.592395643480472911e-01
1.349269331743970790e-01
3.743785597255102071e-01
-6.230901245523934318e-01
-1.591963678520786463e+00
-1.961936633520826367e+00
1.803041409340255585e+00
-3.090768978186963500e-01
-9.045561969716389150e-01
7.802194597970809609e-01
1.647179489051741719e+00
4.785551844709899638e-02
-4.993070045372084986e-01
-3.915265074382719146e-02
5.098190156140795792e-02
9.715453470321729068e-02
1.438919442177163166e+00
1.089059436841764761e+00
-5.602270451320002786e-01
1.918723321177741692e+00
6.105130067748978373e-01
1.546788166567007461e-01
-5.788022073467549156e-01
7.439747429386082966e-02
5.296327466876875611e-01
2.257998227623210674e+00
2.743864136999245029e-01
1.192879147118901306e+00
1.632755513703405825e-01
-1.460327462246769459e+00
-1.320475346279719409e+00
1.292019108414068418e+00
-2.271361690836017772e-02
-3.263507014682368590e-01
-3.285266094085746991e-01
1.397051226375078059e+00
-4.921402940012542526e-01
-5.420539773092074576e-01
1.530148983705935106e-01
-7.896388062932777618e-01
-4.791933018151792734e-01
2.551096926846976864e-01
-4.773370660864725834e-01
-4.745139538836710691e-01
1.328175831473391577e+00
-2.568578718160485427e-02
7.726283415690987644e-01
1.271800335791434922e+00
-1.614824425088232873e+00
-4.565564736962909875e-01
1.283863166800580435e+00
-3.846317066497798032e-01
1.018393454078450500e+00
-7.077705998440785296e-01
1.657600406943384508e+00
1.735063345961140036e-01
6.738125129269642022e-01
-2.355540617906693779e+00
8.064129615353307079e-01
3.861771313036887476e-01
-1.772100583635399129e+00
8.568980851138208177e-01
-4.645736978158133967e-02
-4.883407730257464108e-01
-1.941048643548170249e-01
-3.065357327373046115e-01
-4.340038824534873663e-01
-1.141209242565142667e-01
-5.350082033025276018e-02
1.816881242665481011e+00
1.082026536099727432e+00
1.035316856181130785e+00
1.534162744521187172e+00
1.595972297738571966e+00
1.433056953844728421e+00
1.771558748638144110e+00
-6.674087291002510636e-01
-1.462868860994209208e-01
-1.129048703177191193e+00
-1.206768304413627702e+00
-6.960136599980176753e-01
8.393749966256813799e-01
-1.212120659137385648e+00
2.122472824926652901e+00
2.984820162336087601e-01
-7.807779196586162040e-01
1.770381217186942080e-01
2.533852460333128609e-01
-1.273054894701634465e+00
-5.395894629727545633e-01
7.365827881880181449e-01
-8.567618050706209132e-02
4.122245402954649030e-01
1.298003886423044095e+00
3.436946155108662193e-01
1.410881632685154763e+00
-7.585001556624502150e-01
1.363589160904075115e+00
2.377945053170490985e-01
3.220064450481589513e-01
-5.267125244694053077e-01
-5.862342144850729575e-01
-6.681785598491157829e-01
-1.358235080106816373e+00
-2.775153236658502998e-01
5.244647640304511693e-01
8.802381811279865742e-01
-3.688176501352726788e-01
7.970053354280396407e-01
-1.113090547823435639e+00
1.007170137115040109e+00
2.417952463266740404e-01
3.739218394508542764e-01
-3.289730415083557680e-01
1.212623363380719299e+00
-1.809693838997747939e+00
1.461526875345729115e+00
-6.028955838711274051e-01
-7.512307114855727441e-01
4.102493781963916786e-01
-1.023557325024935932e-01
6.915362677583841711e-01
-9.504901911609348053e-01
-1.875959553437461125e+00
8.706913571252627992e-01
1.058844027590894799e+00
2.393785835629684902e-02
-3.727526633362064912e-01
-7.171770255484216650e-01
1.428300862250383163e-01
5.102115914092798521e-01
2.734940688531564690e-01
1.129959007502786772e+00
9.707787433556754886e-01
8.796458895871551043e-04
-7.112794862217594050e-01
1.542872911463558927e-01
1.665971150003773049e+00
4.904050426415547115e-01
-7.586836773438990766e-01
1.484558716124818156e+00
-9.682588827419144062e-01
-7.184497117250588927e-01
2.914869736630087971e-01
1.720267052476408820e-01
3.266064429989089524e-01
4.228208893753043207e-01
8.022250107540811470e-01
-7.448313171451536041e-01
-1.202244066357263996e+00
9.544717580283332836e-01
-1.062538495396515570e+00
1.934317150880019986e-01
1.106092111079061802e+00
1.419230030771196471e+00
9.463882971081124529e-01
-6.112570464332118814e-01
-2.432468282725596342e+00
2.504078678521877155e-01
7.339238605237604629e-01
-1.771012626700257719e+00
1.360649494825595607e+00
-3.953462286341642706e-02
-4.355784496376652326e-01
3.538910650208556552e-01
6.428133725600521098e-01
8.040425286171701824e-01
-1.582125149285376620e-01
-1.759611794939848761e-01
1.224736955802541383e+00
3.491294927694603700e-01
1.887602053095081001e+00
-1.970496628052460730e+00
3.721667007311756370e-01
-1.939815449565831740e+00
6.949510189036386398e-01
-2.432568975192078431e-01
7.402625330890070243e-01
-4.202564553949785231e-01
-5.388824205478807139e-01
2.883020221084774404e-01
-2.535900209368340680e-02
-1.233470356570750326e+00
-1.478871781930938267e+00
-1.240125268787631990e-01
-9.277357628055272754e-01
1.138194712634953643e+00
-1.037976258724446099e+00
-3.321005902576511515e-01
-4.618313637812698214e-01
1.916646685248261983e+00
1.409802423683756745e+00
-3.246988538745202435e-01
-2.330662729447608161e-01
-1.181910267930967429e+00
-1.230912753389685976e+00
-4.992453657955745472e-01
-5.923390211925204651e-01
9.895551988323523229e-01
-7.947898877910818394e-01
4.439825276380847674e-01
-9.531299884188410010e-03
-1.194565030676774942e-01
1.874367027960449184e+00
-8.666284423938196146e-02
6.620955347690067327e-01
4.679497590483339686e-01
1.529224734725014523e+00
1.159344235032168546e+00
1.084209602270019168e+00
6.789481391512870723e-02
-1.961123768726164007e-02
1.441880443549224511e+00
3.275309514737113903e-02
-1.175801408029906181e+00
-5.267071631702998635e-01
-4.283598272566417897e-01
-1.524227362239093664e-01
-9.079788023262282959e-01
-3.927296060068491967e-01
1.050331372996823998e+00
-1.256856461539384018e+00
-4.688435725464547565e-01
-6.727553694512394822e-01
-3.097397686119669036e+00
-1.302647905486732594e+00
-9.206099160370541101e-01
-7.096035054171664358e-01
6.454012486102769230e-01
-1.784487325067485586e-01
-1.022748720565834324e+00
1.678041159853334852e-01
1.821653718043103054e-01
-6.127406970527797814e-01
-1.932607959720597846e+00
1.658442518189029435e-01
3.425105459145074693e-01
-3.560294911013398012e-01
-1.611653671675860600e-01
1.173089166608182743e-01
9.850371103311590382e-01
-5.994654458223262761e-02
9.545828098975750464e-01
1.359376838383672403e+00
-2.854409501762489865e-01
7.658393194558729133e-01
2.891826590549218534e-01
-7.024270033338995134e-01
7.511232500436342274e-01
-5.606225167695225164e-02
-3.465112709087661558e-01
-1.169335668039852782e+00
-8.856933515841188820e-01
2.041932998668926302e+00
3.220579105265166664e-01
5.012708455398952045e-01
8.603842830368857442e-01
4.724281998828769868e-01
1.691739092337341654e+00
2.828748245091547098e+00
-3.353014398208991054e-01
-1.444218109073975409e+00
-5.973330368075723262e-01
-4.674480198330543956e-02
-2.300111074434328939e-01
-2.462787460535761142e+00
-3.654817815903649292e-02
-5.455741250696294342e-01
2.679858950264736528e+00
1.116801482626228026e+00
-1.160610641352442657e-01
-5.004474687999577176e-02
-5.782844636499751001e-02
2.220131528991028391e-01
2.331115298089741494e-01
-7.635930008461745411e-01
-6.916478701774243509e-01
1.768453085158191662e+00
2.721629734248923072e+00
9.955306477276957278e-01
-6.698603968413197052e-02
6.086810335565333574e-01
-3.148206264955710321e+00
-2.050521728860748460e+00
-1.606168418323696834e+00
-2.767663766951059312e+00
-1.570952980928683296e+00
1.519468283118912133e-01
4.417953537527314900e-01
1.364528971311284256e+00
2.132618393773342280e+00
1.441159547020213871e+00
8.946846985798661001e-01
9.277695652115152125e-01
1.048670726059717229e+00
4.739713898832476624e-01
-4.366587657747834639e-01
-2.340154937777325639e+00
-3.881012501404651482e-01
-9.968784357865301260e-01
4.798578588725154193e-01
7.996332603820744955e-01
-6.829018596086325887e-01
-1.141260492717251385e+00
-1.832542927113314235e+00
-3.149358562314371612e-01
-2.328892724149155935e+00
4.663598552782688422e-02
4.576075013938937230e-01
1.002491559740335880e+00
-6.122431547522205753e-01
2.409755463849933221e+00
1.215956460177569198e+00
5.277049202702688291e-01
3.375031486449842077e-02
3.968749635294062661e-01
-1.683560981052057148e-01
-3.440520451836767801e+00
-1.491215165246257079e+00
-1.511710731793340701e+00
-2.573624038906133116e+00
2.468168410359676823e-01
-1.714415146054774908e-01
-1.349874570137642893e+00
1.041203251581824585e+00
1.386147673404350078e+00
2.559699851244814361e+00
-8.125311748923180755e-02
1.290895243664046621e+00
1.224339208644678711e+00
7.509300360254098083e-02
3.520581628257850038e-01
-6.735365243629333198e-01
6.589197709912817391e-01
-8.511492831956661842e-01
1.132967436233603520e+00
-1.118626691878454871e+00
-2.959178047816516388e-01
-1.388720707402673504e+00
-2.925242376134763234e+00
-1.043889925407595509e+00
6.381232226196886792e-01
-1.571562758653396230e+00
8.451148241960806384e-01
5.324083856674162174e-01
2.565029530126744728e+00
3.528539795783015798e+00
8.085379896271374101e-01
1.543742690991502409e+00
4.097220568137407981e-01
3.773039171565442107e-01
-8.556844122724722723e-01
-1.132460066780451857e-01
-1.092702073843513810e+00
-2.050315416570003713e+00
-4.389816925737498599e-01
-3.083980362029697941e-02
-5.952240646069046903e-01
1.978958452570659610e+00
1.378844321423587704e+00
3.770445018099290446e-01
-1.218532192536532222e+00
1.605301159250881904e+00
1.758695273695717987e+00
6.737376988008721979e-01
-4.059502047544893966e-01
1.378830154508116967e+00
-4.887342361398860913e-01
1.171792755905013861e+00
3.292232236745945007e-01
-1.561675504666426129e+00
-2.464499568720768252e+00
-1.221359860713191914e+00
-1.642465561335293200e+00
-3.494465644299677987e-01
-2.170129219254151476e+00
-1.400168595949623285e+00
9.289292852464516859e-01
-6.092431249437841867e-01
8.264751642468324278e-01
1.895362965829989088e+00
4.364616209233742605e-01
2.578100256270787316e+00
-1.117710007360668278e-01
1.068969324343871791e-01
-1.207884347927741242e+00
3.732124048385390136e-01
-2.576667101831079165e+00
-1.783521790414132946e+00
3.524778006608975112e-02
8.029462859853895296e-01
1.638311005993046798e+00
-8.036806151049510349e-01
8.349314015314143189e-01
-1.648371920132846391e+00
8.857355706747650492e-01
-1.455715767211495315e+00
-3.265198939569661229e-01
3.542827210431750279e-02
6.969070257180148831e-02
-1.282337909251407559e+00
2.401719336864212018e+00
-1.306161279479902015e+00
9.658236503403189177e-01
1.482411575647929913e+00
-1.279343517981513356e+00
-8.179410695349164095e-01
-1.253804747725203672e+00
-1.002083493011047599e+00
-6.859258318396086462e-01
-2.384335323809505969e+00
-1.288911494183570650e+00
6.559963344259154283e-01
1.393926316404876964e+00
-5.810190910411818788e-01
1.719755839848878809e+00
5.218866671366271248e-01
9.244070830873951650e-01
1.242710048606379569e+00
-1.060566062447642205e-01
-8.643387982709878070e-01
9.079041827152922739e-02
-3.370712107169903105e-01
5.324165860748830692e-02
-6.977686438628022403e-01
-4.005263130248622461e-01
-2.014157843644383550e-01
1.103885123230431420e-01
-3.960156764042471189e-01
1.022757273807509693e-01
-1.304560826738341950e+00
-4.687998393636205741e-03
5.729914333099266344e-01
2.700877364825947646e-01
2.145052972523056933e+00
4.609295631517208669e+00
5.825954506530599541e-01
5.490302604161210187e-01
1.759983905467052967e+00
2.666659121651663300e-01
-1.611918019110868627e+00
-1.162101573961167755e+00
-3.275589226555385203e+00
-5.452828237735822814e-01
-1.208087211256425375e+00
-2.344148843076522049e+00
-1.270359636430542505e+00
6.591953111884900629e-01
1.380191393917000298e+00
2.795932691805872672e+00
-7.209553517943003698e-01
1.679569380819120772e+00
-7.611195652252672472e-01
1.195901344393625054e+00
-1.566084541238984773e+00
-9.032721415934370501e-01
-4.733680140438373263e-01
-8.386629860201199049e-01
-8.208821245167747804e-01
3.675528705051436806e-02
-1.812939888111944620e-01
-5.497237966518473407e-01
-1.310259728885235786e-01
-2.876807817962441227e-01
-3.330860340440780387e+00
1.561121707847787921e-01
1.107430280752986551e+00
4.623683997658769029e-01
1.675891313766634472e+00
1.197201145310054393e+00
1.271935207478637864e+00
2.593649302918236810e+00
-5.848444921369910787e-01
1.743435580505805493e+00
-2.248220811558403476e+00
-3.097422514314872366e+00
-2.057351591199342522e+00
1.149849465391000747e+00
-2.229179323655238409e+00
-2.632726018340441065e-01
1.713125182744900665e-01
1.374390481915277462e+00
3.052503285629016183e+00
4.871375872179099509e-01
7.497286815712815855e-01
8.663045704405136771e-01
3.101321602769729679e+00
4.620554679899651074e-01
-1.261418644603484740e+00
1.913811274276445928e+00
2.590386678299407275e-01
1.717344311486980413e+00
8.518259575250420879e-01
6.927886623361279028e-01
-1.028715088183823845e+00
-9.892701949859820099e-01
-5.274287652103933910e-01
-1.243078073432172914e+00
-3.588939091546635041e+00
-1.173682893564895746e+00
8.804833407839329773e-02
1.028168406658033440e+00
1.795131141930389918e+00
1.901251332776060288e+00
2.616451971580378455e+00
2.245855671141236520e+00
-5.908628665954027692e-01
1.281058298398583872e+00
-1.400285302805476917e+00
-1.426914912114408462e+00
-2.868249222519770214e+00
-1.362825363516646515e-01
-2.367809607378177361e+00
-1.203705306784906615e+00
1.208009717567128494e+00
-8.656796188285645899e-01
-1.372852222794698207e-01
-1.290589243769846017e-01
1.469941214648600392e+00
4.863504810174817949e-01
1.276227882836759586e-01
5.041857764690981236e-01
1.795433755236920614e+00
1.956838316738291894e+00
9.336782413593194274e-01
1.888608388813001637e+00
1.809991245565280238e+00
9.085948903152504252e-01
1.465811503953271755e+00
-1.599575321219575796e+00
-7.543922992684524154e-01
-2.359454187370642053e+00
-3.614867455521646455e+00
-2.003450625043862843e+00
-1.940089025446137816e+00
-4.557909598269783147e-01
-4.109754186095974093e-01
1.544886510698225024e+00
1.159684125291977175e+00
1.179347660019012922e+00
-1.155835752926714921e-01
3.367778418438995836e+00
2.750283590893544683e-01
-1.984675263781063848e+00
-8.656237798898801517e-01
-1.255809345065496130e+00
-4.596861481690663331e-01
-8.434473685452120728e-01
-1.579408976702770584e+00
-3.915241641694687802e-01
-3.277334582386809969e-01
4.100327566493059961e-01
-2.179861413816506666e+00
-2.451981405299465511e+00
-1.868272502249574529e+00
-1.618038319069162734e+00
8.711621284283334044e-01
1.650603876729618058e+00
2.433754816999185167e+00
1.953805665454221296e+00
7.312894505152950364e-01
-3.423104576045088443e-01
4.153382408917369317e-01
3.978919815192334397e-01
-1.190071011135342971e+00
-3.171877263891142107e+00
-3.035909936986338487e+00
-2.294503778735911492e+00
-1.797176586488654415e+00
-2.381826970170812352e+00
4.544923796706719643e-01
1.595694977425746508e+00
7.932418375432933599e-01
1.135219001630848101e+00
9.121705991492332632e-01
-3.257168291288115025e-01
6.737011484422688046e-01
-6.250369127804009661e-01
-8.833562080537654682e-01
3.606003762335357465e-01
-2.362891758376796658e-01
-1.164903074259485249e+00
-2.082505329499680924e-01
1.218783581614786421e-01
1.051139867609031775e+00
-1.555910389441138353e+00
-6.579743815060369316e-01
-2.386029188835324444e+00
-1.023528329032461714e+00
-6.464724339470709902e-01
1.117877547408912431e+00
3.288581043546759952e-01
1.922445584356524462e+00
2.541631219349048454e+00
1.266516326066990938e+00
3.520422095646627003e-01
1.372334717874715837e+00
-1.658216074969368847e+00
-4.349466774274888259e-01
-2.189020041491750224e+00
-2.758404737163237197e+00
-2.423619613745681800e+00
-1.116834509535347575e+00
1.868697087729492834e-02
7.203418129392175073e-02
1.533596839462552541e+00
-9.038366541151365841e-02
-5.014620002028313817e-01
-7.366094595953091018e-01
-1.015778798510113656e+00
4.121505195613369699e-01
-9.793256073117879712e-01
1.478569878536644400e-01
7.280889291718084522e-01
1.854062705643234832e+00
1.729100447335385926e+00
-1.102011604635167563e+00
1.130050924987159089e+00
-3.445861098618874241e-02
-2.608645300121554378e+00
-2.597579871560801834e+00
-1.882657188685422422e+00
-1.143826771818739818e+00
2.903940856650930602e-01
6.633528751482754560e-01
7.136692374598062605e-01
1.047712383260529512e+00
1.200884751741267298e+00
2.240500468710488580e+00
2.127028566327071601e+00
3.918437021388849195e-01
2.618929346584766282e-01
-7.912067891506818773e-01
-2.002299232587255950e+00
-2.903170441299504745e+00
-1.305979389446135119e+00
6.963329050614950333e-01
-6.953492984464277882e-01
-1.631476760162011708e+00
7.194461856752958351e-01
4.204794250802508238e-01
8.402150785779174402e-01
-7.134493907474799279e-01
-2.173902832249627881e+00
-6.701386544090195407e-01
1.253896417546886077e+00
1.586329939580043979e-01
4.380668704882571540e-01
2.578294526553379207e+00
2.421922860820872714e+00
1.295633398590651630e+00
1.278763739390857079e+00
4.902160727516649552e-01
-1.941547638399705455e+00
-1.549491708910557319e+00
-1.371573648934565792e+00
-2.664484909697108606e+00
-2.513384653151295556e+00
-8.879707572413264582e-01
6.472303374796095632e-01
1.231066654352181322e+00
1.540941761512151009e+00
1.084081711416810645e+00
1.595664209595617056e+00
5.474513737771053989e-01
-3.138808162185057204e-01
-3.339030445836227434e-02
-1.634553716464713258e+00
-6.048153479378206576e-01
-2.798920337360464861e-01
5.457561492721957341e-02
-1.280900291125522283e+00
9.855604634102810291e-02
3.456512551601099714e-01
-1.990210459968615009e+00
-1.126095178409193820e-01
-2.650133329469607779e-01
-7.649469911519657384e-01
1.036511782612980159e+00
1.265581098855499853e+00
-8.173620523721851772e-01
1.648269023704354463e+00
2.312651852916618012e+00
1.271125402219002831e+00
2.179933414457202900e+00
3.603453732607286297e-01
3.991941559099590475e-01
-2.148757339190991100e+00
-3.179546715390317857e+00
-3.845520881937340096e+00
-2.609534493179857861e+00
-1.839092725983162424e+00
-5.990783705050068964e-01
-2.083032012280570666e-01
2.323103995048219961e+00
1.449664509465222517e+00
2.999410804858285040e+00
1.281774130939676848e-01
8.258625762673379445e-01
3.130885027749785166e-01
-7.386105220579588515e-01
-4.353408939579902492e-01
-4.959369833245774184e-01
-5.438718275077326636e-01
2.567621061514045344e+00
6.934672407579495212e-02
1.050125019821936956e+00
1.452417608894334689e-01
-4.285148352246068715e-01
-3.559556259311184023e-01
-1.814739808702452439e+00
-2.271412327874164916e+00
-3.506908926697471784e-03
-9.875229826355158558e-01
6.603599746464178244e-01
2.789642109051235774e-01
4.089565879591757991e+00
1.175755338560722230e+00
1.347557735836488968e+00
1.843561791501027169e-01
-1.368918932115688603e-01
-1.595830409635109248e+00
-2.527006870135939387e+00
-3.311348366014843947e+00
-1.012896624383173405e+00
-1.834136984734271003e+00
-1.225526878673437015e+00
4.364158839950597057e-01
-9.114842495240239595e-01
2.214594415516550008e+00
1.573499495498421608e+00
6.214226754297880184e-01
-4.829054937261659242e-01
-1.345260882187518048e+00
-6.158440203415704861e-01
-4.633893728473490459e-01
1.340830675281504958e-01
1.159018085784993657e+00
-7.355717340281264782e-02
-5.074777282929809896e-01
2.508762776836024777e+00
1.447270636569577551e-01
-1.192084571814295391e+00
-1.110015257594163751e+00
-2.871153468138314402e-01
-1.556955673430115983e+00
6.268010638449967864e-01
-1.590882359388009037e+00
1.931660152933349917e+00
2.148398983172490340e+00
1.852287633544410506e+00
1.958904784310063318e+00
4.254743662226840861e-01
4.904647083584239287e-01
2.510725002535940220e+00
-2.560427512993109223e-01
-9.306251486448141597e-01
-1.217269059595892822e+00
2.167387548144730225e-01
3.417604881553995000e-01
-5.992142331073428974e-01
-9.685076079229776314e-02
1.305952373325867111e+00
-1.138646447284380248e+00
8.533184472998528447e-01
4.598246758908247633e-01
-1.260356494297404151e+00
-4.642339349680593696e-02
6.234028729727942864e-01
1.504338439908172731e+00
1.843007383905738816e+00
-5.356192290142527401e-01
1.343962470784854757e+00
2.290539356259422732e+00
7.097208723262681263e-01
2.357747282477062334e-01
-1.160273211884963462e+00
-1.028100111789453264e+00
-1.120867127437707111e+00
-2.533483107429916892e-01
1.144885223384777273e-01
-1.797286591420837354e+00
4.343785637798202037e-01
1.009704935091765510e+00
2.510454050759457267e+00
2.659467505277341992e+00
1.787954093822511359e+00
9.426934284849477486e-01
4.886033515220197798e-01
-8.712896554953022954e-02
4.587502131429551655e-01
-1.094555111601065445e-01
-7.898547879616916179e-01
-1.382642426473097985e-01
-1.954377624618250930e+00
-8.690012021970939804e-01
-5.483265694376292521e-01
-4.761889589718394933e-01
1.953940135253253496e+00
-2.144131679044888550e+00
-5.975631881094987108e-01
-2.392651990321258637e+00
3.138857297156525394e-01
1.698342351974611586e-01
1.818367895173260695e-01
-2.487285124803026992e-01
2.078528541970599441e+00
2.369596922038448739e+00
1.309445080783174342e+00
-5.648293835453546130e-01
-4.475061232227888208e-01
-1.099679188282121078e+00
-8.551755430983090100e-01
-2.625385260348444660e+00
-1.364597130206079978e+00
3.764150537432658927e-01
7.446572688766995851e-01
5.783356372617043384e-01
2.275057889506098885e+00
1.108223303610617272e+00
2.588336550157334770e+00
2.146618825246961126e+00
2.077991908326025650e-01
7.344824786814455053e-02
-1.102291703994203953e+00
1.298812051721834893e+00
-1.888343070720652772e+00
-1.985377021531991026e-01
2.782717492401546089e+00
5.195616384465129300e-01
1.939826481021624527e-01
-1.948528713010380109e+00
-5.997704958971417089e-01
-6.751134423890250424e-01
-6.729425991456400302e-01
-2.391246260543771207e-01
-4.696776908264025940e-01
1.027118882007757583e-02
1.496805573969521852e+00
3.213326457341064035e+00
3.067708856836544040e-01
9.396885451528889099e-01
1.948905535295589964e+00
3.383263204946407865e-01
-9.404156430610610684e-02
1.010275519540337896e-01
-3.241191550103315500e+00
-2.725216064668026128e+00
-9.075623052936273583e-01
-3.554340129643189794e-01
-1.894485793049087263e+00
7.634897599077128394e-01
2.347851439316978261e+00
2.536336970542970359e+00
-5.684499784208750794e-01
4.783040257679727070e-03
-1.611835576127407688e+00
-1.187359246534693380e+00
-8.341002839699683188e-03
-1.021322777660228276e+00
9.928248468459341947e-01
5.351213690718201743e-01
8.211103256505057901e-01
1.411131597516821490e+00
-1.478494914599886023e+00
-1.165072516250348134e+00
-1.381148913954524104e+00
-1.229999004330907253e+00
-4.360607374478819853e-01
-1.133646208821909918e+00
-7.214577896144401814e-01
6.744766741678187572e-01
-5.959739198722604492e-01
-3.380124140503442121e-01
1.453264347376141075e+00
3.722202836128557735e+00
9.435723839350979025e-01
-1.189555373091413681e+00
-3.685921762725689055e-01
-6.780327633144422883e-01
-1.405447017801716658e+00
-1.481839831620172188e+00
-1.877692892067767350e+00
-7.409399634054730788e-01
7.048913646934754640e-01
-1.088311077320277820e-01
-9.087161301824184800e-01
1.536986144609732152e+00
4.760785680598388359e-01
1.870131852381583748e+00
3.422495016163286108e-01
-1.050921208543068863e-01
2.329603491984709063e+00
8.455069573797596716e-02
3.244825825197245717e+00
1.021764860164801059e-01
-4.023169714640673078e-01
1.536725770456920603e+00
-8.849587519923365342e-01
-3.028041725297667686e-01
-2.512762613998972938e+00
-3.426539166902575317e+00
-3.157030569946003062e+00
-9.883873486458228941e-01
-1.207029597768499496e+00
-1.066756747610821954e+00
1.125582518527012965e+00
3.416038681300540780e+00
2.380549192479931353e+00
2.592219186134819164e+00
2.268274392851173271e+00
7.161156024061930969e-01
-5.272785868796694420e-01
-9.829955424433995947e-01
4.629253632982885946e-01
-1.267939910904402501e+00
-1.060773219532442635e-01
-7.456155033581018943e-01
2.238634018586898589e-01
2.360713713470633246e-01
-1.941514822711260801e-01
1.983634425032153037e-01
8.356333911010732640e-02
-8.583054527196742889e-01
-9.987473005673762616e-01
-4.438959345620565600e-01
9.692422624307019952e-01
9.521215483149110259e-01
-9.226788855509426845e-02
-6.800196754940122101e-01
4.782308387202935385e-01
1.520458544290838931e+00
1.378353698998699084e+00
-1.995906741888164637e+00
1.132457604491483583e+00
1.239584973603218065e+00
2.609587498833983443e-01
-2.320817899808062190e+00
1.261594694867793409e+00
-9.200527107452513009e-01
3.535756355981202192e-01
-4.006418225609877370e-01
-1.206443629263753287e-01
3.223903347681843501e-01
-1.471816579953517223e+00
8.410514377717374090e-01
8.955321174444111909e-01
-2.284727986872563399e-01
-1.311896627379694591e+00
-1.686962622201137796e+00
7.143121217792679500e-01
1.033102964494582832e+00
-6.338528435145844575e-02
-9.871597850248282902e-02
3.424113604972180425e-01
3.796594287237204518e-02
-1.154312715492196578e-01
-3.482859205105647837e-01
7.383601139018616255e-01
1.761233221297679730e-02
6.633744312939146015e-01
1.785917024218954818e+00
4.218191697883644231e-01
-6.676487699278145227e-01
-1.065744336913058365e+00
1.721097293705756148e-01
7.809893183322480503e-01
7.259121220649965567e-01
2.285062023073060056e-01
-3.994572959222127823e-02
-9.228910084211783271e-01
-2.725789203803862248e-01
-1.043814560799155133e+00
-1.751896005680854129e+00
-1.524444021753399214e+00
4.472432616590766297e-01
-2.266714330667706001e+00
8.635813527342746099e-01
-1.381120606895495762e+00
-1.224286456457627681e+00
1.351779565532534311e-01
9.762196480834002543e-02
-1.306767238402752662e+00
1.779104660156943574e+00
8.903982755523840442e-01
9.696390461402928374e-01
9.138298543013777253e-02
-8.221143514629006832e-01
2.144307585758623014e-01
3.254150491700235071e-01
1.231554121194922136e+00
5.040922375307367587e-02
1.511929299919653413e+00
5.363380358742864118e-01
-2.684376062864307078e-01
2.844087496785097646e-01
-1.227842482080318209e+00
1.435559860443828273e-01
2.327803491033969774e+00
1.915282013220872548e+00
6.016264134754865101e-01
1.588522139407709588e+00
-6.071289525754417632e-02
-8.442580490361452084e-01
-5.310057181985494701e-01
-1.397324931219156574e-01
4.427011933781449526e-02
-1.240816447660244348e+00
5.614798640009743824e-01
-8.328195436337293422e-01
8.929993771250815948e-01
6.607893869881739102e-01
-6.154508347520314393e-01
7.114649937169474636e-02
7.528654074273505303e-01
-3.586774996804737992e-01
-3.721434575473988038e-01
3.820982738936617995e-01
-2.090216039766228662e-01
1.785328494933571486e+00
-1.421683154325019682e+00
2.251040965339841105e+00
9.365343273950561542e-01
-1.426824862201447885e-01
-1.273630328992713334e+00
-5.661945448317508012e-01
3.938153004341284937e-03
1.669137392605744841e-01
2.176541098876456914e-01
9.694825160836901823e-01
9.837373009154037895e-01
2.234486173063987002e-01
1.729613787053201346e-01
-1.792357438892103194e-01
1.145438491525407221e+00
-1.547988738698322431e+00
7.796557477399829184e-01
5.500475647934035539e-01
2.644529146542623499e-01
-1.730319834428573345e-01
-7.478707529595777226e-01
-1.254360509045074012e+00
6.831451863931443658e-01
-1.504488869354671632e+00
-3.764488606195596776e-01
-2.834404397403146314e-01
6.142138054193674312e-01
9.420546693471387734e-01
-3.783624025577132510e-01
8.501398313929321437e-01
1.114451283021362232e-02
1.143098312567720320e+00
1.200089585661435532e+00
-6.872545784074717279e-01
1.367365586893461771e+00
-1.527593091402077441e+00
-6.592087647870470413e-01
-3.971818928965137885e-01
-6.498813270412464593e-01
-1.013850272489038362e+00
4.285315082282644683e-01
9.833332560151260004e-01
8.010456928448661529e-01
-1.112730784158509678e+00
3.385090768885466450e-01
9.308595050506747182e-01
-8.715248283737669910e-01
4.434460888214534768e-01
-1.074817761790232806e+00
-2.678181200320008948e-01
9.232232107495029760e-01
-1.810306611688427880e+00
9.815867013322974177e-01
3.522340666334777826e-01
1.557222810040050087e-01
-2.286295170215894568e-01
4.950295764274885157e-01
1.681490585724365827e+00
3.082466957914943961e+00
1.337628816331567272e+00
-3.810776410466480413e-01
-8.126676622212336554e-01
1.686334946375534161e+00
6.464181284928194327e-01
-9.494618875433467886e-02
-1.130329477143283023e+00
1.052677975371720143e+00
7.828843635569420201e-01
7.848632445234249300e-01
-1.346480061153600083e+00
1.127632260168323741e+00
4.861630511915800840e-02
-5.348026781540268226e-01
1.173363063882519874e+00
-1.810884023267695861e-02
1.522321964440837894e+00
4.927492923415200954e-01
-1.006432934823567216e+00
1.515253305292018515e+00
-7.904420476901663495e-01
5.471730511137824077e-02
9.929050944061108830e-02
1.097916834863611912e+00
-3.640133106065458479e-01
5.102974249041201116e-01
5.275224930656202682e-01
-6.815349065585878385e-01
-7.245925417574398120e-01
-1.099812469689824601e+00
3.746687170545339729e-01
-4.156981314025203766e-01
-9.837561900580944485e-01
4.974653017407916766e-01
-1.313878377155192290e+00
-5.290841787230093907e-01
-3.396228713317534509e-01
1.288243576155170267e+00
8.616343846776295390e-01
7.367615880028912656e-01
-1.401315789788252664e+00
5.488002442649434487e-01
-1.013873635101594450e+00
9.818116718348806060e-01
-4.860234491475323715e-01
7.863134985598223547e-01
-4.686443015046705129e-01
5.755822742520908530e-01
7.557391871045824328e-01
-1.978800286288368904e+00
-2.098033751538128378e-01
-2.749382977075593981e-01
-1.120347712914140592e+00
-1.450906752235252339e+00
7.347243503290664668e-01
2.085898447264593614e-01
-7.526595444313285421e-01
-1.090079946031426328e+00
6.514565318304825770e-01
9.166717911110572325e-01
-6.276533395375395452e-01
-3.249675996139726464e-01
3.799115025776241272e-01
1.398414585124050369e+00
7.217759244955574971e-01
-3.107873046141959236e-02
1.942584283467060580e+00
-1.099313499243300241e+00
-1.375000717654928373e-01
-1.975551413580472204e-01
4.871143969603795587e-01
-2.395624573562081139e+00
1.165715910498686669e-01
-1.043428517624475749e+00
-5.397452759271582634e-01
1.705946011500731219e+00
1.017092852405497849e+00
2.054764290427771201e+00
-1.154184230304136527e+00
1.211503283603563019e-01
-4.087407578818237908e-01
-1.676421871767936889e+00
9.599792131437205889e-01
-5.580779182541477645e-01
1.536721153276194851e+00
7.105788202127957254e-01
1.014039876527247919e-01
-2.851257487257785050e-01
-6.682898501775805800e-01
-8.313211513142615416e-01
-5.006472793938182564e-01
4.163831456764607308e-01
-1.057638690397739500e+00
-5.748375112033863310e-01
-6.526046750597883639e-01
3.313181462548456802e-01
-8.679791928973804582e-01
-1.240053463354574337e+00
-5.359594917470529296e-01
4.145269926684168604e-01
6.603732884522365287e-01
-6.982255708860430898e-01
1.176142757235268954e+00
5.822962930523842839e-01
3.921565789360935417e-02
4.404869089829644975e-04
1.326782166368297489e+00
-5.668128806768807371e-01
-1.140172452771066602e+00
-4.818420543070302264e-02
6.444124416668142175e-01
-1.397640127564795609e+00
-4.440883518515965078e-01
-9.858687795700691314e-01
-1.059999951446749966e+00
-2.692222517142017213e-01
-1.548459113713108737e+00
-4.697169480014590226e-01
-8.657924272744910166e-01
3.611336219839448858e-01
-1.870935027203287845e-02
-7.681143238736150014e-01
-7.368140175733933761e-02
5.502321436804465948e-01
-8.147435191509838637e-01
-4.106301236066591254e-01
9.112196488952509776e-01
-1.963583676626322605e-01
-4.530001777197692481e-01
-2.109477060326107323e-01
9.601440588256279218e-01
-1.029112357426158253e+00
-1.451175591673271148e+00
-3.537908445080424902e-01
2.191058359134603339e-01
2.597844846691017562e-01
-1.755561583183918861e+00
-4.208326867663776949e-01
-1.047544381480626230e+00
1.704141156231141485e+00
-1.702960645849379562e+00
-3.605900614411455818e-01
-1.094384779552418641e+00
1.632000920247720588e+00
9.842344615032548871e-01
6.396675422600467398e-01
9.199904354857674216e-01
1.642974770110045224e+00
-5.051963009714115493e-01
-3.999180418864672903e-01
-1.130857796155216421e+00
5.490653559887201940e-01
5.438105232449931270e-01
-2.598861919293935507e-01
-1.072399050139066112e+00
-1.694689893859536722e+00
-1.552252911398679658e-01
-5.128813476153873951e-01
3.744556059950094884e-01
-1.957746722154642738e+00
-1.012773501022151246e+00
-2.933834005566085881e-02
3.923708334345104021e-01
1.778012990675883476e+00
-1.277207320339827756e+00
-6.502905082558385619e-01
1.054172061419903494e+00
-2.206848868978651124e-01
-9.564798704128503193e-01
9.738229434405007989e-01
-3.042962792590205301e-01
1.707882328567144503e+00
-7.994234036833457457e-01
3.524445922608344106e-01
-9.188052738402459063e-01
2.480192385218853712e-01
-3.244758272691872780e-01
1.289981936844221133e+00
-1.297100946629558660e+00
3.778055439407143057e-01
7.733935876218138716e-01
1.318083692203808832e+00
1.316753908502167336e+00
-1.346336663360141461e+00
-1.050503398674097033e+00
8.672053816174651875e-01
7.154166400259783787e-01
5.017424980368025977e-01
-1.369745415678677303e-01
-2.702741947298069602e-01
2.125937313279410157e-01
6.046662968432298113e-01
-5.789201711056909394e-01
6.647540626366249539e-01
-1.670811149333779833e+00
5.611326198048989244e-01
-1.561461548708296565e+00
8.639744593004373696e-01
3.597802895159135650e-01
-8.818462451391743118e-01
-1.388819854588272618e+00
-4.228298471117345469e-01
6.600001616276214289e-01
9.432838297653897142e-01
-8.645547813506831991e-02
-1.583643551287375661e+00
3.819397541494629622e-01
-2.741794100780912125e-01
1.289663146992713783e+00
1.888021500362967231e+00
-4.013485939330790342e-01
-5.063453378638923530e-01
-7.583874167161847035e-01
5.938397118112184181e-01
-6.723377124283964612e-01
7.392841519853462495e-01
1.158516425595835342e+00
1.497976176288059458e-01
-3.956341740182472977e-01
7.498638612407165782e-01
3.743319148702818344e-01
-7.747393221679299558e-01
-1.210055720407139379e+00
1.368020843784828744e-01
2.938175691942755963e-01
2.176045493322950608e-01
-7.601754972023796464e-01
-1.670262519617126351e+00
7.045797816146153192e-01
3.843281518996032875e-01
2.457662094583407675e-01
-1.163537264367211055e+00
-8.206010466464269681e-01
-3.776542588070738726e-02
3.257666729610551037e-01
1.857845292166928619e+00
4.141318968072965068e-01
-8.042817594553539617e-01
-9.581737718834989481e-01
8.493081261096152579e-01
-6.514078044238014176e-01
-6.469558747965757917e-01
-1.384551702679918339e+00
-1.242133728897914402e+00
-5.716926166242756180e-01
6.036034475976754798e-01
-8.540121940346114826e-01
6.508946417013945773e-02
-1.164006928714948375e+00
-5.780526619963970159e-02
7.084869843048851035e-01
-1.025159472767855018e+00
-1.311234013968827439e+00
-4.497435914788924238e-01
-1.584903432662621015e+00
2.161433491299079024e-01
1.001136282041608094e-01
1.541677426118339377e-02
-1.449735199506452910e+00
8.429947145820488874e-01
1.393723211695536979e-01
-1.585010699125984912e+00
-2.518637339082263060e-01
-1.169661040670745056e+00
-3.483270921584925017e-01
-1.819843882179219829e-01
-1.121354684769844123e-01
5.454502840566042288e-01
3.094049451997386568e-01
-6.428162537391589604e-01
-2.116377730667391432e+00
1.015419229708685034e+00
-5.508869246469472875e-02
1.970408716018873685e+00
-1.753627036159417951e+00
1.324526539440036565e-02
-5.450058040668430692e-01
3.958529911483839037e-01
-1.841549142528289496e+00
-7.950565622245980846e-01
-2.994213883068386206e-01
-1.237424714640542156e+00
-1.032269882010777184e+00
9.344912658625097457e-01
1.098174890216637944e+00
9.117314615445581971e-01
1.067525866088811393e+00
9.598824269529707687e-01
-1.280947831217634503e-01
5.004191044718534487e-01
5.709093958728023166e-01
-7.312039772599180365e-01
1.212183471101874632e+00
-3.639070541088430533e-01
1.579940799816136554e+00
4.946181518252205644e-01
-1.347937806466791733e+00
-9.307121237160885796e-01
-3.631714387926534560e-01
2.161206334769439352e-01
1.665877540516353061e+00
4.747412600043666719e-01
1.440849290927936899e+00
1.001212619412846366e-01
-6.700306064793698502e-01
-7.221565827935114146e-02
1.413759985358119531e+00
4.070666986375705981e-02
8.510276926770358186e-01
1.171565471481743392e+00
2.253523690152030134e+00
1.670676376800449559e-01
-1.518390149833173108e-01
5.343470924905737718e-01
6.479509309497286096e-02
9.070848445063866006e-01
9.115800172190372530e-01
1.263617665606341589e+00
-9.979786428049303160e-01
-5.287342173030975534e-01
6.296308020796878013e-01
1.421605314870373560e+00
-1.025628154793838620e+00
-8.665702598214898300e-01
-2.074291697977062032e-01
-9.305505265454264707e-01
-6.136984580477423679e-01
1.328712051342781031e+00
6.364262847189346983e-01
6.654139045372625683e-01
5.998074711823185856e-01
1.070965385839034445e+00
2.503353373080243749e-01
-3.975125652668610732e-01
4.839856810812337429e-01
-8.121240508433665850e-01
-2.574257731360374973e-02
-1.736727071986925885e+00
-8.258270989567445541e-01
3.239456361436092446e-02
2.526953490230787192e-01
-8.699935690793947352e-01
7.637413421695071758e-01
5.458318559534962588e-01
-1.991496989006192597e-01
4.790639006106823250e-01
6.189855097582359633e-01
-5.079038067819683366e-01
2.389635934008072782e-01
-1.870694833156427039e+00
9.909948939871301987e-02
1.804330598508156747e-02
-8.902728252253579999e-01
-9.421513272204794509e-01
-2.655044180124704889e-01
-2.332599638622460780e+00
3.153737503258093322e-01
-4.159878739748282817e-01
2.636954591702654227e+00
-6.157700526584417577e-01
2.810488509805845747e-01
-1.051098402411080990e+00
-1.780757828086846906e-01
-1.473328309322510243e+00
5.647054087520816390e-01
-5.540759731423506862e-01
2.005574948638676469e-01
5.866672100023556657e-01
-3.131361928588684007e-01
-7.139623419818469374e-01
-7.079580981529056682e-01
1.885741144772353772e-01
3.974799784072054892e-02
-6.271695550922222751e-01
4.531750293713849298e-01
8.007138206427574234e-01
-5.592032735358376527e-01
1.859846258080989578e+00
9.399916537549362072e-01
-8.751212065804943041e-01
-5.085726650639998958e-01
-1.040855357136121428e+00
-1.173971853009639216e-01
-1.024097070200204129e+00
-4.761472438028519494e-01
7.235173813215727279e-01
1.372607152006971365e+00
8.493016436937576019e-01
-1.120269358316441366e+00
2.729127291335924910e-01
7.138791399869175436e-01
1.338673743789349224e-01
-2.733141362003176922e-01
-9.003853977866489444e-01
9.296013906142078786e-01
8.500657939555931186e-01
-1.698458690055416831e+00
-1.381862300921596898e+00
3.399853987897302060e-02
9.588204535951191376e-01
1.047490656831107314e+00
1.443010797786685062e+00
-5.436419743288871675e-01
-4.737369301803422972e-01
-8.117752760903400588e-01
-8.672720980530558288e-01
-3.234410509776819431e+00
1.711989870956692195e-01
1.138856384822412915e+00
2.248298220775402922e-01
3.649107152146842670e-01
-1.830322923560908643e+00
1.184669928416798967e+00
-1.161561564623267984e+00
-5.418100949234146979e-01
2.903295477545178582e-01
1.000462607231628720e+00
-1.232219640464304877e+00
1.240997397930255347e-01
2.360405884651643749e-01
-5.121542687620681544e-01
-1.182074667005077878e-01
1.041631238207400445e+00
-9.666614236399198035e-01
8.369153789976984115e-01
-5.399998899415713316e-01
-5.630211612803891208e-02
-1.114671443964036390e+00
2.510933480423604980e-01
-1.582425939572251083e+00
7.146394754221780943e-01
-7.967813306266937623e-01
7.752258815370365042e-02
4.422876998602564003e-01
3.930120876597153479e-01
2.846364031822317120e-01
1.056205956908323529e+00
-6.317427023746722270e-01
-2.375495920658805993e+00
-1.898754144730918636e-01
-8.969787722299301658e-01
1.965694007519270148e+00
1.446293942910084285e+00
4.343676229896686891e-01
-1.273807330137666227e+00
4.232860334078497044e-01
-1.216972575969711645e+00
-1.467812236439188477e-02
8.188149652159761038e-02
3.088430391549282228e-01
1.120264686982406221e+00
1.778448093023755838e+00
9.037840343559641054e-01
6.693959042211370392e-01
1.762416221022164775e+00
1.906311550004927025e+00
6.399894753927055646e-01
-3.485763589196886336e-01
-9.839816630987285873e-01
-8.947712556738208756e-01
-4.156661864413120355e-01
5.826719791258885284e-01
-1.416543500957823554e+00
-8.943612671206800924e-01
-1.498800784800540020e+00
-1.022705988031296087e+00
-1.763549682648000161e+00
1.413546767095748447e+00
3.441842518229610848e-01
1.196600180082588061e+00
-2.527959913114065316e+00
-9.593390757193179796e-01
1.557783052656495970e+00
2.003938006529575766e+00
1.966645832166897145e+00
9.808855929302462417e-01
2.264762762606159496e-01
1.568475354818636536e+00
1.229177727415892818e+00
-1.558879270429229802e-01
-2.528899483713648699e+00
-6.460290059247506544e-01
-6.258685690093896969e-01
-1.509160445020488295e+00
-1.817985603066434974e+00
1.190992078044870173e+00
1.618480768745611531e+00
1.095372077464192184e+00
3.727626549038538073e+00
9.370131104748179451e-01
1.513910690385968483e+00
7.954661965277191049e-01
4.092761731849017259e-01
-1.047912168816260259e+00
7.558863268297404403e-01
-8.816307857971903417e-01
1.041439723881639523e+00
-5.711239911196360763e-01
-1.655254193559139997e-01
-5.864708217765002285e-01
-5.098507835312773295e-01
9.018293217251214244e-01
-1.552876862648625789e+00
-1.520161433297188225e+00
-1.381088882938061313e-01
2.733771858397149312e+00
2.058351890678586482e+00
3.637837080419654701e-01
1.362994876126484733e+00
2.924978268675258342e+00
2.755054826185636685e-01
1.621104604247975423e-01
1.663560030215120333e+00
-1.567809021100695421e+00
-4.458767484239716694e+00
-1.349762790008764757e+00
-3.188891287829004106e+00
8.643563321410852041e-02
-3.596659806794427761e-02
-1.594641505652036662e+00
2.214645676385925688e-01
-3.266911445482507670e-01
2.122207175616124264e+00
1.300003701964130620e+00
-8.463470400631063484e-01
-1.148362208712342181e+00
-8.177666124887913446e-01
-7.169588676556939433e-01
5.634457889849817658e-01
-1.841930209467995683e-01
-2.675701292270048492e-01
1.516478226542586683e+00
1.806193242087944739e+00
-5.403471953529672689e-01
3.992156975471805591e-01
-2.345737337971876002e+00
-7.032972574643561181e-01
-1.391912859282862236e+00
-4.327089696355513881e-01
1.408469405981493117e-01
4.085931229773688833e-01
2.002992292992092693e+00
1.079010539958841886e+00
1.491159997565297601e+00
2.439888372431288310e+00
1.792531595393297428e-01
-2.840306373350394709e-01
-1.163547759462622011e+00
-2.000839080630924194e+00
-7.210270899599205974e-01
8.520919305289864631e-02
-8.532187006042017963e-01
2.199516948185822329e-01
7.679069766262224261e-01
1.711330680310001018e+00
-6.267072112744682677e-01
1.856809096716307561e+00
-2.053131030751040420e+00
-4.249523898900092189e-01
4.870504622226338176e-01
9.051771848198211234e-01
1.049118825938642807e+00
2.700609625142166847e-01
9.079840997467647501e-01
-3.850032939685392730e-01
1.320513450869075900e+00
6.146320180937778765e-01
3.400764438194044947e-01
-5.954867691401093399e-01
-1.923877418707327536e+00
-1.969685104763508443e+00
-9.542457660342723580e-01
-5.640249962422738683e-01
-1.591366117999990282e+00
1.261511074413363964e+00
2.457043164762930054e+00
2.979832435631091236e+00
1.585661910139850805e+00
1.017195337630081964e+00
1.885926238221640405e+00
3.963248922666318119e-02
-3.430014156868941289e-01
-6.164516811087485948e-01
-7.650438465241082842e-01
-2.721681671005038439e-01
4.714344335029969635e-01
-1.747894502516553761e+00
-8.713304434570934287e-01
-1.050222415556271383e+00
-9.926398113606320628e-01
-2.869949288264769249e-01
-8.045793594418986228e-01
-6.864137164896416676e-01
-1.621505533138016819e+00
8.097039425519131361e-01
-4.153932733613244777e-01
3.093188292492826896e+00
1.781628423758442992e+00
1.612669888218497327e+00
2.019753986000912604e+00
-8.834498763281520839e-01
1.440974840979206251e+00
6.487757677947458834e-02
-3.289123867167875304e+00
9.321478196703192332e-02
-2.287274258703205998e+00
-3.130977178152234863e+00
-2.118329547755586795e+00
-6.412041717575442945e-01
2.086355224342950176e+00
1.150916130559978434e+00
2.112148701900415482e+00
2.630663457177639941e+00
1.719320092627484975e+00
-6.995280903088973989e-01
1.756966355243549938e-02
-2.750934748726106549e-01
-1.059029640515756654e+00
8.101899558122044320e-02
1.521558864227934849e-01
1.536053156116734986e+00
-3.610822362271526864e-01
4.819909905063760602e-01
3.419672288104379509e-01
4.427851473369770474e-02
1.518279184640772828e-01
-7.715542106564554636e-02
5.872983524095348740e-01
-4.586414919718312388e-01
7.669996430427067358e-01
3.352519735735334239e-01
1.105803936981558877e+00
1.962744089027564698e+00
3.099234458260981651e+00
1.749133750603284465e+00
4.242764781300837895e-01
-2.000838677679765976e+00
-1.892124657089855333e+00
-1.943094172918882645e+00
-2.303078875223461441e+00
-2.952432395393402853e+00
-1.237306647689762062e-02
-3.683734225339437840e-01
1.569450238833237643e-01
1.247019092335052814e+00
5.335963775242076323e-01
7.276121853231694026e-01
7.564641001386445129e-01
2.677265101020087634e-01
-1.163689521517646153e+00
-6.216458377715644579e-03
1.778900695127777487e-02
3.154804191307052363e-01
-1.491456887703749512e+00
7.946030946061249933e-01
-2.001682909447114245e+00
-9.596559470930460245e-01
6.924878812794563743e-01
-9.261280848011173017e-01
4.398293442664620301e-01
-1.583987520367591717e+00
-7.430743809139790379e-01
5.977123961923798134e-01
1.574696584669155186e+00
1.862093436198111185e+00
2.529233870293746911e+00
3.488399182920360886e-01
1.354103942956574880e+00
1.517855480827645653e+00
-2.852359986489788612e-02
-1.126616643068785173e+00
-2.911778642845926912e-01
-6.991018681464175044e-01
-5.359331303611305497e-01
-1.949025093102102479e+00
-1.816586266448443787e+00
-2.155661336884934498e-01
-1.447472674265338766e-01
3.430406900313764940e-01
5.735853011766688381e-01
-8.784411045355404735e-01
1.298039412364526468e+00
-4.303654037601415960e-01
6.147581739709540027e-01
-6.207579833703567029e-01
1.755874799072632664e+00
-3.465814210530987483e-01
1.718628079187056734e+00
2.913103506701966161e-01
-1.400325063502194656e+00
6.742675048781315850e-01
1.375186853617382798e-01
-8.363476319716429686e-01
-2.176231791197425824e+00
-2.156308350411267227e+00
-5.685518776379496764e-01
-6.530949164044733690e-01
1.470476373348802213e+00
9.129833696136826493e-01
-7.168287803650930101e-02
3.543577284279283646e+00
2.849556534501937577e+00
2.973889649542279301e+00
1.255886973031705267e+00
-1.904402436319331038e+00
1.841730012679700934e-01
-1.743874238646321739e+00
-1.188599827412302412e+00
-1.193032287180476603e+00
-6.725512183429290802e-01
5.088819820084428125e-01
-8.306837601563632489e-01
-2.938379487116684619e-01
6.610160371083271258e-01
1.977441439323627037e+00
-9.484266414484081587e-01
1.070580872436621700e-01
-1.746139392919750621e+00
6.363641653075970961e-01
2.024705397473931967e+00
-2.252908601375733788e-01
2.302775528716935138e+00
-1.769667524840321526e-01
-5.315084261447801106e-01
-9.047382085976631849e-01
-1.966052844420684842e+00
-2.847201797080242347e+00
-1.024056272575388782e+00
-1.696002266762768995e+00
-1.028970140983868298e+00
-1.495981858585222479e+00
-2.699512072841476762e+00
6.589976825858552267e-01
1.889415694391855638e+00
1.876009142166374044e+00
1.668172255846135377e+00
1.560156409990504089e+00
6.082263650674749611e-01
1.668524143609265487e+00
7.251623242940824499e-01
1.008805818142939348e+00
-5.641536453734838918e-01
4.058250222867715307e-01
5.400796072791362867e-01
1.021256352354029395e-01
-9.769248451913381537e-01
-8.512080012386268324e-01
-9.332031388271539996e-01
-1.181896273783904494e+00
-2.148443274316939711e+00
-6.175904387293325026e-01
1.062761078965114514e+00
6.385989424075552146e-01
1.598032028923928261e+00
1.203602100888713222e+00
1.749819723311261122e+00
9.723763274878070018e-01
3.121223035287518766e+00
1.233446303547925282e+00
1.263614992286380412e-01
-1.741169398334706964e+00
-3.610703625512530657e+00
-9.260607310287574112e-01
-1.140765605158869711e+00
-1.978216302733031506e+00
-1.824441623210639518e+00
8.337591442179450585e-01
2.132553252652374276e+00
-5.612820973561216675e-01
2.052964946568749394e+00
1.291073379038231383e+00
2.357711180913725224e-01
2.888396309733660683e-01
7.017466183671886570e-01
-1.775704049842015797e+00
-1.025046082017546878e+00
-2.063913028690135931e+00
-1.065832674640358468e-01
4.847701260996210015e-01
1.187029477230970187e+00
1.114786296791498765e+00
1.048352971015398261e-02
-1.661331316529524038e-01
-2.648639416992887075e+00
-2.793907440838030443e-01
-2.606320952005333202e-01
5.461201936138415647e-03
1.508756564185073312e+00
3.023147400572026022e+00
1.186577395592579576e+00
5.615513620289358521e-02
2.537179537422167730e+00
1.025169064731350499e-01
-5.919664737120065023e-01
-1.293700320804620052e+00
-1.393930133041343389e-02
-2.873621040291216566e+00
-1.342782720535446783e+00
-1.855076863600640280e+00
-8.012220256514084316e-01
-1.461831480797884941e-01
2.083997802081135831e+00
2.982287005050954787e-01
7.290520504967249460e-01
2.468251647514120961e+00
-2.243495551995962956e+00
-3.453925759498882031e-01
7.112514610572974183e-01
6.068369949687342224e-01
2.894744284083859975e-01
1.121132683134896668e+00
2.137912245420750423e+00
1.618706935454015672e-01
-1.284597878670782123e+00
-6.718602364717922715e-01
-5.667530966675162762e-01
-3.112009419993448489e+00
1.500988203681798971e-01
-2.351159922941263858e+00
-7.941901344541264507e-01
-9.570095185543620042e-01
5.379721401573654971e-01
7.380925196304327640e-01
6.767529309679158889e-01
1.004748796160463087e+00
1.440535046081544479e+00
-1.123287504974440854e+00
-3.961823825124831111e-01
-6.771248397029264732e-01
-1.449781202425961535e+00
-3.340251901423044734e-01
-5.989088324318209144e-01
-1.387266456273542836e+00
-8.307141362235906934e-01
-1.300808052554008332e-01
-1.245139972590292854e-01
2.120482907665180772e+00
-6.497373865258242454e-01
-5.914359384843388412e-01
-2.402740320249769024e+00
5.207942761141840515e-01
1.149598984328431772e+00
-2.488900318322961880e-02
1.816949314793876447e+00
2.592664909927920203e+00
8.422811409759399792e-01
7.944642224223098514e-01
1.867309461305914464e+00
-4.870857904457147058e-01
-2.505217971192128523e-01
-1.072416293779818286e+00
-2.997986928011842522e+00
-1.289583557878305475e+00
-1.062891824921940120e+00
-7.845562650448720809e-01
-1.384661907003243986e+00
9.079944882504644710e-01
5.864475946273139950e-01
2.689152267933810236e+00
1.222959985446589348e+00
1.799154565361006153e+00
6.532561406158758910e-01
5.038826041798212252e-01
8.551653513103961712e-01
1.183644154049141139e+00
9.251454114205948098e-01
-1.306032679871054425e+00
-7.507093015547221526e-01
-2.885438295935580211e+00
-6.615849002635810772e-01
-1.516525037994472136e+00
-3.924229603433878610e-01
4.944422125148238978e-01
-2.139070512879865937e+00
-1.917675178001789327e+00
-9.790517933877879164e-01
1.848210279346448326e+00
1.195615461667574930e+00
6.336252510964575091e-01
4.885653736762156640e-01
2.023372725657436977e+00
-2.866770199610783054e-01
-6.940034455130430491e-01
-1.485866237785612887e+00
-2.182201388259248365e+00
-2.295932401579797499e+00
-1.306541691455473053e+00
-1.028631264161760317e+00
4.394082927976374897e-01
-1.580787351222859183e+00
4.171311238199842286e+00
1.142907253944048129e+00
1.830103500936755001e+00
2.375046834142796826e+00
1.644368971734865070e+00
-4.840616546706127954e-02
-2.123219063011224095e-01
-6.751014788194502625e-01
7.629278016466318757e-01
1.121820697656764620e+00
-1.137962178558499515e-01
-5.784412771119464836e-01
-5.178725132915429352e-01
-7.804076086701422499e-01
-9.486217229261322270e-01
-3.428344962653377515e+00
2.964089122839499435e-01
-5.024461444134049604e-01
-2.114691184985929340e+00
-6.033466909676259426e-01
-1.592617719532552156e+00
2.170557227687813118e+00
4.353329293682033807e+00
1.272646690781196410e+00
4.906418248268100690e-01
1.866381071553472326e+00
2.808527670800487375e+00
-1.273536700974273295e+00
-1.626082224618337069e-01
-1.262283948403416289e+00
-1.872236696689373314e+00
-1.477195435101632759e+00
-1.060890321312832008e+00
5.564859836684482586e-01
-6.643938077768539729e-01
-5.095246976834399977e-02
-8.196752358182979314e-02
-4.536483880754544895e-01
4.835645408642352816e-01
-9.093346085843030391e-01
-5.038018249413603877e-01
-9.456804729393765152e-01
-1.483547306075413630e+00
6.422184897290901251e-01
2.627350169264777158e+00
-1.500118587921841495e-01
-3.535126227488070150e-01
-3.626348086205741228e-01
1.066438438254975196e+00
-2.874747021863928165e-01
-2.129188762585857209e+00
-9.891261452659212416e-01
-1.466706425118833534e+00
-9.514472775284836814e-01
1.247080991793581284e-01
3.186271509868520146e-01
2.432207725627174355e+00
3.208412495459892710e+00
3.213144419264122309e+00
1.401112969236982142e+00
1.303758406669811354e+00
-8.989924593038250977e-02
-5.518936131696773328e-01
-9.069165933811309532e-01
-1.590801369688932931e+00
-1.642711957118807575e-01
-2.175911922815537913e+00
1.340876998676397758e+00
4.349032099576757293e-01
2.001811026715923647e-01
1.047717459325461897e+00
4.492875439941216298e-01
-2.291504620130142555e+00
-7.825554275756231581e-02
-1.205937064905818090e+00
9.036036718862331396e-01
1.074749274459215087e+00
9.067167880904709598e-01
1.576388500039715312e+00
1.157834773860371147e+00
7.694377764022745092e-01
-1.518387128557090737e-01
-1.480687939759448346e+00
-2.502276535098755250e+00
-1.835095464831871581e+00
-1.020504490706970913e+00
-1.968095442182378196e+00
-2.790837620968336985e+00
-1.953519498458776982e-01
-3.642458452964369986e-02
8.633457001548072718e-01
1.634011941279714053e+00
1.011964659524388965e+00
-6.646904229581052093e-02
-1.970828233615122271e-01
-2.018941515204744075e+00
4.103544017722579040e-01
-1.273228469468311363e+00
-5.201661407027636796e-01
-3.691738409429312640e-01
8.458504584553349082e-01
-2.358846558732474286e+00
5.457948099216243243e-01
-1.294340905220207893e-01
-1.263215439836140375e+00
-2.525320794371331168e+00
-3.109127893898263606e-01
5.735437105160172688e-01
2.040773558601569171e+00
-1.343020634275174263e+00
1.064284340739900525e+00
1.948211074587812286e+00
2.015386266535075244e+00
1.027394353485494127e+00
1.721294733351340867e+00
-9.368811615628092060e-02
-1.279126393036936538e+00
-3.990815784241403819e-01
-1.718014645316611189e+00
-3.115043737135213320e+00
-3.625858595615466307e+00
-2.780809584311616511e-02
4.312902794261770367e-01
1.262942749950381582e+00
-3.199057418257629237e-01
2.609991937908610282e+00
-9.857166047533671982e-01
1.320087349201955362e+00
1.405749189859541781e+00
7.462208076794558664e-01
2.659701756462077959e+00
-1.279384772488092681e+00
-3.197989950959815308e-01
1.208084384898698183e+00
1.125412650634586065e+00
1.531353608577308734e+00
7.110048455484929697e-01
-2.966330466389716092e-02
-1.897180964479902698e+00
-1.724350352092264504e+00
-2.436385101519317864e+00
-2.522950903663019773e+00
2.220617431167638545e-01
7.184167746234795260e-01
8.750196727130093999e-01
1.899438991678174871e+00
1.778148564091495798e+00
1.275612665630412090e+00
2.561705038660486711e-01
-7.949314804794360700e-02
2.487227003104809375e-01
-4.723006743448738831e-01
-1.781189714242105149e+00
-2.460495510408393649e+00
-5.766653540417461254e-01
-9.744087679361127519e-01
6.203164252575410487e-01
-6.369348275611130816e-02
1.406981641349343004e+00
2.354139503316584392e+00
1.586826023414135145e+00
2.739938029626335148e+00
3.975726461366008158e-01
8.870304543402169895e-01
-1.949517981815663603e+00
-1.048561217092115694e+00
-5.196216036063517896e-01
1.732876125109145571e+00
7.266989517272032240e-01
-1.244732650818221042e-01
-1.286974041422785042e+00
-2.247576946918176333e+00
-1.128585472480680085e+00
-3.785972446079093334e-01
-2.803693855131634383e+00
-6.226559979387321642e-01
-7.469883107294368330e-01
-3.936481903918750969e-01
9.183738008971480404e-01
9.820781243492885393e-01
2.077480898827102074e+00
2.218968453279263731e+00
1.406918971438161803e+00
1.271324955780077648e-01
8.067708991551680864e-01
-1.232256861934731162e+00
-2.944341127386764789e+00
-1.021342115218821789e+00
-7.207036664308146268e-01
-2.382213593940010199e-01
1.874734194193458325e+00
9.757710960234844411e-01
-8.560014412472871648e-02
2.861550119764420419e+00
5.355063435864393373e-02
1.218303065329797708e+00
7.530478391349075817e-01
1.185589681670771167e+00
-8.599277819005241019e-01
1.085457351979079998e+00
1.626378115124977430e+00
-6.892113357846829658e-02
2.000454508125309339e+00
7.525258703463213461e-01
-6.210329254599733506e-01
-4.421617515884692651e-01
-1.014067347976034039e+00
-2.910738502648852144e+00
-3.402528675897365407e+00
-2.059161834910840483e+00
-2.140696819023178321e+00
1.778911423693998461e-01
2.499094551788271223e-01
1.995602778711398351e+00
2.283954541906063174e+00
1.504431403032360670e+00
1.591786145225898563e+00
5.314440401504341160e-01
-5.593752020378071066e-01
-1.870306542367773828e+00
-1.711019585932929132e+00
-6.738483974555949940e-01
6.609679060370250436e-01
2.498960581673627113e-01
1.027366893231773215e+00
-1.543258425273348333e-01
3.443300685995884236e-01
1.176206473034770994e-01
-4.680073516153878121e-01
4.242336724104909251e-01
5.284657488838149231e-01
2.059752881303511973e+00
1.433243490909723028e-01
1.926189699019536405e+00
3.013932411431831326e+00
-5.678357689242583550e-01
1.173940026343543330e+00
1.698934698116565389e+00
3.392511649811432717e-01
4.493500031726533339e-01
-2.281001269130063513e-01
-2.071937911826123191e+00
4.620213518574293743e-01
8.579484056697630479e-01
-2.535011266330226665e+00
1.491376651318358615e+00
1.251439708270244422e+00
-5.657195523209939125e-01
4.794573218156755745e-02
3.726716289773766566e-01
-2.414048766118276346e-01
-1.200421605521940105e+00
-2.904970962715657801e-01
-1.449708455310100730e+00
5.258358262974441866e-01
7.244467621152045345e-01
-9.690764784631470397e-01
-6.839289551816578605e-01
2.108827815316046017e+00
5.815446583633794297e-01
-2.023321572644563027e-01
-4.097120208572493372e-01
-6.340300670767993196e-01
1.054485885975474657e-01
-2.086654118441316541e+00
-5.293389642351342683e-01
-2.679875717884722553e-03
8.199249300056273004e-02
9.440129102372969427e-01
-9.314619760755759037e-01
-4.086108962322269056e-01
-1.718365868670864993e-01
-7.853426852330669394e-01
2.840943766445911400e-01
-2.033779740298284344e-01
-8.096328765574575259e-01
-3.435444331555867481e-01
5.641347185076702742e-01
-3.008930250917268845e-01
-1.394702760274583619e+00
-7.177874298959556754e-01
-5.540926752247722353e-01
-4.861485881662413466e-01
-6.372254993114913058e-01
2.482285245287097819e+00
-1.164893755310572487e+00
1.924976023683040993e-01
1.999161560609919341e+00
4.888171308417086358e-01
1.265319278958833449e+00
5.726366452014516328e-01
-8.194236535161107671e-02
-7.344931050060815592e-01
-2.180490898945993128e-01
8.089575799862732675e-01
-4.644229151931539984e-02
2.231362162773884161e-01
8.964317951276000451e-02
-4.875246533505061403e-02
-1.284137059934906899e+00
-2.247665254334421547e+00
-1.910887610774367751e-01
1.278843881033430163e+00
3.279332540256222339e-01
-2.476636880768140758e-01
-7.161379365536890695e-01
1.346383067988830673e+00
1.559660302716539881e+00
-9.543102782496257763e-01
1.119175850558961516e+00
-5.865578454274448378e-02
-1.157802897487703708e+00
-1.776911385334525584e-01
-8.266551895993003995e-01
1.610653449507831292e+00
-2.688391600642110399e-02
-7.077697817962125271e-01
-5.349469142439646774e-01
1.595098384144250536e+00
-1.439874562150933679e+00
-8.770296055483627340e-01
2.300188586245123901e+00
1.129446844644388159e+00
-5.516976119536509682e-01
5.971234170949343140e-02
-8.486286387635684214e-01
-4.619411124426758830e-01
-9.570861325616442095e-01
-4.376659102076788099e-01
1.109888308113750943e+00
1.286132688837173355e+00
-6.210772421295165380e-01
-9.899850477980982610e-01
1.435803064633652593e+00
-5.591541632801009243e-01
1.674817453739328998e+00
-1.447893826475175616e-01
1.368027097997397634e+00
4.333881942090848233e-02
-1.190516229938433979e+00
-3.759575565928420793e-01
-7.787841735851788183e-01
1.074807098438057329e+00
-1.018913796453273291e+00
-1.668510457051330664e-01
-7.430641052674339386e-01
-8.667082523366660338e-03
2.272520286332232242e+00
9.812110494721353326e-01
-8.893565230364879337e-01
-4.930859255484427717e-01
-2.448408303445089029e-01
1.449270915652943970e+00
-3.661738228966037734e-01
-2.009946810385319360e-01
5.449319953799294236e-01
-5.197258394156450967e-01
-5.005943863611966860e-01
-1.086190994732107118e+00
2.277073836555987274e-01
-2.266596118179275976e+00
2.484758474817560181e+00
5.731554983320131802e-01
8.235569655484841212e-01
-2.876378610792202917e-01
4.983616605473125682e-01
1.385048505541154107e+00
-9.882731892972215770e-03
1.163937542307369011e+00
5.221840854567566526e-01
1.347481920520046339e+00
1.511272843250227593e-01
-1.969751808828105188e+00
4.843123159320498750e-01
-8.010563295733909017e-01
1.199295915881245927e-01
1.425011883697635540e+00
-1.292751813017740892e+00
-1.414012681081016964e+00
1.003440680592900591e+00
-4.465273156277334010e-01
-1.316735392226160428e+00
2.179684365346181707e-01
2.383925688812733146e+00
9.838426097640445844e-01
-1.978600193341352453e-01
5.128808816040970192e-02
-1.667452018251341095e-01
1.511749794731277907e+00
-7.219795734452464364e-01
2.729339922699444004e-02
7.545391089664955919e-02
-6.001232091240482625e-01
-1.163960362089279665e-01
-1.206660775366561467e+00
-7.218433803835658802e-01
-5.305141442110148375e-01
-9.239957490574662868e-02
-5.310892562428103369e-01
1.354902801893675290e+00
1.394181059298846614e+00
-2.971513101969733284e-01
-1.186198726882833343e+00
-2.160060126597381114e+00
4.369212309614829010e-02
1.708511880745657185e+00
-3.953970956740729403e-01
-2.269669058883944324e+00
-1.321541813568208878e+00
4.086641120096403679e-01
5.823337112225323020e-01
-6.926414467068990888e-01
-2.070353121005159558e+00
1.145702421181287178e+00
1.960719966242207846e-01
1.061917018521790990e+00
7.617021195502470254e-01
3.272707784228953143e-01
3.889346321100497939e+00
-3.257541507160819916e-01
-1.223405124824604506e+00
-7.967027183746225871e-01
-3.364493035612673433e-01
1.740998783428714614e+00
2.122749234045351596e-01
-5.597856874294505625e-01
-9.502020730469452614e-01
1.656097536079000232e+00
-1.368854857073539932e+00
-1.300026233299692024e-02
1.684008051470247347e+00
-3.667641200710554661e-01
-3.153922013615371167e+00
-2.666504762773276860e-01
-2.368693887676698029e-01
-8.520884772796742945e-01
-5.912635932744106926e-01
-3.417849885715191216e-01
-3.920348838556365623e-01
-1.394443468066728642e-01
1.732023960795056716e+00
-4.512995083378567029e-01
-1.653777732627557340e+00
-3.131948740593900049e-01
-1.107924166500483976e+00
4.808675827301709393e-01
2.083693129755610496e+00
8.816083965869269123e-01
1.032362155818955740e+00
1.051996107543903713e+00
-4.240310129494769820e-01
-8.277748584019516409e-01
9.885081499217264200e-01
-2.098799140642024774e-01
1.317410659298127173e+00
3.918080978418629345e-01
-1.985098241414341214e+00
5.303865065857006345e-01
5.416234432391544562e-01
4.206138337960771412e-01
-1.430063033102685788e+00
1.078095565266573796e+00
1.149232479872063006e+00
3.032859945946273506e+00
6.246123290310054976e-01
-2.835043674579126871e-01
2.303561189082902090e-03
1.155786297705032162e+00
-9.077796589033156893e-01
-9.898318369666976313e-01
-1.126271461565657939e+00
1.043772640978346100e+00
-6.800821422996101706e-01
-5.728947964250475922e-01
-7.740253457888174315e-01
4.707213159355703724e-01
-1.676372251662013646e+00
2.620034523398537818e-01
5.220028967272184461e-01
-8.762092293692926859e-01
-3.635315906195054070e-01
-6.371363411576902447e-01
1.197390703922356775e-01
1.389725541307965218e+00
-1.938158704876752000e-02
-8.410399098990181121e-01
-5.622829267848391543e-01
-7.474899470686863223e-01
1.060618873746262958e+00
-2.205809199454071834e+00
-8.841911739701852069e-01
1.997550705274858007e+00
-1.172270161749970230e+00
-3.122895110054002554e-01
-7.522129019226886371e-01
-2.617096452407063900e-01
-9.568233906289682622e-01
-1.896758113098569565e+00
-8.465822611898752292e-01
1.851563273732706461e-01
-1.753947871552134607e+00
-1.119462185789266151e+00
1.875571061482079971e+00
1.042143215986328642e+00
7.895419264126997128e-01
1.408985869858606410e+00
9.833733086383186217e-01
-3.767315104422722660e-01
7.162580002244685051e-01
1.365001893555569445e+00
1.020963138227027750e-01
-7.246519802414891354e-02
1.312092509253901251e-01
-1.295322828754638111e+00
2.164018323053221726e-01
4.540531281980154099e-01
-6.396265996415608779e-01
-7.777538491456541525e-01
-6.739923067119210076e-01
-6.025879529534221568e-01
8.503008510703664868e-02
1.017150893045373206e-01
1.217189696889240613e+00
-4.461049354592245830e-01
-1.309497905383558702e+00
-1.488378614972315273e+00
-1.099109973031345833e+00
1.456479389931940593e+00
-1.317342472484475335e+00
-4.422837551955240420e-01
1.261713576361265521e-01
1.610328147530133647e+00
2.062075377562440082e+00
1.080345670249127504e-01
5.557770331855987900e-01
-1.023924647873752231e-01
1.004263349759232149e+00
2.931069962919070071e-01
1.498096578577675364e-01
-6.953752483140553942e-01
1.054959312068200816e+00
1.078038525791838453e-01
-5.838756092527098707e-01
-1.113346174499505903e+00
-1.547247557976390242e+00
-1.287486828036445319e+00
1.585560539546504791e-02
1.412434472032574329e+00
-6.172347209010136115e-01
-8.491162815441090084e-01
4.325344068607616665e-01
1.836132566164076496e-01
-4.469781738979948238e-01
-9.827826733386125779e-01
-6.652050785323930793e-01
-1.946288492383422941e+00
-9.325891628628582009e-01
-2.790584827359672837e-01
-8.997750918860090152e-01
-3.837791599621114824e-01
1.564755458618050765e+00
-9.496989292455741971e-01
-9.508608203577465501e-01
2.387541305769743105e-01
1.110586512599122944e-01
2.938385925813274957e-01
1.978699108400025219e-01
5.257119729093004956e-01
-1.182784064734359930e+00
-1.729344495003834359e+00
-1.718243215131824986e-01
-5.095809983018385614e-01
5.578007300310021677e-01
-8.491137958065034796e-01
2.779461076709027978e+00
-2.406741561109460581e-01
-1.523818962105249586e+00
5.631168683490627158e-01
2.607731223838530635e-02
2.952462627752540758e+00
1.518360019204503475e+00
6.256246627090620294e-01
-4.171911782017703740e-01
-3.236126629319191483e-02
2.243389356511864552e+00
1.157572396272155135e+00
1.748830798449938939e+00
7.487985525882914217e-01
-2.639992305112127458e+00
2.386345546607848978e-01
-5.732059723072259194e-01
2.108262079532699396e+00
8.059281668096633933e-01
1.452145186176511560e+00
1.132091930681970560e+00
-1.846914008769025006e+00
4.157665423934693294e-01
1.152499996847025310e+00
-2.679627128925971546e-01
5.079857831145393465e-01
-6.671072564852678077e-01
-1.050225156917826974e-01
1.283900632350082560e+00
1.548367626936841601e+00
2.566667854133586890e-01
-3.767100274065766086e-01
7.900195519039622249e-01
-1.064553583712948420e-01
-3.029048414098927666e-01
1.712942938850755548e+00
-1.123159782942087515e-01
-1.305422096370846274e+00
-1.320524038108486176e+00
-1.415066438660509962e-01
1.012973671593766722e+00
7.766378140115522966e-01
-5.602516510526323046e-01
9.070506705008765103e-01
1.613334995127033988e-01
-1.169964797773022314e+00
1.846613062644533176e+00
2.282139065921974172e-02
-4.288627498147210004e-01
2.854492646884104534e+00
8.526966159905569054e-01
-8.605393252823450023e-01
9.475582669537718772e-01
4.854450158127925352e-01
1.326216270069797920e+00
9.712302207095824258e-02
3.246465753971921608e-01
-9.793065520688334358e-01
9.752028007350140026e-02
6.217677968438163338e-01
1.303847817023215727e+00
1.023966013327647362e+00
-1.043103641311861063e-01
9.805588676305155849e-01
3.817861629980983662e-01
-1.227631360970791730e-01
-9.429423958863445421e-01
-1.122503532250228586e+00
-1.169363884611708482e+00
-1.596884826264211910e+00
1.037395860304359818e+00
-8.970472855626281106e-02
2.792924233644769050e-01
-2.887186810215436328e-02
1.704166762432725024e+00
1.433643255648316517e+00
-6.240582058012619227e-01
4.215832556233776174e-01
-2.009716558819885979e+00
-2.354305942049264466e+00
9.131743562593928887e-02
-6.746186322091747289e-01
9.217526715652922809e-01
2.458670632039565707e-01
-2.247154921130019856e-01
-2.403721051212602544e-01
-2.573167910825009397e-01
-1.175787356380934429e-01
1.139362722665226008e-01
8.166944555973267850e-01
5.869593614084074318e-01
-8.952852277417973070e-01
-5.125044133321412509e-01
-1.570630562660687790e+00
7.791686027063866593e-01
4.493535546755015320e-01
-1.210753976037665547e+00
-1.121027178238430400e-01
6.391692283710735945e-01
1.884017669574423737e-01
2.034884801602655280e+00
-8.549020334573802227e-02
-2.978123555725789906e+00
-9.028299090782941627e-02
-9.987414232717704010e-01
1.731392891994368577e-01
-1.254330736881534625e+00
-8.821995234071867698e-01
1.795603625706278586e-02
-2.092185014949525801e+00
-5.490248769110684934e-01
-1.982304420998222794e+00
6.994163533324335713e-01
6.441448814678912838e-02
-1.065043727908277615e+00
-8.411332974143058694e-01
6.386398032113325129e-01
-1.143429644088322927e+00
1.904105797288572433e+00
-8.640247761293089190e-02
9.939327192250497767e-01
-1.815808324986287747e+00
8.955139455747754829e-01
4.832620033221705080e-01
1.408309740063214965e-01
3.769319195110463760e-01
-7.151676732714822016e-02
-1.581607460941191867e+00
4.082722169114766375e-02
-4.283954849469110426e-01
-1.270112719830607251e-01
2.107884068573102898e-01
-9.133154150184698006e-01
-1.431667913693263294e+00
-2.000368800694085018e-03
-5.815640978603484612e-01
1.719150753325598746e+00
6.226833466688421748e-01
-4.474545938737088946e-01
-1.073116715209858407e+00
-5.448320431295753385e-01
4.425129113551800608e-01
2.392041620258453793e+00
1.103936342924556779e+00
7.081252127111141714e-01
-2.216782700215667479e+00
7.045951651253602455e-01
2.035120188781944339e+00
4.375845543612556510e-01
6.013361941818762268e-01
-2.344629700545394491e-01
1.198244015213663749e+00
8.687519396412172190e-01
1.314728211551318582e+00
-6.626888876305959963e-02
-6.561286933853119896e-01
2.253826906309784217e+00
-8.455085323936027686e-02
-1.343419621680185694e+00
3.594224352582569004e-01
1.994293138351769912e+00
-2.110881005169161218e-01
9.327888855543718938e-01
4.670886017690527026e-01
6.573967749271439898e-01
1.583644728484600916e+00
-6.262246500227113266e-01
5.535532043592383822e-02
-4.624565898342500314e-01
8.861510656559076771e-02
-7.589075324256090438e-01
-1.547632758232783401e-01
7.998319266081137524e-01
6.500925671424717667e-01
3.013508524852095971e-01
-9.348277691882185270e-01
6.452672441025401051e-01
9.031412664213388508e-01
-2.251844355205974979e-01
2.716794827424675596e-01
8.446312764099024317e-01
1.389527213916627590e-01
6.144824703166933411e-01
-1.030673084199362100e+00
3.726483330393149940e-01
5.892017680647518851e-01
7.177387603322774590e-01
-6.176910673212003822e-01
-7.389326294359799263e-01
-2.172683558843788443e-01
-2.827366930113112686e-01
-5.499005550906100881e-01
1.615548787547650689e-01
2.309064123841057525e-01
7.292384459200008662e-01
-1.606284752020808115e+00
-7.143750395810706533e-02
-3.457000552348131195e-01
-5.267403197409811222e-01
-6.303023445999254015e-01
6.970369026071961960e-01
2.919687280783429539e+00
-1.955433000527435558e-02
1.005477204204539676e+00
-1.811178337324364618e+00
1.113228570582457833e+00
-2.491627526117776159e-01
2.812690946612416698e-01
-1.011037131059069116e+00
6.980021634124320418e-01
5.065219802907924285e-01
-1.201413798987198411e-02
1.022875091118021551e+00
1.971096959113150859e+00
1.738840954781908088e-01
1.836282624656230933e+00
8.446207676728320068e-01
-2.063493455605572180e+00
-1.997450377299568036e-01
-4.728418360971012868e-01
-1.719758570393976171e+00
6.541307043617140549e-01
-1.827746039511732201e+00
3.295663106140270249e-01
1.512009898289952359e+00
7.415233043525631951e-01
8.301132680851615042e-01
-1.677480946158385056e+00
-3.875141563203471362e-01
-1.046129589192024839e-01
-1.400115501417693364e+00
1.175535912452192605e-01
-1.935980238258979691e-01
-3.478352548754041762e-01
1.820009490995080359e+00
7.513271621965418312e-01
-1.424221145949691403e+00
6.015942609847232392e-01
-2.000779099975546593e+00
-5.445218070963490087e-01
-1.056039033105087011e-01
-9.922463664795024840e-01
7.272298800657096829e-02
7.727747635668205106e-01
-3.079811415039890865e-01
6.914222232950467673e-01
-6.591007284928505072e-01
-1.327492108053855979e-01
-1.170165415946767373e+00
5.204620141611325801e-01
-5.523570268010869616e-02
-2.552838062607078462e-01
-2.903298832274396890e-01
-1.887407186033169371e+00
6.700988332659719715e-01
3.383779744275610679e-01
1.101742454893044565e+00
5.577370552439583906e-02
-4.476677617953210286e-01
-5.334310980155442250e-01
-4.124898441480358557e-01
8.281214972428806442e-01
-4.991010881620066009e-01
4.196585190671444643e-01
2.748773453738281525e+00
1.261483992404558219e+00
5.222134317728188702e-01
1.367328164655954748e+00
3.014845075254070084e-01
7.435855312294686881e-02
-7.626107042069940611e-01
-1.350723448801312232e+00
8.322488033468187218e-01
-5.693685669573855801e-02
-2.545298898759008610e-01
-1.386922907370206293e+00
-6.394158388760406986e-01
5.556458709687261965e-01
-1.739021159920691506e+00
-3.071785940614227606e+00
-1.875241920340355861e-01
-5.369398895812832473e-01
1.804083738140496440e-01
2.698919276080768981e-01
5.509971741519782418e-01
1.977009635643505181e-01
6.612202207143567101e-01
-2.978411243656586826e-02
-3.302738217540992505e-01
5.704073568628812430e-01
-7.023032648155262958e-01
-2.012421503238450704e+00
-2.196608889337602344e-01
-4.576224357654143926e-01
2.436184128592174591e+00
-1.040669557789364985e+00
-5.046541403082134281e-01
-2.125608057524755345e+00
-8.503083368915521634e-01
-2.001868685531702496e+00
-1.391021324457184516e+00
-1.268578303493663295e+00
-2.624692053151388205e+00
-5.514983052881295977e-01
2.282022633160286418e+00
1.670936294140349609e+00
1.685077440531177029e+00
5.732825896865760829e-01
1.390423125848612163e+00
1.138452469837189174e+00
9.856928157102053945e-01
1.989598727152626534e+00
-1.213933088432078033e+00
1.887636916438187873e+00
1.649986360270971009e+00
-1.450573530739968309e+00
-8.909490477249502050e-01
7.296618754592121281e-02
2.343909451300922875e-01
-3.184358194919852281e+00
-1.412955919599045984e+00
-4.005481059524684806e-01
1.447967850998969075e+00
3.905308045226728031e-01
8.651047852041056085e-01
1.436503590263214392e+00
1.183096533836330622e+00
1.235998357774701573e+00
-4.112449892385797723e-01
-2.963087279897926862e-01
5.117920401990992962e-01
2.003912984460445301e+00
2.267970228722450798e+00
1.894660502984677919e+00
1.461105094525253945e+00
-3.937507232328769646e-01
2.352891326645213166e+00
-1.599572200584316928e+00
-1.879577498919353884e+00
-2.901817852570005574e+00
-7.845402391388403007e-01
-2.927621708926866351e-01
1.086591896736369911e+00
-1.311493018990486981e+00
1.909464390533050615e+00
2.891931688592186411e-01
1.271063910401108998e+00
-1.273660292782491377e+00
-1.634850176548865885e+00
8.518284057657067310e-01
-3.352857085429526984e-01
1.442515946241794023e+00
-4.140692421724707639e-01
1.396526072492302761e+00
2.027032405855017760e+00
1.933261093174719392e+00
-1.057036051794536302e+00
1.391399217044365089e-01
4.251380806430955506e-01
-1.310306959734054644e+00
-1.990804747396139440e+00
-3.899775653714301349e-01
-9.212266673609617040e-01
7.928437565799252296e-01
-1.361584569133898359e+00
3.090337624223681856e-01
4.930580075825798936e-01
-1.929094212655096952e-01
-3.004969044823006530e-01
-2.168342637069192502e+00
-4.584158111704675909e-01
-2.994051142248876918e-03
4.867729549209370288e-01
2.132038908154889612e+00
1.446856089496934672e+00
1.362503085170177375e+00
-5.876186896350832356e-03
2.996440471919975757e+00
6.658784221625154709e-01
-1.252009426380945145e+00
-1.849524386487262806e+00
-1.484992628973612838e+00
-9.426888580734870127e-01
-5.793877111916743150e-01
-1.463756667773274067e+00
-9.052659031098234665e-01
9.837361462573479542e-01
1.083362973363703130e+00
-3.878824084846396403e+00
-3.010271309222929403e-01
-9.468666051780177950e-01
5.564177141659309989e-02
-2.107382382596903470e-01
-4.179913183605102889e-01
-5.764081518714547769e-01
1.070485719540556158e+00
5.077412680270076972e-01
3.639226792654564058e-01
1.245955611319042200e+00
-2.370084420315519580e+00
-8.495398415492467770e-01
-1.363155069849051770e+00
-2.768380735265597359e+00
6.964112873777094093e-01
-1.096795867622975207e+00
9.998709926064077713e-01
2.166214741889768980e-01
-5.479366971101308215e-01
-3.608506804939852763e-01
-4.090562831392496879e-01
-9.924659840220279028e-01
-1.500451954840288149e+00
3.395158693408377726e-01
2.742956943997481467e+00
1.478525583751315597e+00
1.856530812967810418e+00
1.857846949769110800e+00
1.493892369368287509e+00
1.553360294107952955e+00
-1.831885646921936339e-01
1.874030347663005802e+00
7.476149634307414082e-01
1.390439973549422170e+00
-3.881797795828197950e-01
-4.132363731842880195e-01
-3.183199424816884893e-01
-1.163313645592559120e-02
-1.956423840172631046e+00
4.423801611175777193e-01
-1.241934068858419948e+00
-1.619112758107704053e+00
-3.029397018765282112e+00
-2.190452349021827949e+00
5.859488336021887456e-01
-9.948552901671416926e-01
5.709437625648349224e-01
1.566529255473046334e+00
6.513338507157333535e-01
1.704241219756092995e-01
1.511504234931573265e+00
4.721501824739037234e-01
6.561399472468891769e-01
-7.441714187472406872e-01
-6.162217321324783281e-01
-1.385759900166851077e-01
-1.679205382911241884e-02
8.885260133491406087e-01
7.261962652347575542e-01
-5.737912927424967391e-01
-4.658686570076306932e-01
-1.655183434750514548e+00
-2.212096190525528083e+00
-1.515478586668913774e+00
-5.464922388221250538e-01
5.264350381307401072e-01
2.777146321633256476e-01
-4.887203440282994471e-02
-3.505683850964957937e-01
2.005262406967532218e+00
5.039353344040675697e-02
-2.777697881954036552e-01
-7.405354267513509781e-01
2.521582668009175188e-01
-6.840287260528221669e-02
3.468550121098121775e-01
-7.926701881015700835e-01
6.291046912726905305e-01
3.310540335623594066e-01
-9.245875533136960200e-02
4.055567034388828374e-01
-3.640128724826918738e-01
-1.236919819450035485e+00
-2.454847423751523650e+00
-1.581380580684665471e+00
1.753173109598865631e-01
5.452221381463793204e-01
1.530676001010944809e+00
2.361449941408352515e+00
1.373155718735697306e+00
1.681483486501652802e+00
1.057745947295352318e+00
-2.328181017689368915e+00
-1.803190487049923574e+00
2.045497612119220321e-01
1.570224618866122412e+00
2.628513187798716455e+00
1.756908216148549418e+00
5.971401707662684633e-01
-7.618900126237726500e-01
-8.426557005189858618e-01
-2.726078530467815675e+00
-2.159837751452889698e+00
-1.245205140291061774e+00
-1.373924302740009207e+00
-1.910841393259608667e+00
-5.531185353530162496e-01
1.530106294864193028e+00
3.148762528278195583e-01
6.543261798479624858e-01
1.364823305279432741e+00
-1.209922840966295432e+00
-1.574850510036989615e+00
-1.890706919350592652e-01
-4.390523398546127831e-01
3.002539404944593038e+00
1.175546973684848950e+00
-1.391156855525917946e+00
1.822901709217513488e+00
6.676200570925014954e-01
6.685605797035393261e-02
-2.542209718612973735e+00
-2.058968802284401711e+00
-3.401438410565598147e-01
-2.085624974454420855e+00
-1.697144058312476833e+00
-1.942208889906759994e+00
-4.791046019915713994e-01
3.544721750757740875e+00
2.493521803511871138e+00
1.058634023157437598e+00
-4.352340771912440731e-01
-3.043415864365583978e-01
1.867526630563153045e+00
-8.019073803285503566e-01
-1.125160084178157271e+00
8.559032314097460015e-01
3.758863499123824781e+00
1.622536782440255454e+00
1.373832890146239993e+00
-1.462492504755679157e-01
-1.575902119899441844e+00
-1.975728384282668060e+00
-1.845364637411975650e+00
-1.682681575038225796e+00
-1.963607237092653834e+00
-8.211075808452090730e-01
-1.673901769619323021e+00
-8.138945289721702947e-01
-4.589749977337420628e-01
2.323754501468234146e+00
7.629770431793938545e-01
-8.529614146375099626e-01
7.665803966669648695e-01
-4.943576248210084789e-01
-7.762666234777526597e-01
1.094566556671356494e+00
-1.323968853771007037e-01
1.068280707523908690e+00
1.946933534449123204e+00
2.733960722097463325e+00
1.793830546727660291e+00
-4.140048082851669475e-01
-1.421065755508596817e+00
-2.526096616766530190e+00
5.529100106148510108e-02
-2.412779826435163422e+00
-1.212244996890223803e+00
-1.044441911697538083e+00
-3.048318504877776114e-01
3.514146364496126274e-01
6.048658801955481001e-02
-1.855439042795574478e+00
-1.681443176809525708e+00
-8.898820040648103280e-01
9.490628375706686715e-01
1.229450521116412232e-01
2.146902511647225786e+00
8.629624195544000065e-01
4.921171438779188279e-01
4.077227216279315059e+00
5.416435260007850250e-01
-5.988263563380304966e-01
-1.413158018491968981e-01
1.560198657360186481e+00
-7.746569439946675573e-01
-1.476263944171263276e-02
-1.565785976828972581e+00
2.240829140554120080e+00
-1.594165516709139752e+00
9.417147977950346416e-02
2.970152675130200981e-01
-5.793011953985289786e-01
-5.987567612505391157e-01
3.698152180967433367e-01
-2.832159482503121550e-01
-1.420434134082293465e-01
-3.451916242267982771e-02
2.045174766089902008e+00
1.079455023146635106e+00
1.425482788289076597e+00
1.401737641656881195e+00
7.071725307568250685e-01
3.920503851084906621e-01
-5.250260038569025678e-01
-2.948667087070755422e-02
-1.082580044837855526e+00
-1.152168994796341162e+00
2.127016987205879728e-01
9.043478914885319520e-02
1.312682625555090077e+00
-1.322764262774436816e-01
-2.209247316195539490e-02
-8.045527211429459591e-02
8.865116763745328754e-02
-4.241962246985296892e-01
-1.873034544519009081e+00
-9.709655279601914213e-01
9.546661828775830916e-01
-3.550311339331577720e-01
8.529401660253093098e-01
2.046484696609210729e+00
1.380875870051014642e+00
7.963651268364599911e-01
8.285956738531726762e-01
-6.064200492479848714e-01
-1.286958338426433812e+00
4.970908717098520002e-01
-1.594328099500364804e+00
4.275826594416192727e-01
-5.608745033780998535e-02
1.358413100353002834e-01
-6.530553110103508585e-01
-2.474894692114636641e+00
-2.039172569434959836e+00
-3.226964269713602285e+00
-1.618847026785914522e-01
-3.039577287386550086e+00
7.433657680888205999e-01
2.867733925305556042e+00
1.767528386056594902e+00
3.388554973211054921e+00
7.379047535176588291e-01
1.546862257903005577e+00
-3.499125865452994422e-01
-6.506494542726969366e-01
1.020638618342464055e+00
-2.452747124448125260e-01
1.211512528407569622e+00
1.362593299522945500e+00
1.138166214112291685e+00
1.539798372874033205e+00
1.272205679134899570e-01
-2.087678479940695997e+00
-2.094671071775466853e+00
-3.132155978411116148e+00
-2.519011948839337656e+00
3.968503724432834723e-01
-9.851824035026319759e-01
2.175914148587509978e+00
1.088438392863640747e+00
3.106196533966808282e+00
2.060387392709056797e+00
2.059384281202508049e+00
-6.200404336316799325e-01
1.586418209983565752e+00
1.136817263224637609e+00
2.712012483141916341e+00
2.169864442260881710e+00
2.463105039259732898e+00
-1.864051643130681946e-02
6.477989582714299699e-01
9.618989780426370206e-01
-1.697277090293873858e+00
-2.621924305120539422e+00
4.144184469478415789e-01
-2.094612528158217746e+00
-3.058245427039815389e+00
-2.665763924595277778e+00
1.785517389038954184e+00
2.483889366391854647e+00
2.986603004184785748e-01
2.070858876687664996e+00
7.078212938195134196e-01
2.053890494046234361e-02
-9.535681237357115925e-02
-1.620442322711528327e+00
8.941022075392921487e-01
-2.057959765327509238e+00
1.205656142284421861e+00
9.860097464848209814e-01
3.749379693001703373e+00
-4.870968210779769159e-02
-1.030284352460821840e+00
-7.270623645420776215e-01
-2.728790123967800962e+00
-9.344431127417125449e-01
-2.012735546736401648e-01
-3.119726075808706867e+00
-3.647980938195525824e-01
2.305543570745163251e-01
9.105408563783617959e-01
-1.080174180996996025e+00
1.064754993674243311e+00
1.443700600139353529e+00
5.881308990165906581e-01
-7.572374995207764581e-01
2.648632161890037140e-01
-1.210715632877247039e+00
3.445765021379681992e-01
3.707281566708082732e-01
3.668259965129371913e+00
-7.768377651970233000e-01
8.906729586004111798e-01
8.690350708169332083e-01
-6.982823200614658443e-01
-3.396967591475930082e+00
-8.482557231460778890e-01
-4.707255064915460974e-01
-5.772852238011773052e-01
-1.023841745916360679e+00
-4.097568276139779142e-01
2.231731565688771790e-01
-2.794903574339432928e-01
-6.211439160135154847e-01
-1.051020522491408871e+00
-8.204370841649312185e-01
-2.320322271383576107e-01
-2.080338688923578871e+00
1.453026513282213772e+00
2.225907683473334231e+00
1.862755686422381318e+00
2.050245881897123201e+00
2.396717569693334493e+00
-5.039483565274397447e-01
-1.212037470834385955e+00
-9.807909882406187219e-01
-1.901428620931366886e-02
-1.127044212078478935e+00
-8.146289948442320128e-01
-9.394976706628541674e-01
1.158209342175922529e+00
6.344025436330016365e-01
1.563726803440795399e+00
2.506804015524433105e+00
-2.787513851496014272e+00
-5.399481368749992072e-01
-1.887878913653503909e+00
-3.272230234504831109e-02
1.527045555296518309e+00
2.156069130507654030e+00
7.522404130391224797e-01
2.064135544858623827e+00
1.351375734485374736e+00
-7.711634012240927705e-01
4.708010342533314185e-01
1.496000735547928784e-01
-1.571015142456648750e+00
-6.522449172566001652e-01
-3.208145735474736693e+00
5.142268622547336854e-01
1.615353052837251169e-01
1.223178832559776108e+00
9.143263896466730101e-01
-1.411007737187250921e+00
-2.399339275809382332e+00
-1.762309547225003437e+00
-1.479880557827602860e+00
-4.632317918817838720e-01
1.125458421604514925e+00
5.999020461402289062e-01
1.966174981850342451e+00
1.848721013038135297e+00
3.031705163413330073e+00
2.105829360434612774e+00
2.066713899990291203e+00
2.641725772442741205e-01
1.290400632917019230e-01
-2.489169812720515296e-03
-1.853445515592589521e+00
-1.065292606097372197e+00
-8.340966264956384268e-01
4.122116495327285413e-01
-4.009082341290033380e-01
-4.891864087752422763e-01
-5.385241340791346865e-01
-2.116687398871818004e+00
-3.178324298045575702e+00
-1.658041637237552823e-01
-1.491247213838677421e+00
1.326197206041366261e+00
1.943137324874855576e+00
6.238885696051039709e-01
4.316122728853589052e+00
2.287756335468528412e+00
1.328674852588906496e+00
4.260001942479316739e-01
3.587739942532590653e-01
-1.500116602996082626e+00
-3.310415845213132147e-01
1.088514375476593576e-01
-9.054552802191153660e-01
2.521564177472945367e+00
2.585138355703634483e-01
5.336739900088016686e-02
-1.056305206481730652e+00
-9.943040030596360657e-01
-8.798445733018019910e-01
2.945968881852516486e-01
-1.858391418578036358e+00
-2.381647208031850149e-01
1.244775832949162275e+00
8.417739089666109731e-01
2.215476089973315243e+00
-5.132240108101666642e-01
1.926659561694497036e-01
8.666364415776923735e-01
-1.121354652395546991e-01
-1.761005330429846527e+00
-7.049970492890729190e-01
2.502291176211580287e-02
8.842750991982712971e-01
6.294344917017682395e-01
3.164625983888985639e-02
1.103449753572966152e+00
-3.141041787507355743e+00
-4.845922511308220493e-03
-8.207770570100423324e-01
-7.158269977068212331e-01
-3.163077867962904577e+00
-5.880516187575779430e-01
1.344506161708192593e+00
8.519098543403063051e-01
2.178346596628874643e+00
1.741761520619431014e+00
1.320431484373938646e+00
-1.104630113900843646e+00
-8.602680987225392872e-01
-5.437614525629881346e-01
-1.337303528329480518e+00
1.250650457331053955e-01
5.757917946362465234e-01
1.837063669161491664e+00
4.364500491913063662e-01
2.128370190678102958e+00
-7.186471617655121324e-02
-1.778215521172183511e+00
6.255113399548966058e-01
-2.028614643999989475e+00
-2.866937774518659054e+00
-3.276663030502056984e+00
-9.624076601295121769e-01
2.558214757828080277e+00
1.122707999165274639e+00
1.977776160117149296e+00
1.614208244431377226e+00
6.363793443141263495e-01
6.390122395766368868e-01
3.439748972859926202e-01
4.814189056261514166e-01
-5.481516136776514170e-01
1.549182210733419884e+00
1.344732327663979987e-01
1.865857234392890085e+00
1.687258933217411938e+00
2.058989216101415831e+00
-1.821001178494149109e+00
-2.044669839621705343e+00
-1.743930102705105512e+00
-3.081332012762065808e+00
-2.564463804111682066e+00
7.928508110836856027e-01
1.217924458899146467e+00
-3.629865496984986950e-01
2.738952463137678262e-02
1.171123344945956601e+00
2.176255319446346093e+00
-6.807378421819110237e-01
-3.573320758646624240e-01
4.519644678441740449e-01
-2.659804210759403320e-02
1.014072338605806589e+00
9.854516178264549620e-01
-3.233706466532104695e-01
1.962614014811887575e+00
1.018941113200312554e+00
-1.940842213463986332e-01
-1.984899435366413112e+00
-6.017159044813615854e-01
-3.161910499616216619e+00
-3.569198847497114357e+00
-8.656456890427774997e-01
-1.561899240423606505e+00
1.102177569577404537e+00
-4.733914740683211608e-01
-4.627586959289020641e-01
-7.303013719194639819e-02
1.209415426103770900e-03
7.796059552610400400e-01
-3.241991347720856176e-01
-5.077307010435048173e-01
-9.476156838943561311e-01
-1.096441950196698656e+00
2.801819950620603183e+00
8.046411866634241017e-01
1.210555194836801629e+00
-6.260827106358110017e-01
4.680510942270261765e-01
-2.076041695603873194e+00
-8.327651640738080729e-01
-2.142511188732950878e+00
-2.904124306062934480e+00
-2.420081715517438781e+00
-6.572160003890255009e-01
2.226401593603093976e-01
2.688141352213028856e+00
1.425611561512825087e-01
7.301348609275295498e-01
5.680915543138724821e-01
-1.404527467859868928e+00
-2.093090068017478433e+00
3.831177404925398822e-01
7.841513993478926858e-01
1.295566311878291410e+00
2.692249281373364944e+00
5.216016516444317297e-01
2.667407976936616798e+00
2.233000711753963807e-01
1.400129409976133221e+00
-1.322953907428083165e+00
-1.346800209553917327e+00
-5.154393090312631154e-01
-6.982087906647900244e-01
-4.824586659789372733e-01
6.203440464041061198e-01
-9.533161502181629610e-01
7.189689842545748943e-01
-5.543434554480225485e-02
-2.782769007038914388e+00
-1.283883739993534112e+00
4.890721434032390125e-01
-1.070169893766123259e+00
1.824104629463883853e+00
2.830939865444420001e+00
1.702769027829349691e+00
2.908716802345025609e+00
-1.399749490063253443e-01
-5.844134943063914456e-01
-2.234651616319457690e-01
2.479997873214017656e-01
3.813446705460094011e-01
-5.094337580326676607e-01
3.228138146180867252e-01
-1.589312366846808988e+00
-9.280451851287577769e-01
-1.429501334993002581e+00
1.491808321953095595e-01
-4.250400999427236259e-01
-1.893237719981207157e+00
-2.131711278860834169e-01
7.262094192804020576e-01
-1.378429967069554563e+00
-8.541130966096508459e-01
-3.489537896298230534e-04
-1.264823428377775061e+00
-1.208210210463874335e+00
-5.566759300643390196e-01
-4.520514932221370019e-01
-9.339342949252951026e-03
-3.842049720420593895e-01
1.035992418479732002e+00
3.329775341267289801e-01
1.315975866355012514e+00
1.124167622798985411e+00
1.105492310177252024e+00
9.164792161031274365e-01
-1.103973696097945822e+00
-7.021588176312187901e-01
3.641532654767788424e-01
-5.995257621966487704e-01
4.044426181719865815e-02
-7.512188897171701019e-01
-4.320156194688767881e-01
-1.469182706668203720e+00
-5.204087658098498909e-02
-3.516454568249581802e-01
-2.823993038571630532e-01
2.879278464192374654e-01
1.127697381297620538e+00
1.672804133701624174e+00
1.061564843716348960e+00
1.767275072011535719e-01
-2.293155947438753728e+00
-8.419620345341682910e-01
1.416064721515071900e+00
8.328753803213125861e-01
8.574376296383603435e-01
-1.649685769518192568e+00
-1.410550211026622147e+00
1.308832741574203373e+00
-3.303643374952465184e-01
5.966751307840792440e-02
-3.745734731716464094e-01
-1.099209067219590441e+00
-1.360920958294098204e+00
-5.515968771572947738e-01
3.390530143367347926e-01
-4.694906250618174903e-01
7.078365460926919206e-02
-5.122458761316536213e-01
-7.374856224572017283e-01
-9.383013400436689133e-02
-1.072987224803646944e+00
2.850018737863906915e-01
1.377556559801002667e+00
4.770922886211432234e-01
-4.962567064908655207e-02
1.415022755150908251e+00
1.923092023420010843e+00
1.884022012078845065e-01
4.019432793885185928e-01
5.960888003321961337e-01
-3.764018364972923636e-01
-4.942618288669004545e-01
-2.175068660808691767e+00
-1.734897388337977242e+00
-1.764779363364584602e-02
-8.453594311020000696e-01
3.867070643539243791e-01
-1.719007738265582619e+00
-1.001232742652675922e+00
-8.260270063775979610e-01
3.494662805167507158e-01
-1.137780846977466398e+00
7.602302397554603353e-01
4.880604581004119868e-01
3.735436161832550450e-01
9.139653678364391132e-01
-2.763870281897178385e-02
1.922674540035034463e+00
-1.220046504081754746e+00
-2.510105955579448600e-01
1.029772695865145415e-01
-4.009437195034328272e-01
2.215953614202412769e-01
-8.623731880119391846e-01
6.711487618286521295e-01
-8.020933890644057485e-01
1.589156334428823758e+00
9.973949541792721113e-03
6.821744011043483491e-01
6.119802286352402643e-01
-1.570168866392256807e-02
-1.854943157005432830e-01
-3.784142915326525469e-01
-3.503246960179615122e-01
-4.529656437757800247e-01
3.849684126082557056e-01
1.319250906763115960e+00
7.684641346523386485e-01
-3.117048776085817874e-01
-1.540702508314446106e+00
-2.278710595549254148e+00
-5.011647582181380511e-02
-1.450151401339428991e-01
8.968866751136823634e-01
-8.170501140349495373e-01
7.222358852456274292e-01
-7.089953284892163143e-01
1.466613820374756072e+00
6.280019496071325147e-01
-4.320505065312872650e-02
-1.298573201456220350e+00
5.073477308185218027e-01
-1.438434566627815603e-01
-1.058221410683900299e+00
3.366896931202939536e-01
5.476312097859462602e-01
-1.500624215658295790e-01
-1.278126810912029621e+00
6.316514467200854410e-01
6.396546394810576075e-01
8.713040731298081765e-01
-2.459805673773214282e-02
3.189278847415948359e-01
2.268943029974402614e-01
3.529130925730783463e-01
8.563619415986912786e-01
1.923051960588283149e-01
-1.194927954214258931e-01
-4.078601332538834834e-01
8.867830492455782698e-01
6.158213849143292506e-01
2.267639202421606603e-01
4.072723987560630809e-02
-1.792182708594891871e-01
-2.105623088942229604e+00
4.443707722754722256e-01
-6.937872987442980088e-01
2.970600226356060469e-01
1.176193546211113938e+00
-2.619671024759400169e-01
-1.786662401114234022e-01
-1.760428115189676790e+00
-1.124390512632171824e+00
1.034105651729686270e+00
-1.041010346582556645e+00
6.108149772462502236e-01
-2.005591602761475634e-01
1.925989023573680070e+00
-6.912634779002052587e-01
2.037570126798608494e-01
-9.736400105438837160e-01
1.299237293698932483e+00
1.469881677939430586e+00
3.263062639425864941e-01
-1.685261106841334788e+00
1.082517349170843274e-01
-4.658142316406689853e-01
1.108221783744870015e+00
-2.946780386129481122e-01
1.111230154211203525e+00
8.687554783403432790e-01
7.316207838951933606e-01
-1.420064108863414443e-01
-2.640468793023701410e-01
8.745543675800637740e-01
6.011605692194050832e-01
-4.524333933111135408e-01
2.231466371103231427e+00
5.114408082984550630e-02
4.438633188168193688e-02
-1.067216866935965847e+00
-8.876737286558423756e-01
-9.789904340207536970e-01
-1.056881744783221971e-01
-9.670907892400582018e-01
-3.632265837429907857e-02
-2.232913273978353264e+00
-5.354840442379679155e-01
-4.193487107569922601e-01
-1.846765853807641689e+00
6.126361952966464797e-01
-7.953908772660653881e-01
-9.887852527993599983e-02
-5.473384746449840854e-01
1.230412354725524793e+00
8.956041455847645327e-01
2.312644690374770495e-01
-4.119981587380520671e-01
1.186016183948184421e+00
-1.226269786494892600e+00
4.757546104340957815e-01
-5.007091435885805408e-01
1.316993582985257705e+00
-1.547188869790114163e+00
7.049560578668339073e-01
-9.929736974810879913e-01
-3.552163115222340961e-01
-6.084811310636361048e-01
-4.112230980920331125e-01
-1.061948879234157816e+00
-1.193778116108259457e+00
-1.325117116377848570e+00
-7.837392234223165000e-01
-1.195795907759966914e+00
1.156238452813642681e+00
1.060809235177305077e+00
-2.425034587554009413e-01
-1.057699644103607811e-01
-4.500366436919576718e-01
1.012143766034668380e+00
4.352218737112544811e-01
5.538870150289161298e-01
-1.590752156203197876e+00
-6.589346377306837255e-01
1.588758976607224538e+00
1.325766308659763748e+00
-1.178824053228407776e+00
-5.693302264815429670e-01
-1.343436712040986469e+00
1.048138968967789131e+00
-1.167307257599013992e+00
5.888392904700981978e-01
-2.382893228278876174e-01
1.795311428648201257e+00
9.593169143692563683e-01
-7.476330249358742464e-02
-7.726266283089784359e-01
7.146827872852751229e-01
-3.824746180687262354e-01
1.615732296587131023e+00
-1.881759936760463436e-01
-4.292476669458276661e-01
3.645775621554488977e-01
2.798784360724375642e-01
-1.262973709935663047e+00
2.657108602695543720e-01
-1.050053332003821893e+00
-2.342584619825582581e-01
-1.711882949207932381e+00
-5.969201065766799319e-01
1.447543392847420840e+00
2.160802712448841145e+00
-1.878097290943538389e-01
-7.528308154086272852e-01
2.339374579134302079e-01
-1.019009646998314089e+00
1.417050230101206953e-01
-5.499898460530622257e-01
2.475546384377352860e-01
7.253430410242955872e-01
-6.171247284411932738e-02
-1.095082285773356423e+00
-1.224420699571739934e+00
-3.708280248468745488e-01
2.330228642783416793e-01
-1.075085927716733059e+00
5.055089046720468993e-01
-1.599106371334734433e+00
9.578028804997382739e-01
-1.249661529755159650e+00
-1.932514332571330096e+00
-6.517716449663171208e-01
-2.387718115610949488e-01
5.571309533490703680e-01
1.233340464030654449e+00
-9.495017047033990076e-01
1.032100338516610316e+00
3.270401344970259583e-01
-1.314922722858419712e+00
1.515797791297478048e+00
1.049378745344420327e+00
-1.352843253371005527e-01
2.914386394474988706e-01
1.280582515217006279e+00
-8.080032824892366961e-01
7.388463519967667370e-01
1.061250585358088916e+00
-1.437376065099937650e+00
9.545710621476335422e-01
-1.639416917591036471e+00
1.581549455324990028e+00
7.305196417959071153e-01
1.892771147760513140e+00
6.469950282915886142e-01
3.319115720239267930e-01
7.089761238178386993e-01
7.327052037411043717e-01
-7.030928129048653608e-01
-1.640510545362621475e-01
-7.676707849818027452e-01
-1.091837025536863459e+00
6.267567480418251291e-01
-1.101113381318697071e+00
-1.513895031294191451e+00
5.760122223059841451e-01
1.288882683349509728e+00
-5.292524815561233664e-01
-1.356453987122586101e-02
-2.225060601690116713e-01
1.175560754187220391e+00
6.573109412793594064e-01
1.927899055771957748e-01
4.012461090980450895e-01
-8.154880234292515295e-01
1.598672625220003640e+00
1.762960234795824255e-01
1.912480000192221807e-01
2.437820422681155286e+00
4.213279387330047532e-02
4.132516038154639970e-01
7.103392653858181527e-01
-1.453728625895223114e+00
1.450253518759179405e+00
-1.817266084315301899e+00
6.742644871605163459e-02
2.589173350635817439e+00
1.083983060477495153e+00
6.070454222287596791e-01
1.341533422693804933e+00
3.962874437087221535e-01
-1.741108168365214537e+00
-2.102330827598387908e-01
7.875958404969020110e-01
-2.923349641865619630e-01
3.068417072672943724e-01
-6.865427043366195692e-01
1.777109787232501459e+00
8.875808806412023300e-01
8.361295305365991082e-01
-4.724223389344794910e-01
-2.054732167659372610e+00
1.026922431920410661e-01
-4.034618811046742498e-02
1.290490009612702271e-01
-9.646329800041987534e-02
-1.627185600110967911e+00
-1.226227804622536666e-01
7.572389499547166336e-01
-1.357437879335217978e+00
-4.513915997392688693e-03
1.963304870629333232e-01
-1.629608948297685822e-01
-8.057652794436344079e-01
-7.406621809669425294e-02
5.501461163763398110e-01
6.616085671249337663e-01
-8.665914676617234580e-01
2.269356165594714203e-01
-1.840832584574625397e-01
1.058325325355718549e+00
-3.594594119345728145e-01
-1.428698740025529101e+00
2.079062913830696857e+00
-8.628476346057120105e-01
1.087946970650098377e+00
1.792110433694527494e+00
1.132169613267318242e+00
-3.070428434638273751e-01
-2.045921615584452624e+00
9.563129152141839340e-01
7.615791596124155127e-01
-2.983628836459065181e-01
-1.096293668358983453e+00
-4.979724402750594359e-01
8.855875808984293995e-02
-2.173397244582520482e+00
-5.530960179372070851e-01
-5.527427784667822142e-01
-1.006340979680031833e-01
-9.215225194807494247e-02
4.991386984967733920e-01
2.085514194136627586e-01
-1.970696760369286260e-01
-5.338422354117522417e-01
-9.526933656977163434e-01
1.207580074250966806e+00
-1.054834066893762801e+00
-1.252570988221784365e+00
-1.228379888901517614e+00
-2.136643040853031028e+00
-3.618108544805577198e-01
1.410377646212764846e-01
-4.458265092539362429e-01
-8.721260289791125109e-01
6.075118690347465211e-01
1.517722913501917403e-01
-2.054343174189487531e+00
-8.785552741165475465e-01
1.611527416954071645e+00
7.232863810901456469e-01
-6.690093248335248211e-01
-3.140737121727971148e-01
2.233167423307837129e+00
7.933657310192360201e-01
-2.091469626273599891e-01
7.681269090627529383e-01
1.590301167617875100e+00
-4.893601979912605704e-01
1.713324432010476794e+00
4.185795765793518669e-02
-3.461629536327333057e-01
1.035412044924215902e+00
1.141386957575800221e+00
1.262640629717791230e+00
-2.176139980353740899e+00
2.828966728186299573e+00
-6.760241956030877963e-01
1.047736894385193906e+00
8.812925275743028752e-01
6.376163291738898842e-01
-6.626231682728552785e-01
-1.605403927885734383e+00
5.327667250891945372e-01
-8.882733212951684498e-01
-1.688106230650115447e-01
-6.018017486059007437e-01
7.612649445301675755e-01
2.849171531795254009e-02
-4.498033034080679560e-01
-2.794933348483254143e+00
7.918940992593589412e-01
2.018665211690912065e-02
-1.151488974548494193e+00
3.201405013117734621e-01
1.497381030380836364e+00
-6.070973374659877075e-01
-1.415284741378056488e+00
-1.231519488819510899e+00
-2.285317882754531738e+00
7.084903873973171784e-01
1.442197691167156570e+00
1.998708092154882543e+00
1.175211735230607957e+00
-2.749763407521651493e-01
2.058436189503498326e-01
-4.609358722414166332e-01
-1.944247990753408040e+00
7.147800290619303887e-01
8.947919279982575747e-01
-7.457156970652165651e-01
1.880870898932187618e+00
1.296549716802611218e+00
3.187233586506189598e-01
-6.366691741566198326e-01
5.595886307714758034e-01
-6.119246310657331378e-01
-2.012793406354420167e+00
-2.504305745730624810e+00
2.540333300644583847e-01
8.917913621345867348e-02
-1.592018520775647164e-02
8.895445316143715253e-01
-6.423950525578648874e-01
4.479532042380995893e-01
1.726962635100199872e+00
-6.731320461589979098e-01
-1.244761876065711981e+00
-7.624860913865075807e-01
3.043365637057410922e+00
-1.628272260204973954e+00
-1.886823312442368339e-01
-1.997954122781556263e+00
9.347641397940970043e-01
-1.006758884325587911e+00
-7.681935356662474845e-01
-1.011225032068604479e+00
-1.695528791332205687e+00
-1.858327827375510832e+00
-2.263036063123853026e-01
-2.196549228584824043e+00
-4.911907804564513702e-01
-2.274547002533345297e-01
-7.347257307145591554e-01
-2.279885859348743105e-02
-2.839052812097543343e-01
-1.585253181340118500e+00
-3.648272905140071548e-02
-1.087317398579032535e+00
-3.498370524036680251e+00
7.123387278664961020e-01
6.045718153506999919e-03
-7.806776784650820700e-01
-1.992257737053775513e+00
3.859391046159305061e-01
3.223801402062836940e-01
9.577458827512711492e-01
-2.124363206610554722e-01
3.529905038302662001e-01
1.449542166252932862e+00
1.872740307267397875e-01
-1.760803768519877632e+00
1.467179936321022782e-01
-1.060614397386635765e+00
-6.095488121412007132e-01
-1.984334786565062236e+00
-1.100665764219658227e+00
-3.122714977042966300e-01
2.787725572048992961e-01
-4.052294132307536212e-01
-3.034364761078818806e-01
2.592045483822772445e-01
8.013266827606572162e-01
1.540779706875542221e+00
1.563645071100468575e+00
-3.785329891366715493e-01
-1.057907452851593266e+00
-1.498712963247114782e+00
1.910039912108515703e-01
5.254987901059410271e-01
1.964199530671808802e-01
3.776627802822632995e-01
7.880086172627598362e-01
1.373222273964445628e-01
9.239716279742429261e-01
-4.491189269692082431e-01
1.030597730540700363e+00
-1.473757557168485777e+00
-4.211416770289948264e-02
-1.186228459605601082e-01
-6.730270983613476088e-02
-1.625264988397014054e+00
4.548471138564431082e-01
3.549314016763951418e-01
2.155542936206827562e-02
6.203432411597206153e-01
7.971627762892455893e-01
-2.516852349881694373e+00
-2.007840787675116534e+00
7.091658108453557929e-01
-1.716730518717281273e-01
-6.227897855298196728e-01
8.917866186801948203e-01
-2.245649149850372506e-01
-4.494927508452406517e-02
1.130037487194783585e+00
-1.607253152693478848e-01
7.393310259328238487e-01
1.259221896699256327e+00
2.129715969874683701e+00
-2.239963107998755198e+00
-1.552586432231115809e+00
1.035192554044605195e+00
-1.050095113087529675e-01
-1.084292357005741003e+00
-1.714403181572408341e+00
8.159172171497621751e-01
1.411232180514209844e+00
5.143997568602109993e-01
-6.112643846140999315e-01
-1.606797886762366401e-01
-2.194763055972882793e+00
1.475911950735518119e-01
-7.066001381305534457e-01
7.496151748033094142e-01
-9.256662757006023368e-01
-2.736783039961241393e-01
7.870984736228338052e-01
1.552517638255196675e-01
8.638461097088767637e-01
5.555342311121935772e-01
1.990455067926798050e+00
7.369134418886865712e-01
1.140124661899479142e+00
1.755295669371193246e-01
-1.203642113535594360e+00
3.061362339684016165e-01
-1.072941692290316773e+00
2.931981404986880313e-01
-1.756422900249851482e+00
4.346401301571399811e-01
-2.283384545789768794e+00
-3.446800061646670410e-01
1.212336456338432678e+00
-6.660729132864313673e-01
9.922116383313623889e-01
1.165055037311901964e+00
-4.113399038556828091e-01
-6.895533299531642069e-01
1.024895284833327258e+00
8.452000016445256891e-01
1.615708145200001722e+00
1.020206075567282156e+00
7.689261307359892550e-01
-9.300726506071483879e-01
-5.370734906952780996e-01
